{"type": "FeatureCollection", "calibration": {"version": "v2569-r2-3y", "generated_at": "2026-09-30T02:49:08+00:00", "recalibration_policy": "ทุก 6 เดือน", "source": "accident2023-2025.xlsx", "events_total": 14101, "events_with_coords": 13525, "dbscan": {"eps_m": 200, "min_samples": 3, "passes": 2, "second_pass_split_by": "road"}, "scoring_method": "severity_index", "si_formula": "(F + PI) / Total Accident", "cost_per_person_thb": {"death": 6700000, "serious": 2000000, "minor": 58000}, "epdo_weights_million_per_person": {"fatal": 6.7, "serious": 2.0, "minor": 0.058}, "level_breaks": [1.0, 2.0], "level_break_method": "fixed_si_cutoff", "marker_position": "medoid", "road_label_fill": {"max_borrow_dist_m": 2000, "by_source": {"record": 443, "nearest_road": 187, "route_ref": 0, "unknown": 0}}, "risk_points": 13525, "analysis_units": 630, "zones": 630, "core_clusters": 630, "noise_points": 2303, "noise_excluded_from_levels": true, "overall": {"risk_points": 13525, "deaths": 691, "serious_injury": 623, "minor_injury": 7061, "epdo_total_million": 6285.24}, "excluded_noise": {"risk_points": 2303, "deaths": 382, "serious_injury": 321, "minor_injury": 1300, "epdo_total_million": 3276.8}, "events_in_clusters": 11222, "largest_cluster_events": 918, "levels": {"high": 27, "medium": 131, "low": 472}, "si_stats": {"mean": 0.672, "median": 0.5395, "sd": 0.6444, "min": 0.0, "max": 5.25}, "epdo_total_million": 3008.44, "epdo_by_level": {"low": {"points": 472, "epdo_total_million": 2212.15, "epdo_mean_million": 4.69}, "medium": {"points": 131, "epdo_total_million": 584.12, "epdo_mean_million": 4.46}, "high": {"points": 27, "epdo_total_million": 212.17, "epdo_mean_million": 7.86}}, "by_province": {"กรุงเทพมหานคร": {"points": 283, "low_pct": 74.2, "medium_pct": 23.0, "high_pct": 2.8}, "นนทบุรี": {"points": 36, "low_pct": 80.6, "medium_pct": 19.4, "high_pct": 0.0}, "ปทุมธานี": {"points": 78, "low_pct": 73.1, "medium_pct": 20.5, "high_pct": 6.4}, "สมุทรปราการ": {"points": 144, "low_pct": 77.1, "medium_pct": 18.1, "high_pct": 4.9}, "นครปฐม": {"points": 24, "low_pct": 58.3, "medium_pct": 25.0, "high_pct": 16.7}, "สมุทรสาคร": {"points": 65, "low_pct": 78.5, "medium_pct": 16.9, "high_pct": 4.6}}, "marker_snapped_to_road": true, "marker_snap_max_m": 30.0}, "features": [{"type": "Feature", "geometry": {"type": "Point", "coordinates": [100.469606, 13.788099]}, "properties": {"id": "zone_0", "unit_type": "cluster", "centroid": [13.787881, 100.469435], "radius_m": 288.4, "province": "กรุงเทพมหานคร", "road": "บางพลัด - บางบำหรุ", "route_code": "341", "km_min": 0.02, "km_max": 0.342, "accident_count": 19, "deaths": 1, "serious_injury": 1, "minor_injury": 13, "fatal_crashes": 1, "injured_total": 14, "severity_index": 0.7895, "level": "low", "economic_loss": 9454000, "epdo_million": 9.454, "single_count": 5, "multi_count": 14, "single_pct": 26.3, "multi_pct": 73.7, "pattern": "multiple", "top_cause": "ขับรถเร็วเกินอัตราที่กำหนด", "road_feature": "ทางตรง+ไม่มีความลาดชัน", "crash_pattern": "ชนท้าย", "road_type": "ทางหลวง", "speed_limit": 90, "road_label": "บางพลัด - บางบำหรุ", "road_label_source": "record", "road_ref": "ทล.341 กม.0-0.3", "medoid_raw": [100.469609, 13.788087], "snap_distance_m": 1.37}}, {"type": "Feature", "geometry": {"type": "Point", "coordinates": [100.409883, 13.788179]}, "properties": {"id": "zone_1", "unit_type": "cluster", "centroid": [13.788296, 100.409652], "radius_m": 266.3, "province": "กรุงเทพมหานคร", "road": "บางแค - คลองมหาสวัสดิ์", "route_code": "9", "km_min": 31.1, "km_max": 31.75, "accident_count": 16, "deaths": 0, "serious_injury": 1, "minor_injury": 9, "fatal_crashes": 0, "injured_total": 10, "severity_index": 0.625, "level": "low", "economic_loss": 2522000, "epdo_million": 2.522, "single_count": 2, "multi_count": 14, "single_pct": 12.5, "multi_pct": 87.5, "pattern": "multiple", "top_cause": "ขับรถเร็วเกินอัตราที่กำหนด", "road_feature": "ทางตรง+ที่ราบ", "crash_pattern": "ชนท้าย", "road_type": "ทางหลวง", "speed_limit": 90, "road_label": "บางแค - คลองมหาสวัสดิ์", "road_label_source": "record", "road_ref": "ทล.9 กม.31.1-31.8", "medoid_raw": [100.409841, 13.788182], "snap_distance_m": 4.55}}, {"type": "Feature", "geometry": {"type": "Point", "coordinates": [100.405942, 13.73591]}, "properties": {"id": "zone_2", "unit_type": "cluster", "centroid": [13.735549, 100.405868], "radius_m": 2682.3, "province": "กรุงเทพมหานคร", "road": "บางแค - คลองมหาสวัสดิ์", "route_code": "9", "km_min": 23.3, "km_max": 29.15, "accident_count": 122, "deaths": 4, "serious_injury": 3, "minor_injury": 63, "fatal_crashes": 4, "injured_total": 66, "severity_index": 0.5738, "level": "low", "economic_loss": 36454000, "epdo_million": 36.454, "single_count": 24, "multi_count": 98, "single_pct": 19.7, "multi_pct": 80.3, "pattern": "multiple", "top_cause": "ขับรถเร็วเกินอัตรากำหนด", "road_feature": "ทางตรง+ไม่มีความลาดชัน", "crash_pattern": "ชนท้าย", "road_type": "ทางหลวง", "speed_limit": 90, "road_label": "บางแค - คลองมหาสวัสดิ์", "road_label_source": "record", "road_ref": "ทล.9 กม.23.3-29.1", "medoid_raw": [100.405971, 13.73591], "snap_distance_m": 3.13}}, {"type": "Feature", "geometry": {"type": "Point", "coordinates": [100.407687, 13.768276]}, "properties": {"id": "zone_3", "unit_type": "cluster", "centroid": [13.768202, 100.407458], "radius_m": 798.9, "province": "กรุงเทพมหานคร", "road": "บางแค - คลองมหาสวัสดิ์", "route_code": "9", "km_min": 28.8, "km_max": 30.997, "accident_count": 56, "deaths": 3, "serious_injury": 1, "minor_injury": 28, "fatal_crashes": 3, "injured_total": 29, "severity_index": 0.5714, "level": "low", "economic_loss": 23724000, "epdo_million": 23.724, "single_count": 19, "multi_count": 37, "single_pct": 33.9, "multi_pct": 66.1, "pattern": "multiple", "top_cause": "ขับรถเร็วเกินอัตราที่กำหนด", "road_feature": "ทางตรง+ที่ราบ", "crash_pattern": "ชนท้าย", "road_type": "ทางหลวง", "speed_limit": 90, "road_label": "บางแค - คลองมหาสวัสดิ์", "road_label_source": "record", "road_ref": "ทล.9 กม.28.8-31", "medoid_raw": [100.407699, 13.768275], "snap_distance_m": 1.3}}, {"type": "Feature", "geometry": {"type": "Point", "coordinates": [100.408752, 13.779019]}, "properties": {"id": "zone_4", "unit_type": "cluster", "centroid": [13.779161, 100.408848], "radius_m": 582.8, "province": "กรุงเทพมหานคร", "road": "บางแค - คลองมหาสวัสดิ์", "route_code": "3902", "km_min": 30.056, "km_max": 31.2, "accident_count": 25, "deaths": 1, "serious_injury": 0, "minor_injury": 11, "fatal_crashes": 1, "injured_total": 11, "severity_index": 0.48, "level": "low", "economic_loss": 7338000, "epdo_million": 7.338, "single_count": 7, "multi_count": 18, "single_pct": 28.0, "multi_pct": 72.0, "pattern": "multiple", "top_cause": "ขับรถเร็วเกินอัตรากำหนด", "road_feature": "ทางตรง+ไม่มีความลาดชัน", "crash_pattern": "ชนท้าย", "road_type": "ทางหลวง", "speed_limit": 90, "road_label": "บางแค - คลองมหาสวัสดิ์", "road_label_source": "record", "road_ref": "ทล.3902 กม.30.1-31.2", "medoid_raw": [100.408788, 13.779017], "snap_distance_m": 3.89}}, {"type": "Feature", "geometry": {"type": "Point", "coordinates": [100.412717, 13.782445]}, "properties": {"id": "zone_5", "unit_type": "cluster", "centroid": [13.782683, 100.412575], "radius_m": 2234.3, "province": "กรุงเทพมหานคร", "road": "อรุณอมรินทร์ - พุทธมณฑลสาย 4", "route_code": "338", "km_min": 4.18, "km_max": 8.377, "accident_count": 114, "deaths": 3, "serious_injury": 2, "minor_injury": 75, "fatal_crashes": 3, "injured_total": 77, "severity_index": 0.7018, "level": "low", "economic_loss": 28450000, "epdo_million": 28.45, "single_count": 13, "multi_count": 101, "single_pct": 11.4, "multi_pct": 88.6, "pattern": "multiple", "top_cause": "ขับรถเร็วเกินอัตราที่กำหนด", "road_feature": "ทางตรง+ที่ราบ", "crash_pattern": "ชนท้าย", "road_type": "ทางหลวง", "speed_limit": 90, "road_label": "อรุณอมรินทร์ - พุทธมณฑลสาย 4", "road_label_source": "record", "road_ref": "ทล.338 กม.4.2-8.4", "medoid_raw": [100.412723, 13.782499], "snap_distance_m": 6.04}}, {"type": "Feature", "geometry": {"type": "Point", "coordinates": [100.36664, 13.787295]}, "properties": {"id": "zone_6", "unit_type": "cluster", "centroid": [13.787337, 100.366748], "radius_m": 1066.5, "province": "กรุงเทพมหานคร", "road": "อรุณอมรินทร์ - พุทธมณฑลสาย 4", "route_code": "338", "km_min": 10.59, "km_max": 12.55, "accident_count": 94, "deaths": 0, "serious_injury": 3, "minor_injury": 48, "fatal_crashes": 0, "injured_total": 51, "severity_index": 0.5426, "level": "low", "economic_loss": 8784000, "epdo_million": 8.784, "single_count": 8, "multi_count": 86, "single_pct": 8.5, "multi_pct": 91.5, "pattern": "multiple", "top_cause": "ขับรถเร็วเกินอัตราที่กำหนด", "road_feature": "ทางตรง+ที่ราบ", "crash_pattern": "ชนท้าย", "road_type": "ทางหลวง", "speed_limit": 90, "road_label": "อรุณอมรินทร์ - พุทธมณฑลสาย 4", "road_label_source": "record", "road_ref": "ทล.338 กม.10.6-12.6", "medoid_raw": [100.366646, 13.787358], "snap_distance_m": 7.04}}, {"type": "Feature", "geometry": {"type": "Point", "coordinates": [100.46417, 13.786276]}, "properties": {"id": "zone_7", "unit_type": "cluster", "centroid": [13.786172, 100.463864], "radius_m": 557.6, "province": "กรุงเทพมหานคร", "road": "อรุณอมรินทร์ - พุทธมณฑลสาย 4", "route_code": "338", "km_min": 0.05, "km_max": 1.23, "accident_count": 25, "deaths": 1, "serious_injury": 1, "minor_injury": 14, "fatal_crashes": 1, "injured_total": 15, "severity_index": 0.64, "level": "low", "economic_loss": 9512000, "epdo_million": 9.512, "single_count": 5, "multi_count": 20, "single_pct": 20.0, "multi_pct": 80.0, "pattern": "multiple", "top_cause": "ขับรถเร็วเกินอัตราที่กำหนด", "road_feature": "ทางตรง+ที่ราบ", "crash_pattern": "ชนท้าย", "road_type": "ทางหลวง", "speed_limit": 90, "road_label": "อรุณอมรินทร์ - พุทธมณฑลสาย 4", "road_label_source": "record", "road_ref": "ทล.338 กม.0.1-1.2", "medoid_raw": [100.464176, 13.786255], "snap_distance_m": 2.42}}, {"type": "Feature", "geometry": {"type": "Point", "coordinates": [100.444894, 13.780583]}, "properties": {"id": "zone_8", "unit_type": "cluster", "centroid": [13.780724, 100.444935], "radius_m": 466.6, "province": "กรุงเทพมหานคร", "road": "อรุณอมรินทร์ - พุทธมณฑลสาย 4", "route_code": "338", "km_min": 2.455, "km_max": 3.372, "accident_count": 35, "deaths": 0, "serious_injury": 0, "minor_injury": 10, "fatal_crashes": 0, "injured_total": 10, "severity_index": 0.2857, "level": "low", "economic_loss": 580000, "epdo_million": 0.58, "single_count": 2, "multi_count": 33, "single_pct": 5.7, "multi_pct": 94.3, "pattern": "multiple", "top_cause": "ขับรถเร็วเกินอัตราที่กำหนด", "road_feature": "ทางตรง+ที่ราบ", "crash_pattern": "ชนท้าย", "road_type": "ทางหลวง", "speed_limit": 90, "road_label": "อรุณอมรินทร์ - พุทธมณฑลสาย 4", "road_label_source": "record", "road_ref": "ทล.338 กม.2.5-3.4", "medoid_raw": [100.444891, 13.780593], "snap_distance_m": 1.16}}, {"type": "Feature", "geometry": {"type": "Point", "coordinates": [100.385295, 13.785238]}, "properties": {"id": "zone_9", "unit_type": "cluster", "centroid": [13.785441, 100.385337], "radius_m": 897.1, "province": "กรุงเทพมหานคร", "road": "อรุณอมรินทร์ - พุทธมณฑลสาย 4", "route_code": "338", "km_min": 8.29, "km_max": 10.305, "accident_count": 43, "deaths": 1, "serious_injury": 0, "minor_injury": 19, "fatal_crashes": 1, "injured_total": 19, "severity_index": 0.4651, "level": "low", "economic_loss": 7802000, "epdo_million": 7.802, "single_count": 5, "multi_count": 38, "single_pct": 11.6, "multi_pct": 88.4, "pattern": "multiple", "top_cause": "ขับรถเร็วเกินอัตราที่กำหนด", "road_feature": "ทางตรง+ที่ราบ", "crash_pattern": "ชนท้าย", "road_type": "ทางหลวง", "speed_limit": 90, "road_label": "อรุณอมรินทร์ - พุทธมณฑลสาย 4", "road_label_source": "record", "road_ref": "ทล.338 กม.8.3-10.3", "medoid_raw": [100.385296, 13.785248], "snap_distance_m": 1.12}}, {"type": "Feature", "geometry": {"type": "Point", "coordinates": [100.452513, 13.782969]}, "properties": {"id": "zone_10", "unit_type": "cluster", "centroid": [13.782891, 100.4523], "radius_m": 110.6, "province": "กรุงเทพมหานคร", "road": "อรุณอมรินทร์ - พุทธมณฑลสาย 4", "route_code": "338", "km_min": 1.958, "km_max": 2.2, "accident_count": 8, "deaths": 0, "serious_injury": 0, "minor_injury": 4, "fatal_crashes": 0, "injured_total": 4, "severity_index": 0.5, "level": "low", "economic_loss": 232000, "epdo_million": 0.232, "single_count": 2, "multi_count": 6, "single_pct": 25.0, "multi_pct": 75.0, "pattern": "multiple", "top_cause": "ขับรถเร็วเกินอัตราที่กำหนด", "road_feature": "ทางตรง+ที่ราบ", "crash_pattern": "ชนท้าย", "road_type": "ทางหลวง", "speed_limit": 90, "road_label": "อรุณอมรินทร์ - พุทธมณฑลสาย 4", "road_label_source": "record", "road_ref": "ทล.338 กม.2-2.2", "medoid_raw": [100.452514, 13.782965], "snap_distance_m": 0.46}}, {"type": "Feature", "geometry": {"type": "Point", "coordinates": [100.349488, 13.788534]}, "properties": {"id": "zone_11", "unit_type": "cluster", "centroid": [13.788488, 100.349475], "radius_m": 90.0, "province": "กรุงเทพมหานคร", "road": "อรุณอมรินทร์ - พุทธมณฑลสาย 4", "route_code": "338", "km_min": 13.29, "km_max": 13.45, "accident_count": 8, "deaths": 0, "serious_injury": 0, "minor_injury": 1, "fatal_crashes": 0, "injured_total": 1, "severity_index": 0.125, "level": "low", "economic_loss": 58000, "epdo_million": 0.058, "single_count": 0, "multi_count": 8, "single_pct": 0.0, "multi_pct": 100.0, "pattern": "multiple", "top_cause": "ขับรถเร็วเกินอัตราที่กำหนด", "road_feature": "ทางตรง+ที่ราบ", "crash_pattern": "ชนท้าย", "road_type": "ทางหลวง", "speed_limit": 90, "road_label": "อรุณอมรินทร์ - พุทธมณฑลสาย 4", "road_label_source": "record", "road_ref": "ทล.338 กม.13.3-13.4", "medoid_raw": [100.34949, 13.788481], "snap_distance_m": 5.9}}, {"type": "Feature", "geometry": {"type": "Point", "coordinates": [100.336781, 13.787797]}, "properties": {"id": "zone_12", "unit_type": "cluster", "centroid": [13.787938, 100.336682], "radius_m": 338.1, "province": "กรุงเทพมหานคร", "road": "อรุณอมรินทร์ - พุทธมณฑลสาย 4", "route_code": "338", "km_min": 14.5, "km_max": 15.0, "accident_count": 18, "deaths": 0, "serious_injury": 0, "minor_injury": 14, "fatal_crashes": 0, "injured_total": 14, "severity_index": 0.7778, "level": "low", "economic_loss": 812000, "epdo_million": 0.812, "single_count": 0, "multi_count": 18, "single_pct": 0.0, "multi_pct": 100.0, "pattern": "multiple", "top_cause": "ขับรถเร็วเกินอัตราที่กำหนด", "road_feature": "ทางตรง+ที่ราบ", "crash_pattern": "ชนท้าย", "road_type": "ทางหลวง", "speed_limit": 90, "road_label": "อรุณอมรินทร์ - พุทธมณฑลสาย 4", "road_label_source": "record", "road_ref": "ทล.338 กม.14.5-15", "medoid_raw": [100.336778, 13.787861], "snap_distance_m": 7.12}}, {"type": "Feature", "geometry": {"type": "Point", "coordinates": [100.342726, 13.788287]}, "properties": {"id": "zone_13", "unit_type": "cluster", "centroid": [13.788236, 100.342743], "radius_m": 210.3, "province": "กรุงเทพมหานคร", "road": "อรุณอมรินทร์ - พุทธมณฑลสาย 4", "route_code": "338", "km_min": 13.84, "km_max": 14.32, "accident_count": 15, "deaths": 0, "serious_injury": 0, "minor_injury": 6, "fatal_crashes": 0, "injured_total": 6, "severity_index": 0.4, "level": "low", "economic_loss": 348000, "epdo_million": 0.348, "single_count": 1, "multi_count": 14, "single_pct": 6.7, "multi_pct": 93.3, "pattern": "multiple", "top_cause": "ขับรถเร็วเกินอัตราที่กำหนด", "road_feature": "ทางตรง+ที่ราบ", "crash_pattern": "ชนท้าย", "road_type": "ทางหลวง", "speed_limit": 90, "road_label": "อรุณอมรินทร์ - พุทธมณฑลสาย 4", "road_label_source": "record", "road_ref": "ทล.338 กม.13.8-14.3", "medoid_raw": [100.342728, 13.788235], "snap_distance_m": 5.79}}, {"type": "Feature", "geometry": {"type": "Point", "coordinates": [100.437961, 13.780258]}, "properties": {"id": "zone_14", "unit_type": "cluster", "centroid": [13.780166, 100.437799], "radius_m": 259.0, "province": "กรุงเทพมหานคร", "road": "อรุณอมรินทร์ - พุทธมณฑลสาย 4", "route_code": "338", "km_min": 3.58, "km_max": 3.9, "accident_count": 8, "deaths": 0, "serious_injury": 0, "minor_injury": 2, "fatal_crashes": 0, "injured_total": 2, "severity_index": 0.25, "level": "low", "economic_loss": 116000, "epdo_million": 0.116, "single_count": 0, "multi_count": 8, "single_pct": 0.0, "multi_pct": 100.0, "pattern": "multiple", "top_cause": "ขับรถเร็วเกินอัตราที่กำหนด", "road_feature": "ทางตรง+ที่ราบ", "crash_pattern": "ชนท้าย", "road_type": "ทางหลวง", "speed_limit": 90, "road_label": "อรุณอมรินทร์ - พุทธมณฑลสาย 4", "road_label_source": "record", "road_ref": "ทล.338 กม.3.6-3.9", "medoid_raw": [100.437957, 13.78022], "snap_distance_m": 4.25}}, {"type": "Feature", "geometry": {"type": "Point", "coordinates": [100.455828, 13.783963]}, "properties": {"id": "zone_15", "unit_type": "cluster", "centroid": [13.78407, 100.456239], "radius_m": 184.1, "province": "กรุงเทพมหานคร", "road": "อรุณอมรินทร์ - พุทธมณฑลสาย 4", "route_code": "338", "km_min": 1.49, "km_max": 1.715, "accident_count": 11, "deaths": 0, "serious_injury": 1, "minor_injury": 5, "fatal_crashes": 0, "injured_total": 6, "severity_index": 0.5455, "level": "low", "economic_loss": 2290000, "epdo_million": 2.29, "single_count": 1, "multi_count": 10, "single_pct": 9.1, "multi_pct": 90.9, "pattern": "multiple", "top_cause": "ขับรถเร็วเกินอัตราที่กำหนด", "road_feature": "ทางตรง+ที่ราบ", "crash_pattern": "ชนท้าย", "road_type": "ทางหลวง", "speed_limit": 90, "road_label": "อรุณอมรินทร์ - พุทธมณฑลสาย 4", "road_label_source": "record", "road_ref": "ทล.338 กม.1.5-1.7", "medoid_raw": [100.455832, 13.78395], "snap_distance_m": 1.51}}, {"type": "Feature", "geometry": {"type": "Point", "coordinates": [100.396776, 13.784491]}, "properties": {"id": "zone_16", "unit_type": "cluster", "centroid": [13.784988, 100.396942], "radius_m": 7884.4, "province": "กรุงเทพมหานคร", "road": "อรุณอมรินทร์ - พุทธมณฑลสาย4", "route_code": "338", "km_min": 0.01, "km_max": 15.1, "accident_count": 918, "deaths": 18, "serious_injury": 26, "minor_injury": 581, "fatal_crashes": 18, "injured_total": 607, "severity_index": 0.6808, "level": "low", "economic_loss": 206298000, "epdo_million": 206.298, "single_count": 100, "multi_count": 818, "single_pct": 10.9, "multi_pct": 89.1, "pattern": "multiple", "top_cause": "ขับรถเร็วเกินอัตรากำหนด", "road_feature": "ทางตรง+ไม่มีความลาดชัน", "crash_pattern": "ชนท้าย", "road_type": "ทางหลวง", "speed_limit": 90, "road_label": "อรุณอมรินทร์ - พุทธมณฑลสาย4", "road_label_source": "record", "road_ref": "ทล.338 กม.0-15.1", "medoid_raw": [100.396779, 13.78452], "snap_distance_m": 3.24}}, {"type": "Feature", "geometry": {"type": "Point", "coordinates": [100.400638, 13.783829]}, "properties": {"id": "zone_17", "unit_type": "cluster", "centroid": [13.783904, 100.400474], "radius_m": 663.3, "province": "กรุงเทพมหานคร", "road": "ไม่ระบุ", "route_code": "338", "km_min": 7.038, "km_max": 8.4, "accident_count": 72, "deaths": 0, "serious_injury": 1, "minor_injury": 39, "fatal_crashes": 0, "injured_total": 40, "severity_index": 0.5556, "level": "low", "economic_loss": 4262000, "epdo_million": 4.262, "single_count": 3, "multi_count": 69, "single_pct": 4.2, "multi_pct": 95.8, "pattern": "multiple", "top_cause": "ขับรถเร็วเกินอัตรากำหนด", "road_feature": "ทางตรง+ไม่มีความลาดชัน", "crash_pattern": "ชนท้าย", "road_type": "ทางหลวง", "speed_limit": 90, "road_label": "อรุณอมรินทร์ - พุทธมณฑลสาย 4", "road_label_source": "nearest_road", "road_ref": "ทล.338 กม.7-8.4", "medoid_raw": [100.400641, 13.783859], "snap_distance_m": 3.35}}, {"type": "Feature", "geometry": {"type": "Point", "coordinates": [100.409651, 13.787243]}, "properties": {"id": "zone_18", "unit_type": "cluster", "centroid": [13.787583, 100.409732], "radius_m": 317.9, "province": "กรุงเทพมหานคร", "road": "ไม่ระบุ", "route_code": "9", "km_min": 30.056, "km_max": 31.7, "accident_count": 15, "deaths": 0, "serious_injury": 0, "minor_injury": 8, "fatal_crashes": 0, "injured_total": 8, "severity_index": 0.5333, "level": "low", "economic_loss": 464000, "epdo_million": 0.464, "single_count": 2, "multi_count": 13, "single_pct": 13.3, "multi_pct": 86.7, "pattern": "multiple", "top_cause": "ขับรถเร็วเกินอัตรากำหนด", "road_feature": "ทางตรง+ไม่มีความลาดชัน", "crash_pattern": "ชนท้าย", "road_type": "ทางหลวง", "speed_limit": 90, "road_label": "บางแค - คลองมหาสวัสดิ์", "road_label_source": "nearest_road", "road_ref": "ทล.9 กม.30.1-31.7", "medoid_raw": [100.409571, 13.787249], "snap_distance_m": 8.67}}, {"type": "Feature", "geometry": {"type": "Point", "coordinates": [100.405793, 13.729343]}, "properties": {"id": "zone_19", "unit_type": "cluster", "centroid": [13.729481, 100.405859], "radius_m": 559.0, "province": "กรุงเทพมหานคร", "road": "ไม่ระบุ", "route_code": "9", "km_min": 25.0, "km_max": 26.3, "accident_count": 19, "deaths": 0, "serious_injury": 1, "minor_injury": 9, "fatal_crashes": 0, "injured_total": 10, "severity_index": 0.5263, "level": "low", "economic_loss": 2522000, "epdo_million": 2.522, "single_count": 6, "multi_count": 13, "single_pct": 31.6, "multi_pct": 68.4, "pattern": "multiple", "top_cause": "ขับรถเร็วเกินอัตรากำหนด", "road_feature": "ทางตรง+ไม่มีความลาดชัน", "crash_pattern": "ชนท้าย", "road_type": "ทางหลวง", "speed_limit": 90, "road_label": "บางแค - คลองมหาสวัสดิ์", "road_label_source": "nearest_road", "road_ref": "ทล.9 กม.25-26.3", "medoid_raw": [100.405875, 13.729341], "snap_distance_m": 8.86}}, {"type": "Feature", "geometry": {"type": "Point", "coordinates": [100.439952, 13.780055]}, "properties": {"id": "zone_20", "unit_type": "cluster", "centroid": [13.782669, 100.440596], "radius_m": 3617.3, "province": "กรุงเทพมหานคร", "road": "ไม่ระบุ", "route_code": "338", "km_min": 0.002, "km_max": 31.4, "accident_count": 240, "deaths": 8, "serious_injury": 10, "minor_injury": 146, "fatal_crashes": 8, "injured_total": 156, "severity_index": 0.6833, "level": "low", "economic_loss": 82068000, "epdo_million": 82.068, "single_count": 33, "multi_count": 207, "single_pct": 13.8, "multi_pct": 86.2, "pattern": "multiple", "top_cause": "ขับรถเร็วเกินอัตรากำหนด", "road_feature": "ทางตรง+ไม่มีความลาดชัน", "crash_pattern": "ชนท้าย", "road_type": "ทางหลวง", "speed_limit": 90, "road_label": "อรุณอมรินทร์ - พุทธมณฑลสาย4", "road_label_source": "nearest_road", "road_ref": "ทล.338 กม.0-31.4", "medoid_raw": [100.439955, 13.780088], "snap_distance_m": 3.68}}, {"type": "Feature", "geometry": {"type": "Point", "coordinates": [100.405574, 13.750586]}, "properties": {"id": "zone_21", "unit_type": "cluster", "centroid": [13.750702, 100.405861], "radius_m": 339.6, "province": "กรุงเทพมหานคร", "road": "ไม่ระบุ", "route_code": "3902", "km_min": 27.4, "km_max": 28.6, "accident_count": 11, "deaths": 0, "serious_injury": 0, "minor_injury": 7, "fatal_crashes": 0, "injured_total": 7, "severity_index": 0.6364, "level": "low", "economic_loss": 406000, "epdo_million": 0.406, "single_count": 1, "multi_count": 10, "single_pct": 9.1, "multi_pct": 90.9, "pattern": "multiple", "top_cause": "ขับรถเร็วเกินอัตรากำหนด", "road_feature": "ทางตรง+ไม่มีความลาดชัน", "crash_pattern": "ชนท้าย", "road_type": "ทางหลวง", "speed_limit": 90, "road_label": "บางแค - คลองมหาสวัสดิ์", "road_label_source": "nearest_road", "road_ref": "ทล.3902 กม.27.4-28.6", "medoid_raw": [100.405582, 13.750586], "snap_distance_m": 0.86}}, {"type": "Feature", "geometry": {"type": "Point", "coordinates": [100.372236, 13.786869]}, "properties": {"id": "zone_22", "unit_type": "cluster", "centroid": [13.786803, 100.372212], "radius_m": 2216.8, "province": "กรุงเทพมหานคร", "road": "ไม่ระบุ", "route_code": "338", "km_min": 0.005, "km_max": 13.0, "accident_count": 227, "deaths": 1, "serious_injury": 2, "minor_injury": 137, "fatal_crashes": 1, "injured_total": 139, "severity_index": 0.6167, "level": "low", "economic_loss": 18646000, "epdo_million": 18.646, "single_count": 21, "multi_count": 206, "single_pct": 9.3, "multi_pct": 90.7, "pattern": "multiple", "top_cause": "ขับรถเร็วเกินอัตรากำหนด", "road_feature": "ทางตรง+ไม่มีความลาดชัน", "crash_pattern": "ชนท้าย", "road_type": "ทางหลวง", "speed_limit": 90, "road_label": "อรุณอมรินทร์ - พุทธมณฑลสาย4", "road_label_source": "nearest_road", "road_ref": "ทล.338 กม.0-13", "medoid_raw": [100.372238, 13.78689], "snap_distance_m": 2.35}}, {"type": "Feature", "geometry": {"type": "Point", "coordinates": [100.406401, 13.760221]}, "properties": {"id": "zone_23", "unit_type": "cluster", "centroid": [13.760258, 100.406482], "radius_m": 268.1, "province": "กรุงเทพมหานคร", "road": "ไม่ระบุ", "route_code": "3902", "km_min": 28.5, "km_max": 29.682, "accident_count": 9, "deaths": 2, "serious_injury": 1, "minor_injury": 3, "fatal_crashes": 2, "injured_total": 4, "severity_index": 0.6667, "level": "low", "economic_loss": 15574000, "epdo_million": 15.574, "single_count": 2, "multi_count": 7, "single_pct": 22.2, "multi_pct": 77.8, "pattern": "multiple", "top_cause": "ขับรถเร็วเกินอัตรากำหนด", "road_feature": "ทางตรง+ไม่มีความลาดชัน", "crash_pattern": "ชนท้าย", "road_type": "ทางหลวง", "speed_limit": 90, "road_label": "บางแค - คลองมหาสวัสดิ์", "road_label_source": "nearest_road", "road_ref": "ทล.3902 กม.28.5-29.7", "medoid_raw": [100.406456, 13.760214], "snap_distance_m": 5.99}}, {"type": "Feature", "geometry": {"type": "Point", "coordinates": [100.338222, 13.788253]}, "properties": {"id": "zone_24", "unit_type": "cluster", "centroid": [13.788089, 100.338761], "radius_m": 684.2, "province": "กรุงเทพมหานคร", "road": "ไม่ระบุ", "route_code": "338", "km_min": 13.867, "km_max": 15.1, "accident_count": 50, "deaths": 0, "serious_injury": 0, "minor_injury": 36, "fatal_crashes": 0, "injured_total": 36, "severity_index": 0.72, "level": "low", "economic_loss": 2088000, "epdo_million": 2.088, "single_count": 4, "multi_count": 46, "single_pct": 8.0, "multi_pct": 92.0, "pattern": "multiple", "top_cause": "ขับรถเร็วเกินอัตรากำหนด", "road_feature": "ทางตรง+ไม่มีความลาดชัน", "crash_pattern": "ชนท้าย", "road_type": "ทางหลวง", "speed_limit": 90, "road_label": "อรุณอมรินทร์ - พุทธมณฑลสาย4", "road_label_source": "nearest_road", "road_ref": "ทล.338 กม.13.9-15.1", "medoid_raw": [100.338222, 13.788247], "snap_distance_m": 0.67}}, {"type": "Feature", "geometry": {"type": "Point", "coordinates": [100.348295, 13.78849]}, "properties": {"id": "zone_25", "unit_type": "cluster", "centroid": [13.788371, 100.348083], "radius_m": 200.6, "province": "กรุงเทพมหานคร", "road": "ไม่ระบุ", "route_code": "338", "km_min": 13.27, "km_max": 13.7, "accident_count": 15, "deaths": 0, "serious_injury": 1, "minor_injury": 6, "fatal_crashes": 0, "injured_total": 7, "severity_index": 0.4667, "level": "low", "economic_loss": 2348000, "epdo_million": 2.348, "single_count": 2, "multi_count": 13, "single_pct": 13.3, "multi_pct": 86.7, "pattern": "multiple", "top_cause": "ขับรถเร็วเกินอัตรากำหนด", "road_feature": "ทางตรง+ไม่มีความลาดชัน", "crash_pattern": "ชนท้าย", "road_type": "ทางหลวง", "speed_limit": 90, "road_label": "อรุณอมรินทร์ - พุทธมณฑลสาย4", "road_label_source": "nearest_road", "road_ref": "ทล.338 กม.13.3-13.7", "medoid_raw": [100.348298, 13.788421], "snap_distance_m": 7.68}}, {"type": "Feature", "geometry": {"type": "Point", "coordinates": [100.407501, 13.769853]}, "properties": {"id": "zone_26", "unit_type": "cluster", "centroid": [13.769939, 100.407608], "radius_m": 169.4, "province": "กรุงเทพมหานคร", "road": "ไม่ระบุ", "route_code": "3901", "km_min": 29.6, "km_max": 30.85, "accident_count": 6, "deaths": 0, "serious_injury": 0, "minor_injury": 2, "fatal_crashes": 0, "injured_total": 2, "severity_index": 0.3333, "level": "low", "economic_loss": 116000, "epdo_million": 0.116, "single_count": 0, "multi_count": 6, "single_pct": 0.0, "multi_pct": 100.0, "pattern": "multiple", "top_cause": "ขับรถเร็วเกินอัตรากำหนด", "road_feature": "ทางตรง+ไม่มีความลาดชัน", "crash_pattern": "ชนท้าย", "road_type": "ทางหลวง", "speed_limit": 90, "road_label": "บางแค - คลองมหาสวัสดิ์", "road_label_source": "nearest_road", "road_ref": "ทล.3901 กม.29.6-30.9", "medoid_raw": [100.407518, 13.769851], "snap_distance_m": 1.85}}, {"type": "Feature", "geometry": {"type": "Point", "coordinates": [100.408361, 13.775301]}, "properties": {"id": "zone_27", "unit_type": "cluster", "centroid": [13.775181, 100.408269], "radius_m": 313.1, "province": "กรุงเทพมหานคร", "road": "ไม่ระบุ", "route_code": "3901", "km_min": 28.3, "km_max": 31.0, "accident_count": 18, "deaths": 0, "serious_injury": 0, "minor_injury": 7, "fatal_crashes": 0, "injured_total": 7, "severity_index": 0.3889, "level": "low", "economic_loss": 406000, "epdo_million": 0.406, "single_count": 7, "multi_count": 11, "single_pct": 38.9, "multi_pct": 61.1, "pattern": "multiple", "top_cause": "ขับรถเร็วเกินอัตรากำหนด", "road_feature": "ทางตรง+ไม่มีความลาดชัน", "crash_pattern": "ชนท้าย", "road_type": "ทางหลวง", "speed_limit": 90, "road_label": "บางแค - คลองมหาสวัสดิ์", "road_label_source": "nearest_road", "road_ref": "ทล.3901 กม.28.3-31", "medoid_raw": [100.408283, 13.77531], "snap_distance_m": 8.48}}, {"type": "Feature", "geometry": {"type": "Point", "coordinates": [100.405761, 13.715015]}, "properties": {"id": "zone_28", "unit_type": "cluster", "centroid": [13.71496, 100.40586], "radius_m": 102.5, "province": "กรุงเทพมหานคร", "road": "ไม่ระบุ", "route_code": "9", "km_min": 23.5, "km_max": 23.85, "accident_count": 8, "deaths": 1, "serious_injury": 0, "minor_injury": 4, "fatal_crashes": 1, "injured_total": 4, "severity_index": 0.625, "level": "low", "economic_loss": 6932000, "epdo_million": 6.932, "single_count": 0, "multi_count": 8, "single_pct": 0.0, "multi_pct": 100.0, "pattern": "multiple", "top_cause": "ขับรถเร็วเกินอัตรากำหนด", "road_feature": "ทางตรง+ไม่มีความลาดชัน", "crash_pattern": "ชนท้าย", "road_type": "ทางหลวง", "speed_limit": 90, "road_label": "บางแค - คลองมหาสวัสดิ์", "road_label_source": "nearest_road", "road_ref": "ทล.9 กม.23.5-23.9", "medoid_raw": [100.405785, 13.715014], "snap_distance_m": 2.59}}, {"type": "Feature", "geometry": {"type": "Point", "coordinates": [100.40591, 13.756352]}, "properties": {"id": "zone_29", "unit_type": "cluster", "centroid": [13.75596, 100.405941], "radius_m": 116.2, "province": "กรุงเทพมหานคร", "road": "ไม่ระบุ", "route_code": "3901", "km_min": 28.2, "km_max": 28.3, "accident_count": 5, "deaths": 0, "serious_injury": 0, "minor_injury": 3, "fatal_crashes": 0, "injured_total": 3, "severity_index": 0.6, "level": "low", "economic_loss": 174000, "epdo_million": 0.174, "single_count": 1, "multi_count": 4, "single_pct": 20.0, "multi_pct": 80.0, "pattern": "multiple", "top_cause": "ขับรถเร็วเกินอัตรากำหนด", "road_feature": "ทางตรง+ไม่มีความลาดชัน", "crash_pattern": "ชนท้าย", "road_type": "ทางหลวง", "speed_limit": 90, "road_label": "บางแค - คลองมหาสวัสดิ์", "road_label_source": "nearest_road", "road_ref": "ทล.3901 กม.28.2-28.3", "medoid_raw": [100.405902, 13.756353], "snap_distance_m": 0.87}}, {"type": "Feature", "geometry": {"type": "Point", "coordinates": [100.405975, 13.720385]}, "properties": {"id": "zone_30", "unit_type": "cluster", "centroid": [13.720511, 100.405917], "radius_m": 215.8, "province": "กรุงเทพมหานคร", "road": "ไม่ระบุ", "route_code": "9", "km_min": 24.4, "km_max": 24.8, "accident_count": 5, "deaths": 1, "serious_injury": 0, "minor_injury": 4, "fatal_crashes": 1, "injured_total": 4, "severity_index": 1.0, "level": "medium", "economic_loss": 6932000, "epdo_million": 6.932, "single_count": 1, "multi_count": 4, "single_pct": 20.0, "multi_pct": 80.0, "pattern": "multiple", "top_cause": "ขับรถเร็วเกินอัตรากำหนด", "road_feature": "ทางตรง+ไม่มีความลาดชัน", "crash_pattern": "ชนท้าย", "road_type": "ทางหลวง", "speed_limit": 90, "road_label": "บางแค - คลองมหาสวัสดิ์", "road_label_source": "nearest_road", "road_ref": "ทล.9 กม.24.4-24.8", "medoid_raw": [100.405964, 13.720385], "snap_distance_m": 1.19}}, {"type": "Feature", "geometry": {"type": "Point", "coordinates": [100.404866, 13.637813]}, "properties": {"id": "zone_31", "unit_type": "cluster", "centroid": [13.638063, 100.405268], "radius_m": 518.6, "province": "กรุงเทพมหานคร", "road": "ดาวคะนอง -  แสมดำ", "route_code": "35", "km_min": 10.0, "km_max": 11.0, "accident_count": 23, "deaths": 1, "serious_injury": 0, "minor_injury": 14, "fatal_crashes": 1, "injured_total": 14, "severity_index": 0.6522, "level": "low", "economic_loss": 7512000, "epdo_million": 7.512, "single_count": 1, "multi_count": 22, "single_pct": 4.3, "multi_pct": 95.7, "pattern": "multiple", "top_cause": "ขับรถเร็วเกินอัตราที่กำหนด", "road_feature": "ทางตรง+ที่ราบ", "crash_pattern": "ชนท้าย", "road_type": "ทางหลวง", "speed_limit": 90, "road_label": "ดาวคะนอง -  แสมดำ", "road_label_source": "record", "road_ref": "ทล.35 กม.10-11", "medoid_raw": [100.404902, 13.63778], "snap_distance_m": 5.35}}, {"type": "Feature", "geometry": {"type": "Point", "coordinates": [100.4136, 13.644553]}, "properties": {"id": "zone_32", "unit_type": "cluster", "centroid": [13.644447, 100.413272], "radius_m": 200.8, "province": "กรุงเทพมหานคร", "road": "ดาวคะนอง -  แสมดำ", "route_code": "35", "km_min": 9.1, "km_max": 9.5, "accident_count": 13, "deaths": 1, "serious_injury": 0, "minor_injury": 13, "fatal_crashes": 1, "injured_total": 13, "severity_index": 1.0769, "level": "medium", "economic_loss": 7454000, "epdo_million": 7.454, "single_count": 4, "multi_count": 9, "single_pct": 30.8, "multi_pct": 69.2, "pattern": "multiple", "top_cause": "ขับรถเร็วเกินอัตราที่กำหนด", "road_feature": "ทางตรง+ที่ราบ", "crash_pattern": "ชนท้าย", "road_type": "ทางหลวง", "speed_limit": 90, "road_label": "ดาวคะนอง -  แสมดำ", "road_label_source": "record", "road_ref": "ทล.35 กม.9.1-9.5", "medoid_raw": [100.413554, 13.644611], "snap_distance_m": 8.14}}, {"type": "Feature", "geometry": {"type": "Point", "coordinates": [100.423588, 13.651926]}, "properties": {"id": "zone_33", "unit_type": "cluster", "centroid": [13.65203, 100.42357], "radius_m": 351.4, "province": "กรุงเทพมหานคร", "road": "ดาวคะนอง -  แสมดำ", "route_code": "35", "km_min": 7.7, "km_max": 8.3, "accident_count": 12, "deaths": 1, "serious_injury": 0, "minor_injury": 12, "fatal_crashes": 1, "injured_total": 12, "severity_index": 1.0833, "level": "medium", "economic_loss": 7396000, "epdo_million": 7.396, "single_count": 1, "multi_count": 11, "single_pct": 8.3, "multi_pct": 91.7, "pattern": "multiple", "top_cause": "ขับรถเร็วเกินอัตราที่กำหนด", "road_feature": "ทางตรง+ที่ราบ", "crash_pattern": "ชนท้าย", "road_type": "ทางหลวง", "speed_limit": 90, "road_label": "ดาวคะนอง -  แสมดำ", "road_label_source": "record", "road_ref": "ทล.35 กม.7.7-8.3", "medoid_raw": [100.423529, 13.652003], "snap_distance_m": 10.67}}, {"type": "Feature", "geometry": {"type": "Point", "coordinates": [100.465181, 13.678149]}, "properties": {"id": "zone_34", "unit_type": "cluster", "centroid": [13.677894, 100.465073], "radius_m": 127.2, "province": "กรุงเทพมหานคร", "road": "ดาวคะนอง -  แสมดำ", "route_code": "35", "km_min": 2.53, "km_max": 2.727, "accident_count": 5, "deaths": 0, "serious_injury": 0, "minor_injury": 3, "fatal_crashes": 0, "injured_total": 3, "severity_index": 0.6, "level": "low", "economic_loss": 174000, "epdo_million": 0.174, "single_count": 3, "multi_count": 2, "single_pct": 60.0, "multi_pct": 40.0, "pattern": "single", "top_cause": "ขับรถเร็วเกินอัตราที่กำหนด", "road_feature": "ทางตรง+ที่ราบ", "crash_pattern": "พลิกคว่ำ/ตกถนนในทางตรง", "road_type": "ทางหลวง", "speed_limit": 90, "road_label": "ดาวคะนอง -  แสมดำ", "road_label_source": "record", "road_ref": "ทล.35 กม.2.5-2.7", "medoid_raw": [100.465237, 13.67806], "snap_distance_m": 11.6}}, {"type": "Feature", "geometry": {"type": "Point", "coordinates": [100.44187, 13.66383]}, "properties": {"id": "zone_35", "unit_type": "cluster", "centroid": [13.664084, 100.442112], "radius_m": 846.3, "province": "กรุงเทพมหานคร", "road": "ดาวคะนอง -  แสมดำ", "route_code": "35", "km_min": 4.73, "km_max": 6.0, "accident_count": 31, "deaths": 0, "serious_injury": 0, "minor_injury": 21, "fatal_crashes": 0, "injured_total": 21, "severity_index": 0.6774, "level": "low", "economic_loss": 1218000, "epdo_million": 1.218, "single_count": 5, "multi_count": 26, "single_pct": 16.1, "multi_pct": 83.9, "pattern": "multiple", "top_cause": "ขับรถเร็วเกินอัตราที่กำหนด", "road_feature": "ทางตรง+ที่ราบ", "crash_pattern": "ชนท้าย", "road_type": "ทางหลวง", "speed_limit": 90, "road_label": "ดาวคะนอง -  แสมดำ", "road_label_source": "record", "road_ref": "ทล.35 กม.4.7-6", "medoid_raw": [100.44182, 13.663908], "snap_distance_m": 10.22}}, {"type": "Feature", "geometry": {"type": "Point", "coordinates": [100.451902, 13.669901]}, "properties": {"id": "zone_36", "unit_type": "cluster", "centroid": [13.669877, 100.451573], "radius_m": 100.2, "province": "กรุงเทพมหานคร", "road": "ดาวคะนอง -  แสมดำ", "route_code": "35", "km_min": 4.3, "km_max": 4.4, "accident_count": 3, "deaths": 0, "serious_injury": 1, "minor_injury": 1, "fatal_crashes": 0, "injured_total": 2, "severity_index": 0.6667, "level": "low", "economic_loss": 2058000, "epdo_million": 2.058, "single_count": 0, "multi_count": 3, "single_pct": 0.0, "multi_pct": 100.0, "pattern": "multiple", "top_cause": "ขับรถเร็วเกินอัตราที่กำหนด", "road_feature": "ทางแยกรูปตัว T+ที่ราบ", "crash_pattern": "ชนท้าย", "road_type": "ทางหลวง", "speed_limit": 90, "road_label": "ดาวคะนอง -  แสมดำ", "road_label_source": "record", "road_ref": "ทล.35 กม.4.3-4.4", "medoid_raw": [100.451859, 13.669969], "snap_distance_m": 8.87}}, {"type": "Feature", "geometry": {"type": "Point", "coordinates": [100.381623, 13.614232]}, "properties": {"id": "zone_37", "unit_type": "cluster", "centroid": [13.614202, 100.381544], "radius_m": 504.3, "province": "กรุงเทพมหานคร", "road": "ดาวคะนอง -  แสมดำ", "route_code": "35", "km_min": 13.7, "km_max": 14.6, "accident_count": 23, "deaths": 0, "serious_injury": 1, "minor_injury": 8, "fatal_crashes": 0, "injured_total": 9, "severity_index": 0.3913, "level": "low", "economic_loss": 2464000, "epdo_million": 2.464, "single_count": 6, "multi_count": 17, "single_pct": 26.1, "multi_pct": 73.9, "pattern": "multiple", "top_cause": "ขับรถเร็วเกินอัตราที่กำหนด", "road_feature": "ทางตรง+ที่ราบ", "crash_pattern": "ชนท้าย", "road_type": "ทางหลวง", "speed_limit": 90, "road_label": "ดาวคะนอง -  แสมดำ", "road_label_source": "record", "road_ref": "ทล.35 กม.13.7-14.6", "medoid_raw": [100.381645, 13.614212], "snap_distance_m": 3.26}}, {"type": "Feature", "geometry": {"type": "Point", "coordinates": [100.392674, 13.625425]}, "properties": {"id": "zone_38", "unit_type": "cluster", "centroid": [13.625452, 100.392659], "radius_m": 494.2, "province": "กรุงเทพมหานคร", "road": "ดาวคะนอง -  แสมดำ", "route_code": "35", "km_min": 11.9, "km_max": 12.85, "accident_count": 26, "deaths": 1, "serious_injury": 0, "minor_injury": 6, "fatal_crashes": 1, "injured_total": 6, "severity_index": 0.2692, "level": "low", "economic_loss": 7048000, "epdo_million": 7.048, "single_count": 1, "multi_count": 25, "single_pct": 3.8, "multi_pct": 96.2, "pattern": "multiple", "top_cause": "ขับรถเร็วเกินอัตราที่กำหนด", "road_feature": "ทางตรง+ที่ราบ", "crash_pattern": "ชนท้าย", "road_type": "ทางหลวง", "speed_limit": 90, "road_label": "ดาวคะนอง -  แสมดำ", "road_label_source": "record", "road_ref": "ทล.35 กม.11.9-12.8", "medoid_raw": [100.392685, 13.625414], "snap_distance_m": 1.71}}, {"type": "Feature", "geometry": {"type": "Point", "coordinates": [100.386793, 13.619469]}, "properties": {"id": "zone_39", "unit_type": "cluster", "centroid": [13.619574, 100.386705], "radius_m": 221.7, "province": "กรุงเทพมหานคร", "road": "ดาวคะนอง -  แสมดำ", "route_code": "35", "km_min": 13.1, "km_max": 13.5, "accident_count": 9, "deaths": 0, "serious_injury": 0, "minor_injury": 3, "fatal_crashes": 0, "injured_total": 3, "severity_index": 0.3333, "level": "low", "economic_loss": 174000, "epdo_million": 0.174, "single_count": 0, "multi_count": 9, "single_pct": 0.0, "multi_pct": 100.0, "pattern": "multiple", "top_cause": "ขับรถเร็วเกินอัตราที่กำหนด", "road_feature": "ทางตรง+ที่ราบ", "crash_pattern": "ชนท้าย", "road_type": "ทางหลวง", "speed_limit": 90, "road_label": "ดาวคะนอง -  แสมดำ", "road_label_source": "record", "road_ref": "ทล.35 กม.13.1-13.5", "medoid_raw": [100.386814, 13.619449], "snap_distance_m": 3.18}}, {"type": "Feature", "geometry": {"type": "Point", "coordinates": [100.397774, 13.6306]}, "properties": {"id": "zone_40", "unit_type": "cluster", "centroid": [13.630584, 100.397791], "radius_m": 100.9, "province": "กรุงเทพมหานคร", "road": "ดาวคะนอง -  แสมดำ", "route_code": "35", "km_min": 11.5, "km_max": 11.7, "accident_count": 3, "deaths": 0, "serious_injury": 0, "minor_injury": 4, "fatal_crashes": 0, "injured_total": 4, "severity_index": 1.3333, "level": "medium", "economic_loss": 232000, "epdo_million": 0.232, "single_count": 1, "multi_count": 2, "single_pct": 33.3, "multi_pct": 66.7, "pattern": "multiple", "top_cause": "ขับรถเร็วเกินอัตราที่กำหนด", "road_feature": "ทางตรง+ที่ราบ", "crash_pattern": "ชนท้าย", "road_type": "ทางหลวง", "speed_limit": 90, "road_label": "ดาวคะนอง -  แสมดำ", "road_label_source": "record", "road_ref": "ทล.35 กม.11.5-11.7", "medoid_raw": [100.39779, 13.630585], "snap_distance_m": 2.4}}, {"type": "Feature", "geometry": {"type": "Point", "coordinates": [100.455846, 13.672266]}, "properties": {"id": "zone_41", "unit_type": "cluster", "centroid": [13.672187, 100.455533], "radius_m": 100.1, "province": "กรุงเทพมหานคร", "road": "ดาวคะนอง -  แสมดำ", "route_code": "35", "km_min": 3.8, "km_max": 3.9, "accident_count": 3, "deaths": 0, "serious_injury": 0, "minor_injury": 1, "fatal_crashes": 0, "injured_total": 1, "severity_index": 0.3333, "level": "low", "economic_loss": 58000, "epdo_million": 0.058, "single_count": 0, "multi_count": 3, "single_pct": 0.0, "multi_pct": 100.0, "pattern": "multiple", "top_cause": "ขับรถเร็วเกินอัตราที่กำหนด", "road_feature": "ทางตรง+ที่ราบ", "crash_pattern": "ชนท้าย", "road_type": "ทางหลวง", "speed_limit": 90, "road_label": "ดาวคะนอง -  แสมดำ", "road_label_source": "record", "road_ref": "ทล.35 กม.3.8-3.9", "medoid_raw": [100.455796, 13.672346], "snap_distance_m": 10.41}}, {"type": "Feature", "geometry": {"type": "Point", "coordinates": [100.419163, 13.648631]}, "properties": {"id": "zone_42", "unit_type": "cluster", "centroid": [13.648613, 100.418945], "radius_m": 100.4, "province": "กรุงเทพมหานคร", "road": "ดาวคะนอง -  แสมดำ", "route_code": "35", "km_min": 8.5, "km_max": 8.65, "accident_count": 5, "deaths": 1, "serious_injury": 0, "minor_injury": 1, "fatal_crashes": 1, "injured_total": 1, "severity_index": 0.4, "level": "low", "economic_loss": 6758000, "epdo_million": 6.758, "single_count": 1, "multi_count": 4, "single_pct": 20.0, "multi_pct": 80.0, "pattern": "multiple", "top_cause": "ขับรถเร็วเกินอัตราที่กำหนด", "road_feature": "ทางตรง+ที่ราบ", "crash_pattern": "ชนท้าย", "road_type": "ทางหลวง", "speed_limit": 90, "road_label": "ดาวคะนอง -  แสมดำ", "road_label_source": "record", "road_ref": "ทล.35 กม.8.5-8.7", "medoid_raw": [100.419093, 13.648722], "snap_distance_m": 12.63}}, {"type": "Feature", "geometry": {"type": "Point", "coordinates": [100.434592, 13.659422]}, "properties": {"id": "zone_43", "unit_type": "cluster", "centroid": [13.659563, 100.434625], "radius_m": 200.3, "province": "กรุงเทพมหานคร", "road": "ดาวคะนอง -  แสมดำ", "route_code": "35", "km_min": 6.3, "km_max": 6.7, "accident_count": 9, "deaths": 0, "serious_injury": 1, "minor_injury": 6, "fatal_crashes": 0, "injured_total": 7, "severity_index": 0.7778, "level": "low", "economic_loss": 2348000, "epdo_million": 2.348, "single_count": 3, "multi_count": 6, "single_pct": 33.3, "multi_pct": 66.7, "pattern": "multiple", "top_cause": "ขับรถเร็วเกินอัตราที่กำหนด", "road_feature": "ทางตรง+ที่ราบ", "crash_pattern": "ชนท้าย", "road_type": "ทางหลวง", "speed_limit": 90, "road_label": "ดาวคะนอง -  แสมดำ", "road_label_source": "record", "road_ref": "ทล.35 กม.6.3-6.7", "medoid_raw": [100.434537, 13.65951], "snap_distance_m": 11.45}}, {"type": "Feature", "geometry": {"type": "Point", "coordinates": [100.400094, 13.632961]}, "properties": {"id": "zone_44", "unit_type": "cluster", "centroid": [13.633031, 100.40013], "radius_m": 40.3, "province": "กรุงเทพมหานคร", "road": "ดาวคะนอง -  แสมดำ", "route_code": "35", "km_min": 11.2, "km_max": 11.275, "accident_count": 5, "deaths": 1, "serious_injury": 0, "minor_injury": 3, "fatal_crashes": 1, "injured_total": 3, "severity_index": 0.8, "level": "low", "economic_loss": 6874000, "epdo_million": 6.874, "single_count": 2, "multi_count": 3, "single_pct": 40.0, "multi_pct": 60.0, "pattern": "multiple", "top_cause": "ขับรถเร็วเกินอัตราที่กำหนด", "road_feature": "ทางแยกรูปตัว T+ที่ราบ", "crash_pattern": "ชนท้าย", "road_type": "ทางหลวง", "speed_limit": 90, "road_label": "ดาวคะนอง -  แสมดำ", "road_label_source": "record", "road_ref": "ทล.35 กม.11.2-11.3", "medoid_raw": [100.40012, 13.632937], "snap_distance_m": 3.88}}, {"type": "Feature", "geometry": {"type": "Point", "coordinates": [100.469509, 13.6797]}, "properties": {"id": "zone_45", "unit_type": "cluster", "centroid": [13.680008, 100.470277], "radius_m": 256.8, "province": "กรุงเทพมหานคร", "road": "ดาวคะนอง -  แสมดำ", "route_code": "35", "km_min": 1.842, "km_max": 2.2, "accident_count": 4, "deaths": 0, "serious_injury": 0, "minor_injury": 5, "fatal_crashes": 0, "injured_total": 5, "severity_index": 1.25, "level": "medium", "economic_loss": 290000, "epdo_million": 0.29, "single_count": 3, "multi_count": 1, "single_pct": 75.0, "multi_pct": 25.0, "pattern": "single", "top_cause": "ขับรถเร็วเกินอัตราที่กำหนด", "road_feature": "ทางตรง+ที่ราบ", "crash_pattern": "พลิกคว่ำ/ตกถนนในทางตรง", "road_type": "ทางหลวง", "speed_limit": 90, "road_label": "ดาวคะนอง -  แสมดำ", "road_label_source": "record", "road_ref": "ทล.35 กม.1.8-2.2", "medoid_raw": [100.469477, 13.679813], "snap_distance_m": 13.03}}, {"type": "Feature", "geometry": {"type": "Point", "coordinates": [100.420272, 13.649457]}, "properties": {"id": "zone_46", "unit_type": "cluster", "centroid": [13.648997, 100.420683], "radius_m": 4115.6, "province": "กรุงเทพมหานคร", "road": "ดาวคะนอง - แสมดำ", "route_code": "35", "km_min": 4.6, "km_max": 12.5, "accident_count": 253, "deaths": 8, "serious_injury": 1, "minor_injury": 138, "fatal_crashes": 8, "injured_total": 139, "severity_index": 0.581, "level": "low", "economic_loss": 63604000, "epdo_million": 63.604, "single_count": 47, "multi_count": 206, "single_pct": 18.6, "multi_pct": 81.4, "pattern": "multiple", "top_cause": "ขับรถเร็วเกินอัตรากำหนด", "road_feature": "ทางตรง+ไม่มีความลาดชัน", "crash_pattern": "ชนท้าย", "road_type": "ทางหลวง", "speed_limit": 90, "road_label": "ดาวคะนอง - แสมดำ", "road_label_source": "record", "road_ref": "ทล.35 กม.4.6-12.5", "medoid_raw": [100.420201, 13.649544], "snap_distance_m": 12.35}}, {"type": "Feature", "geometry": {"type": "Point", "coordinates": [100.384208, 13.61685]}, "properties": {"id": "zone_47", "unit_type": "cluster", "centroid": [13.617012, 100.3844], "radius_m": 655.6, "province": "กรุงเทพมหานคร", "road": "ดาวคะนอง - แสมดำ", "route_code": "35", "km_min": 13.05, "km_max": 14.1, "accident_count": 20, "deaths": 3, "serious_injury": 0, "minor_injury": 9, "fatal_crashes": 2, "injured_total": 9, "severity_index": 0.55, "level": "low", "economic_loss": 20622000, "epdo_million": 20.622, "single_count": 6, "multi_count": 14, "single_pct": 30.0, "multi_pct": 70.0, "pattern": "multiple", "top_cause": "ขับรถเร็วเกินอัตรากำหนด", "road_feature": "ทางตรง+ไม่มีความลาดชัน", "crash_pattern": "ชนท้าย", "road_type": "ทางหลวง", "speed_limit": 90, "road_label": "ดาวคะนอง - แสมดำ", "road_label_source": "record", "road_ref": "ทล.35 กม.13.1-14.1", "medoid_raw": [100.384234, 13.616826], "snap_distance_m": 3.88}}, {"type": "Feature", "geometry": {"type": "Point", "coordinates": [100.462411, 13.676214]}, "properties": {"id": "zone_48", "unit_type": "cluster", "centroid": [13.676263, 100.462382], "radius_m": 69.1, "province": "กรุงเทพมหานคร", "road": "ดาวคะนอง - แสมดำ", "route_code": "35", "km_min": 2.9, "km_max": 3.0, "accident_count": 7, "deaths": 0, "serious_injury": 1, "minor_injury": 6, "fatal_crashes": 0, "injured_total": 7, "severity_index": 1.0, "level": "medium", "economic_loss": 2348000, "epdo_million": 2.348, "single_count": 4, "multi_count": 3, "single_pct": 57.1, "multi_pct": 42.9, "pattern": "mixed", "top_cause": "ขับรถเร็วเกินอัตรากำหนด", "road_feature": "ทางตรง+ไม่มีความลาดชัน", "crash_pattern": "ชนท้าย", "road_type": "ทางหลวง", "speed_limit": 90, "road_label": "ดาวคะนอง - แสมดำ", "road_label_source": "record", "road_ref": "ทล.35 กม.2.9-3", "medoid_raw": [100.46243, 13.676184], "snap_distance_m": 3.92}}, {"type": "Feature", "geometry": {"type": "Point", "coordinates": [100.455846, 13.672266]}, "properties": {"id": "zone_49", "unit_type": "cluster", "centroid": [13.67257, 100.456136], "radius_m": 325.5, "province": "กรุงเทพมหานคร", "road": "ดาวคะนอง - แสมดำ", "route_code": "35", "km_min": 3.475, "km_max": 3.95, "accident_count": 17, "deaths": 1, "serious_injury": 1, "minor_injury": 12, "fatal_crashes": 1, "injured_total": 13, "severity_index": 0.8235, "level": "low", "economic_loss": 9396000, "epdo_million": 9.396, "single_count": 2, "multi_count": 15, "single_pct": 11.8, "multi_pct": 88.2, "pattern": "multiple", "top_cause": "ขับรถเร็วเกินอัตรากำหนด", "road_feature": "ทางตรง+ไม่มีความลาดชัน", "crash_pattern": "ชนท้าย", "road_type": "ทางหลวง", "speed_limit": 90, "road_label": "ดาวคะนอง - แสมดำ", "road_label_source": "record", "road_ref": "ทล.35 กม.3.5-4", "medoid_raw": [100.455796, 13.672346], "snap_distance_m": 10.41}}, {"type": "Feature", "geometry": {"type": "Point", "coordinates": [100.471289, 13.680156]}, "properties": {"id": "zone_50", "unit_type": "cluster", "centroid": [13.679905, 100.470579], "radius_m": 880.4, "province": "กรุงเทพมหานคร", "road": "ดาวคะนอง - แสมดำ", "route_code": "35", "km_min": 1.015, "km_max": 2.6, "accident_count": 30, "deaths": 3, "serious_injury": 3, "minor_injury": 21, "fatal_crashes": 3, "injured_total": 24, "severity_index": 0.9, "level": "low", "economic_loss": 27318000, "epdo_million": 27.318, "single_count": 13, "multi_count": 17, "single_pct": 43.3, "multi_pct": 56.7, "pattern": "mixed", "top_cause": "ขับรถเร็วเกินอัตรากำหนด", "road_feature": "ทางตรง+ไม่มีความลาดชัน", "crash_pattern": "ชนท้าย", "road_type": "ทางหลวง", "speed_limit": 90, "road_label": "ดาวคะนอง - แสมดำ", "road_label_source": "record", "road_ref": "ทล.35 กม.1-2.6", "medoid_raw": [100.471257, 13.680278], "snap_distance_m": 14.0}}, {"type": "Feature", "geometry": {"type": "Point", "coordinates": [100.452059, 13.669997]}, "properties": {"id": "zone_51", "unit_type": "cluster", "centroid": [13.670067, 100.451983], "radius_m": 120.2, "province": "กรุงเทพมหานคร", "road": "ดาวคะนอง - แสมดำ", "route_code": "35", "km_min": 4.2, "km_max": 4.4, "accident_count": 10, "deaths": 0, "serious_injury": 0, "minor_injury": 9, "fatal_crashes": 0, "injured_total": 9, "severity_index": 0.9, "level": "low", "economic_loss": 522000, "epdo_million": 0.522, "single_count": 1, "multi_count": 9, "single_pct": 10.0, "multi_pct": 90.0, "pattern": "multiple", "top_cause": "ขับรถเร็วเกินอัตรากำหนด", "road_feature": "ทางตรง+ไม่มีความลาดชัน", "crash_pattern": "ชนท้าย", "road_type": "ทางหลวง", "speed_limit": 90, "road_label": "ดาวคะนอง - แสมดำ", "road_label_source": "record", "road_ref": "ทล.35 กม.4.2-4.4", "medoid_raw": [100.452016, 13.670064], "snap_distance_m": 8.78}}, {"type": "Feature", "geometry": {"type": "Point", "coordinates": [100.390347, 13.623068]}, "properties": {"id": "zone_52", "unit_type": "cluster", "centroid": [13.623154, 100.390458], "radius_m": 50.4, "province": "กรุงเทพมหานคร", "road": "ดาวคะนอง - แสมดำ", "route_code": "35", "km_min": 12.7, "km_max": 12.755, "accident_count": 3, "deaths": 0, "serious_injury": 0, "minor_injury": 3, "fatal_crashes": 0, "injured_total": 3, "severity_index": 1.0, "level": "medium", "economic_loss": 174000, "epdo_million": 0.174, "single_count": 0, "multi_count": 3, "single_pct": 0.0, "multi_pct": 100.0, "pattern": "multiple", "top_cause": "ขับรถเร็วเกินอัตรากำหนด", "road_feature": "ทางตรง+ไม่มีความลาดชัน", "crash_pattern": "ชนท้าย", "road_type": "ทางหลวง", "speed_limit": 90, "road_label": "ดาวคะนอง - แสมดำ", "road_label_source": "record", "road_ref": "ทล.35 กม.12.7-12.8", "medoid_raw": [100.390361, 13.623055], "snap_distance_m": 2.09}}, {"type": "Feature", "geometry": {"type": "Point", "coordinates": [100.476901, 13.679796]}, "properties": {"id": "zone_53", "unit_type": "cluster", "centroid": [13.679582, 100.477156], "radius_m": 199.8, "province": "กรุงเทพมหานคร", "road": "ดาวคะนอง-ท่าเรือ", "route_code": "E001S003|I", "km_min": 30.6, "km_max": 31.0, "accident_count": 7, "deaths": 0, "serious_injury": 0, "minor_injury": 3, "fatal_crashes": 0, "injured_total": 3, "severity_index": 0.4286, "level": "low", "economic_loss": 174000, "epdo_million": 0.174, "single_count": 2, "multi_count": 5, "single_pct": 28.6, "multi_pct": 71.4, "pattern": "multiple", "top_cause": "ไม่ระบุ", "road_feature": "ทางสามแยก (Y)", "crash_pattern": "ชนท้าย", "road_type": "การทางพิเศษ", "speed_limit": 100, "road_label": "ดาวคะนอง-ท่าเรือ", "road_label_source": "record", "road_ref": "ทางพิเศษสายE001S003|I กม.30.6-31", "medoid_raw": [100.476891, 13.679794], "snap_distance_m": 1.1}}, {"type": "Feature", "geometry": {"type": "Point", "coordinates": [100.374538, 13.607056]}, "properties": {"id": "zone_54", "unit_type": "cluster", "centroid": [13.606721, 100.374231], "radius_m": 576.4, "province": "สมุทรสาคร", "road": "แสมดำ - สะพานข้ามแม่น้ำท่าจีนฝั่งตะวันตก", "route_code": "35", "km_min": 14.66, "km_max": 16.0, "accident_count": 27, "deaths": 1, "serious_injury": 2, "minor_injury": 29, "fatal_crashes": 1, "injured_total": 31, "severity_index": 1.1852, "level": "medium", "economic_loss": 12382000, "epdo_million": 12.382, "single_count": 7, "multi_count": 20, "single_pct": 25.9, "multi_pct": 74.1, "pattern": "multiple", "top_cause": "ขับรถเร็วเกินอัตราที่กำหนด", "road_feature": "ทางตรง+ที่ราบ", "crash_pattern": "ชนท้าย", "road_type": "ทางหลวง", "speed_limit": 90, "road_label": "แสมดำ - สะพานข้ามแม่น้ำท่าจีนฝั่งตะวันตก", "road_label_source": "record", "road_ref": "ทล.35 กม.14.7-16", "medoid_raw": [100.374547, 13.607047], "snap_distance_m": 1.4}}, {"type": "Feature", "geometry": {"type": "Point", "coordinates": [100.4136, 13.644553]}, "properties": {"id": "zone_55", "unit_type": "cluster", "centroid": [13.644357, 100.413242], "radius_m": 432.8, "province": "กรุงเทพมหานคร", "road": "ไม่ระบุ", "route_code": "35", "km_min": 9.0, "km_max": 14.625, "accident_count": 23, "deaths": 0, "serious_injury": 0, "minor_injury": 14, "fatal_crashes": 0, "injured_total": 14, "severity_index": 0.6087, "level": "low", "economic_loss": 812000, "epdo_million": 0.812, "single_count": 6, "multi_count": 17, "single_pct": 26.1, "multi_pct": 73.9, "pattern": "multiple", "top_cause": "ขับรถเร็วเกินอัตรากำหนด", "road_feature": "ทางตรง+ไม่มีความลาดชัน", "crash_pattern": "ชนท้าย", "road_type": "ทางหลวง", "speed_limit": 90, "road_label": "ดาวคะนอง -  แสมดำ", "road_label_source": "nearest_road", "road_ref": "ทล.35 กม.9-14.6", "medoid_raw": [100.413554, 13.644611], "snap_distance_m": 8.14}}, {"type": "Feature", "geometry": {"type": "Point", "coordinates": [100.438565, 13.661829]}, "properties": {"id": "zone_56", "unit_type": "cluster", "centroid": [13.662138, 100.438815], "radius_m": 606.0, "province": "กรุงเทพมหานคร", "road": "ไม่ระบุ", "route_code": "35", "km_min": 5.4, "km_max": 6.6, "accident_count": 45, "deaths": 0, "serious_injury": 0, "minor_injury": 31, "fatal_crashes": 0, "injured_total": 31, "severity_index": 0.6889, "level": "low", "economic_loss": 1798000, "epdo_million": 1.798, "single_count": 6, "multi_count": 39, "single_pct": 13.3, "multi_pct": 86.7, "pattern": "multiple", "top_cause": "ขับรถเร็วเกินอัตรากำหนด", "road_feature": "ทางตรง+ไม่มีความลาดชัน", "crash_pattern": "ชนท้าย", "road_type": "ทางหลวง", "speed_limit": 90, "road_label": "ดาวคะนอง -  แสมดำ", "road_label_source": "nearest_road", "road_ref": "ทล.35 กม.5.4-6.6", "medoid_raw": [100.438513, 13.661911], "snap_distance_m": 10.71}}, {"type": "Feature", "geometry": {"type": "Point", "coordinates": [100.461364, 13.675582]}, "properties": {"id": "zone_57", "unit_type": "cluster", "centroid": [13.675455, 100.460831], "radius_m": 701.0, "province": "กรุงเทพมหานคร", "road": "ไม่ระบุ", "route_code": "35", "km_min": 2.51, "km_max": 3.8, "accident_count": 31, "deaths": 1, "serious_injury": 0, "minor_injury": 31, "fatal_crashes": 1, "injured_total": 31, "severity_index": 1.0323, "level": "medium", "economic_loss": 8498000, "epdo_million": 8.498, "single_count": 10, "multi_count": 21, "single_pct": 32.3, "multi_pct": 67.7, "pattern": "multiple", "top_cause": "ขับรถเร็วเกินอัตรากำหนด", "road_feature": "ทางตรง+ไม่มีความลาดชัน", "crash_pattern": "ชนท้าย", "road_type": "ทางหลวง", "speed_limit": 90, "road_label": "ดาวคะนอง - แสมดำ", "road_label_source": "nearest_road", "road_ref": "ทล.35 กม.2.5-3.8", "medoid_raw": [100.461305, 13.675675], "snap_distance_m": 12.15}}, {"type": "Feature", "geometry": {"type": "Point", "coordinates": [100.477079, 13.681656]}, "properties": {"id": "zone_58", "unit_type": "cluster", "centroid": [13.68175, 100.476982], "radius_m": 248.8, "province": "กรุงเทพมหานคร", "road": "ไม่ระบุ", "route_code": "35", "km_min": 1.0, "km_max": 1.5, "accident_count": 15, "deaths": 1, "serious_injury": 0, "minor_injury": 15, "fatal_crashes": 1, "injured_total": 15, "severity_index": 1.0667, "level": "medium", "economic_loss": 7570000, "epdo_million": 7.57, "single_count": 4, "multi_count": 11, "single_pct": 26.7, "multi_pct": 73.3, "pattern": "multiple", "top_cause": "ขับรถเร็วเกินอัตรากำหนด", "road_feature": "ทางตรง+ไม่มีความลาดชัน", "crash_pattern": "ชนท้าย", "road_type": "ทางหลวง", "speed_limit": 90, "road_label": "ดาวคะนอง - แสมดำ", "road_label_source": "nearest_road", "road_ref": "ทล.35 กม.1-1.5", "medoid_raw": [100.477057, 13.68172], "snap_distance_m": 7.5}}, {"type": "Feature", "geometry": {"type": "Point", "coordinates": [100.384208, 13.61685]}, "properties": {"id": "zone_59", "unit_type": "cluster", "centroid": [13.616862, 100.384345], "radius_m": 60.5, "province": "กรุงเทพมหานคร", "road": "ไม่ระบุ", "route_code": "35", "km_min": 13.645, "km_max": 13.76, "accident_count": 4, "deaths": 1, "serious_injury": 0, "minor_injury": 1, "fatal_crashes": 1, "injured_total": 1, "severity_index": 0.5, "level": "low", "economic_loss": 6758000, "epdo_million": 6.758, "single_count": 1, "multi_count": 3, "single_pct": 25.0, "multi_pct": 75.0, "pattern": "multiple", "top_cause": "ขับรถเร็วเกินอัตรากำหนด", "road_feature": "ทางตรง+ไม่มีความลาดชัน", "crash_pattern": "ชนท้าย", "road_type": "ทางหลวง", "speed_limit": 90, "road_label": "ดาวคะนอง -  แสมดำ", "road_label_source": "nearest_road", "road_ref": "ทล.35 กม.13.6-13.8", "medoid_raw": [100.384234, 13.616826], "snap_distance_m": 3.88}}, {"type": "Feature", "geometry": {"type": "Point", "coordinates": [100.390606, 13.62333]}, "properties": {"id": "zone_60", "unit_type": "cluster", "centroid": [13.623253, 100.390474], "radius_m": 716.1, "province": "กรุงเทพมหานคร", "road": "ไม่ระบุ", "route_code": "35", "km_min": 12.0, "km_max": 13.4, "accident_count": 34, "deaths": 2, "serious_injury": 0, "minor_injury": 14, "fatal_crashes": 2, "injured_total": 14, "severity_index": 0.4706, "level": "low", "economic_loss": 14212000, "epdo_million": 14.212, "single_count": 4, "multi_count": 30, "single_pct": 11.8, "multi_pct": 88.2, "pattern": "multiple", "top_cause": "ขับรถเร็วเกินอัตรากำหนด", "road_feature": "ทางตรง+ไม่มีความลาดชัน", "crash_pattern": "ชนท้าย", "road_type": "ทางหลวง", "speed_limit": 90, "road_label": "ดาวคะนอง - แสมดำ", "road_label_source": "nearest_road", "road_ref": "ทล.35 กม.12-13.4", "medoid_raw": [100.390619, 13.623318], "snap_distance_m": 1.94}}, {"type": "Feature", "geometry": {"type": "Point", "coordinates": [100.399482, 13.632338]}, "properties": {"id": "zone_61", "unit_type": "cluster", "centroid": [13.632134, 100.399277], "radius_m": 216.8, "province": "กรุงเทพมหานคร", "road": "ไม่ระบุ", "route_code": "35", "km_min": 11.275, "km_max": 11.55, "accident_count": 8, "deaths": 0, "serious_injury": 0, "minor_injury": 3, "fatal_crashes": 0, "injured_total": 3, "severity_index": 0.375, "level": "low", "economic_loss": 174000, "epdo_million": 0.174, "single_count": 2, "multi_count": 6, "single_pct": 25.0, "multi_pct": 75.0, "pattern": "multiple", "top_cause": "ขับรถเร็วเกินอัตรากำหนด", "road_feature": "ทางตรง+ไม่มีความลาดชัน", "crash_pattern": "ชนท้าย", "road_type": "ทางหลวง", "speed_limit": 90, "road_label": "ดาวคะนอง - แสมดำ", "road_label_source": "nearest_road", "road_ref": "ทล.35 กม.11.3-11.6", "medoid_raw": [100.399506, 13.632316], "snap_distance_m": 3.57}}, {"type": "Feature", "geometry": {"type": "Point", "coordinates": [100.470397, 13.679931]}, "properties": {"id": "zone_62", "unit_type": "cluster", "centroid": [13.679965, 100.470035], "radius_m": 298.7, "province": "กรุงเทพมหานคร", "road": "ไม่ระบุ", "route_code": "35", "km_min": 1.8, "km_max": 2.3, "accident_count": 9, "deaths": 0, "serious_injury": 0, "minor_injury": 5, "fatal_crashes": 0, "injured_total": 5, "severity_index": 0.5556, "level": "low", "economic_loss": 290000, "epdo_million": 0.29, "single_count": 4, "multi_count": 5, "single_pct": 44.4, "multi_pct": 55.6, "pattern": "mixed", "top_cause": "ขับรถเร็วเกินอัตรากำหนด", "road_feature": "ทางตรง+ไม่มีความลาดชัน", "crash_pattern": "ชนท้าย", "road_type": "ทางหลวง", "speed_limit": 90, "road_label": "ดาวคะนอง -  แสมดำ", "road_label_source": "nearest_road", "road_ref": "ทล.35 กม.1.8-2.3", "medoid_raw": [100.470365, 13.680051], "snap_distance_m": 13.78}}, {"type": "Feature", "geometry": {"type": "Point", "coordinates": [100.406519, 13.63941]}, "properties": {"id": "zone_63", "unit_type": "cluster", "centroid": [13.639122, 100.406357], "radius_m": 453.4, "province": "กรุงเทพมหานคร", "road": "ไม่ระบุ", "route_code": "35", "km_min": 10.0, "km_max": 10.7, "accident_count": 17, "deaths": 1, "serious_injury": 1, "minor_injury": 5, "fatal_crashes": 1, "injured_total": 6, "severity_index": 0.4118, "level": "low", "economic_loss": 8990000, "epdo_million": 8.99, "single_count": 4, "multi_count": 13, "single_pct": 23.5, "multi_pct": 76.5, "pattern": "multiple", "top_cause": "ขับรถเร็วเกินอัตรากำหนด", "road_feature": "ทางตรง+ไม่มีความลาดชัน", "crash_pattern": "ชนท้าย", "road_type": "ทางหลวง", "speed_limit": 90, "road_label": "ดาวคะนอง -  แสมดำ", "road_label_source": "nearest_road", "road_ref": "ทล.35 กม.10-10.7", "medoid_raw": [100.406579, 13.639352], "snap_distance_m": 9.14}}, {"type": "Feature", "geometry": {"type": "Point", "coordinates": [100.38077, 13.613213]}, "properties": {"id": "zone_64", "unit_type": "cluster", "centroid": [13.613392, 100.380753], "radius_m": 419.2, "province": "กรุงเทพมหานคร", "road": "ไม่ระบุ", "route_code": "35", "km_min": 14.0, "km_max": 14.66, "accident_count": 18, "deaths": 0, "serious_injury": 0, "minor_injury": 9, "fatal_crashes": 0, "injured_total": 9, "severity_index": 0.5, "level": "low", "economic_loss": 522000, "epdo_million": 0.522, "single_count": 1, "multi_count": 17, "single_pct": 5.6, "multi_pct": 94.4, "pattern": "multiple", "top_cause": "ขับรถเร็วเกินอัตรากำหนด", "road_feature": "ทางตรง+ไม่มีความลาดชัน", "crash_pattern": "ชนท้าย", "road_type": "ทางหลวง", "speed_limit": 90, "road_label": "ดาวคะนอง -  แสมดำ", "road_label_source": "nearest_road", "road_ref": "ทล.35 กม.14-14.7", "medoid_raw": [100.380755, 13.613227], "snap_distance_m": 2.25}}, {"type": "Feature", "geometry": {"type": "Point", "coordinates": [100.422843, 13.651386]}, "properties": {"id": "zone_65", "unit_type": "cluster", "centroid": [13.651561, 100.422838], "radius_m": 1203.6, "province": "กรุงเทพมหานคร", "road": "ไม่ระบุ", "route_code": "35", "km_min": 6.85, "km_max": 8.7, "accident_count": 42, "deaths": 0, "serious_injury": 0, "minor_injury": 30, "fatal_crashes": 0, "injured_total": 30, "severity_index": 0.7143, "level": "low", "economic_loss": 1740000, "epdo_million": 1.74, "single_count": 7, "multi_count": 35, "single_pct": 16.7, "multi_pct": 83.3, "pattern": "multiple", "top_cause": "ขับรถเร็วเกินอัตรากำหนด", "road_feature": "ทางตรง+ไม่มีความลาดชัน", "crash_pattern": "ชนท้าย", "road_type": "ทางหลวง", "speed_limit": 90, "road_label": "ดาวคะนอง -  แสมดำ", "road_label_source": "nearest_road", "road_ref": "ทล.35 กม.6.8-8.7", "medoid_raw": [100.422792, 13.651453], "snap_distance_m": 9.27}}, {"type": "Feature", "geometry": {"type": "Point", "coordinates": [100.450334, 13.668942]}, "properties": {"id": "zone_66", "unit_type": "cluster", "centroid": [13.668824, 100.44988], "radius_m": 651.8, "province": "กรุงเทพมหานคร", "road": "ไม่ระบุ", "route_code": "35", "km_min": 4.0, "km_max": 5.15, "accident_count": 19, "deaths": 1, "serious_injury": 0, "minor_injury": 9, "fatal_crashes": 1, "injured_total": 9, "severity_index": 0.5263, "level": "low", "economic_loss": 7222000, "epdo_million": 7.222, "single_count": 3, "multi_count": 16, "single_pct": 15.8, "multi_pct": 84.2, "pattern": "multiple", "top_cause": "ขับรถเร็วเกินอัตรากำหนด", "road_feature": "ทางตรง+ไม่มีความลาดชัน", "crash_pattern": "ชนท้าย", "road_type": "ทางหลวง", "speed_limit": 90, "road_label": "ดาวคะนอง - แสมดำ", "road_label_source": "nearest_road", "road_ref": "ทล.35 กม.4-5.2", "medoid_raw": [100.450284, 13.669018], "snap_distance_m": 10.03}}, {"type": "Feature", "geometry": {"type": "Point", "coordinates": [100.409398, 13.644355]}, "properties": {"id": "zone_67", "unit_type": "cluster", "centroid": [13.64447, 100.408849], "radius_m": 169.9, "province": "กรุงเทพมหานคร", "road": "ไม่ระบุ", "route_code": "9", "km_min": 10.25, "km_max": 16.3, "accident_count": 3, "deaths": 0, "serious_injury": 0, "minor_injury": 2, "fatal_crashes": 0, "injured_total": 2, "severity_index": 0.6667, "level": "low", "economic_loss": 116000, "epdo_million": 0.116, "single_count": 2, "multi_count": 1, "single_pct": 66.7, "multi_pct": 33.3, "pattern": "single", "top_cause": "ขับรถเร็วเกินอัตรากำหนด", "road_feature": "ทางตรง+ไม่มีความลาดชัน", "crash_pattern": "พลิกคว่ำ/ตกถนนในทางตรง", "road_type": "ทางหลวง", "speed_limit": 90, "road_label": "พระประแดง - บางแค", "road_label_source": "nearest_road", "road_ref": "ทล.9 กม.10.2-16.3", "medoid_raw": [100.409387, 13.644395], "snap_distance_m": 4.6}}, {"type": "Feature", "geometry": {"type": "Point", "coordinates": [100.676677, 13.860475]}, "properties": {"id": "zone_68", "unit_type": "cluster", "centroid": [13.860268, 100.676651], "radius_m": 68.9, "province": "กรุงเทพมหานคร", "road": "คลองพระยาสุเรนทร์ - ประเวศ", "route_code": "3901", "km_min": 39.2, "km_max": 49.7, "accident_count": 3, "deaths": 0, "serious_injury": 0, "minor_injury": 0, "fatal_crashes": 0, "injured_total": 0, "severity_index": 0.0, "level": "low", "economic_loss": 0, "epdo_million": 0.0, "single_count": 3, "multi_count": 0, "single_pct": 100.0, "multi_pct": 0.0, "pattern": "single", "top_cause": "ขับรถเร็วเกินอัตราที่กำหนด", "road_feature": "ทางตรง+ที่ราบ", "crash_pattern": "พลิกคว่ำ/ตกถนนในทางตรง", "road_type": "ทางหลวง", "speed_limit": 90, "road_label": "คลองพระยาสุเรนทร์ - ประเวศ", "road_label_source": "record", "road_ref": "ทล.3901 กม.39.2-49.7", "medoid_raw": [100.676699, 13.86047], "snap_distance_m": 2.44}}, {"type": "Feature", "geometry": {"type": "Point", "coordinates": [100.653268, 13.738974]}, "properties": {"id": "zone_69", "unit_type": "cluster", "centroid": [13.739116, 100.653407], "radius_m": 2154.9, "province": "กรุงเทพมหานคร", "road": "ถนนศรีนครินทร - แขวงคลองสองต้นนุ่น", "route_code": "7", "km_min": 0.1, "km_max": 3.7, "accident_count": 140, "deaths": 3, "serious_injury": 0, "minor_injury": 71, "fatal_crashes": 3, "injured_total": 71, "severity_index": 0.5286, "level": "low", "economic_loss": 24218000, "epdo_million": 24.218, "single_count": 41, "multi_count": 99, "single_pct": 29.3, "multi_pct": 70.7, "pattern": "multiple", "top_cause": "ขับรถเร็วเกินอัตรากำหนด", "road_feature": "ทางตรง+ไม่มีความลาดชัน", "crash_pattern": "ชนท้าย", "road_type": "ทางหลวง", "speed_limit": 90, "road_label": "ถนนศรีนครินทร - แขวงคลองสองต้นนุ่น", "road_label_source": "record", "road_ref": "ทล.7 กม.0.1-3.7", "medoid_raw": [100.653273, 13.738996], "snap_distance_m": 2.51}}, {"type": "Feature", "geometry": {"type": "Point", "coordinates": [100.704632, 13.732507]}, "properties": {"id": "zone_70", "unit_type": "cluster", "centroid": [13.732464, 100.70491], "radius_m": 1669.5, "province": "กรุงเทพมหานคร", "road": "ถนนศรีนครินทร - แขวงคลองสองต้นนุ่น", "route_code": "7", "km_min": 5.3, "km_max": 8.0, "accident_count": 148, "deaths": 1, "serious_injury": 0, "minor_injury": 58, "fatal_crashes": 1, "injured_total": 58, "severity_index": 0.3986, "level": "low", "economic_loss": 10064000, "epdo_million": 10.064, "single_count": 18, "multi_count": 130, "single_pct": 12.2, "multi_pct": 87.8, "pattern": "multiple", "top_cause": "ขับรถเร็วเกินอัตรากำหนด", "road_feature": "ทางตรง+ไม่มีความลาดชัน", "crash_pattern": "ชนท้าย", "road_type": "ทางหลวง", "speed_limit": 90, "road_label": "ถนนศรีนครินทร - แขวงคลองสองต้นนุ่น", "road_label_source": "record", "road_ref": "ทล.7 กม.5.3-8", "medoid_raw": [100.704634, 13.732526], "snap_distance_m": 2.12}}, {"type": "Feature", "geometry": {"type": "Point", "coordinates": [100.681128, 13.735086]}, "properties": {"id": "zone_71", "unit_type": "cluster", "centroid": [13.73504, 100.680894], "radius_m": 513.2, "province": "กรุงเทพมหานคร", "road": "ถนนศรีนครินทร - แขวงคลองสองต้นนุ่น", "route_code": "7", "km_min": 3.9, "km_max": 5.0, "accident_count": 21, "deaths": 0, "serious_injury": 0, "minor_injury": 3, "fatal_crashes": 0, "injured_total": 3, "severity_index": 0.1429, "level": "low", "economic_loss": 174000, "epdo_million": 0.174, "single_count": 2, "multi_count": 19, "single_pct": 9.5, "multi_pct": 90.5, "pattern": "multiple", "top_cause": "ขับรถเร็วเกินอัตรากำหนด", "road_feature": "ทางตรง+ไม่มีความลาดชัน", "crash_pattern": "ชนท้าย", "road_type": "ทางหลวง", "speed_limit": 90, "road_label": "ถนนศรีนครินทร - แขวงคลองสองต้นนุ่น", "road_label_source": "record", "road_ref": "ทล.7 กม.3.9-5", "medoid_raw": [100.681126, 13.735072], "snap_distance_m": 1.57}}, {"type": "Feature", "geometry": {"type": "Point", "coordinates": [100.681121, 13.873773]}, "properties": {"id": "zone_72", "unit_type": "cluster", "centroid": [13.872178, 100.684999], "radius_m": 6304.7, "province": "กรุงเทพมหานคร", "road": "บางปะอิน - แขวงรามอินทรา", "route_code": "9", "km_min": 31.3, "km_max": 44.3, "accident_count": 487, "deaths": 2, "serious_injury": 6, "minor_injury": 312, "fatal_crashes": 2, "injured_total": 318, "severity_index": 0.6571, "level": "low", "economic_loss": 43496000, "epdo_million": 43.496, "single_count": 124, "multi_count": 363, "single_pct": 25.5, "multi_pct": 74.5, "pattern": "multiple", "top_cause": "ขับรถเร็วเกินอัตรากำหนด", "road_feature": "ทางตรง+ไม่มีความลาดชัน", "crash_pattern": "ชนท้าย", "road_type": "ทางหลวง", "speed_limit": 90, "road_label": "บางปะอิน - แขวงรามอินทรา", "road_label_source": "record", "road_ref": "ทล.9 กม.31.3-44.3", "medoid_raw": [100.681164, 13.873752], "snap_distance_m": 5.2}}, {"type": "Feature", "geometry": {"type": "Point", "coordinates": [100.708878, 13.935053]}, "properties": {"id": "zone_73", "unit_type": "cluster", "centroid": [13.935616, 100.708722], "radius_m": 964.3, "province": "ปทุมธานี", "road": "บางปะอิน - แขวงรามอินทรา", "route_code": "9", "km_min": 29.4, "km_max": 31.5, "accident_count": 47, "deaths": 0, "serious_injury": 0, "minor_injury": 12, "fatal_crashes": 0, "injured_total": 12, "severity_index": 0.2553, "level": "low", "economic_loss": 696000, "epdo_million": 0.696, "single_count": 11, "multi_count": 36, "single_pct": 23.4, "multi_pct": 76.6, "pattern": "multiple", "top_cause": "ขับรถเร็วเกินอัตรากำหนด", "road_feature": "ทางตรง+ไม่มีความลาดชัน", "crash_pattern": "ชนท้าย", "road_type": "ทางหลวง", "speed_limit": 90, "road_label": "บางปะอิน - แขวงรามอินทรา", "road_label_source": "record", "road_ref": "ทล.9 กม.29.4-31.5", "medoid_raw": [100.708876, 13.935053], "snap_distance_m": 0.22}}, {"type": "Feature", "geometry": {"type": "Point", "coordinates": [100.711774, 13.946842]}, "properties": {"id": "zone_74", "unit_type": "cluster", "centroid": [13.946721, 100.711799], "radius_m": 164.7, "province": "ปทุมธานี", "road": "บางปะอิน - แขวงรามอินทรา", "route_code": "9", "km_min": 29.1, "km_max": 29.4, "accident_count": 7, "deaths": 0, "serious_injury": 0, "minor_injury": 0, "fatal_crashes": 0, "injured_total": 0, "severity_index": 0.0, "level": "low", "economic_loss": 0, "epdo_million": 0.0, "single_count": 0, "multi_count": 7, "single_pct": 0.0, "multi_pct": 100.0, "pattern": "multiple", "top_cause": "ขับรถเร็วเกินอัตรากำหนด", "road_feature": "ทางตรง+ไม่มีความลาดชัน", "crash_pattern": "ชนท้าย", "road_type": "ทางหลวง", "speed_limit": 90, "road_label": "บางปะอิน - แขวงรามอินทรา", "road_label_source": "record", "road_ref": "ทล.9 กม.29.1-29.4", "medoid_raw": [100.711784, 13.94684], "snap_distance_m": 1.1}}, {"type": "Feature", "geometry": {"type": "Point", "coordinates": [100.712745, 13.961821]}, "properties": {"id": "zone_75", "unit_type": "cluster", "centroid": [13.961984, 100.712816], "radius_m": 917.3, "province": "ปทุมธานี", "road": "บางปะอิน - แขวงรามอินทรา", "route_code": "9", "km_min": 26.7, "km_max": 28.5, "accident_count": 31, "deaths": 1, "serious_injury": 1, "minor_injury": 2, "fatal_crashes": 1, "injured_total": 3, "severity_index": 0.129, "level": "low", "economic_loss": 8816000, "epdo_million": 8.816, "single_count": 3, "multi_count": 28, "single_pct": 9.7, "multi_pct": 90.3, "pattern": "multiple", "top_cause": "ขับรถเร็วเกินอัตรากำหนด", "road_feature": "ทางตรง+ไม่มีความลาดชัน", "crash_pattern": "ชนท้าย", "road_type": "ทางหลวง", "speed_limit": 90, "road_label": "บางปะอิน - แขวงรามอินทรา", "road_label_source": "record", "road_ref": "ทล.9 กม.26.7-28.5", "medoid_raw": [100.71277, 13.96182], "snap_distance_m": 2.7}}, {"type": "Feature", "geometry": {"type": "Point", "coordinates": [100.713264, 13.974639]}, "properties": {"id": "zone_76", "unit_type": "cluster", "centroid": [13.974891, 100.713088], "radius_m": 303.2, "province": "ปทุมธานี", "road": "บางปะอิน - แขวงรามอินทรา", "route_code": "9", "km_min": 25.9, "km_max": 26.5, "accident_count": 8, "deaths": 0, "serious_injury": 0, "minor_injury": 0, "fatal_crashes": 0, "injured_total": 0, "severity_index": 0.0, "level": "low", "economic_loss": 0, "epdo_million": 0.0, "single_count": 2, "multi_count": 6, "single_pct": 25.0, "multi_pct": 75.0, "pattern": "multiple", "top_cause": "ขับรถเร็วเกินอัตรากำหนด", "road_feature": "ทางตรง+ไม่มีความลาดชัน", "crash_pattern": "ชนท้าย", "road_type": "ทางหลวง", "speed_limit": 90, "road_label": "บางปะอิน - แขวงรามอินทรา", "road_label_source": "record", "road_ref": "ทล.9 กม.25.9-26.5", "medoid_raw": [100.713169, 13.974637], "snap_distance_m": 10.25}}, {"type": "Feature", "geometry": {"type": "Point", "coordinates": [100.713345, 13.981843]}, "properties": {"id": "zone_77", "unit_type": "cluster", "centroid": [13.98157, 100.713255], "radius_m": 415.7, "province": "ปทุมธานี", "road": "บางปะอิน - แขวงรามอินทรา", "route_code": "9", "km_min": 25.0, "km_max": 25.7, "accident_count": 17, "deaths": 0, "serious_injury": 0, "minor_injury": 7, "fatal_crashes": 0, "injured_total": 7, "severity_index": 0.4118, "level": "low", "economic_loss": 406000, "epdo_million": 0.406, "single_count": 5, "multi_count": 12, "single_pct": 29.4, "multi_pct": 70.6, "pattern": "multiple", "top_cause": "ขับรถเร็วเกินอัตรากำหนด", "road_feature": "ทางตรง+ไม่มีความลาดชัน", "crash_pattern": "ชนท้าย", "road_type": "ทางหลวง", "speed_limit": 90, "road_label": "บางปะอิน - แขวงรามอินทรา", "road_label_source": "record", "road_ref": "ทล.9 กม.25-25.7", "medoid_raw": [100.713297, 13.981844], "snap_distance_m": 5.18}}, {"type": "Feature", "geometry": {"type": "Point", "coordinates": [100.712795, 13.951435]}, "properties": {"id": "zone_78", "unit_type": "cluster", "centroid": [13.951378, 100.712728], "radius_m": 109.5, "province": "ปทุมธานี", "road": "บางปะอิน - แขวงรามอินทรา", "route_code": "9", "km_min": 28.7, "km_max": 29.0, "accident_count": 4, "deaths": 0, "serious_injury": 0, "minor_injury": 3, "fatal_crashes": 0, "injured_total": 3, "severity_index": 0.75, "level": "low", "economic_loss": 174000, "epdo_million": 0.174, "single_count": 2, "multi_count": 2, "single_pct": 50.0, "multi_pct": 50.0, "pattern": "mixed", "top_cause": "ขับรถเร็วเกินอัตรากำหนด", "road_feature": "ทางตรง+ไม่มีความลาดชัน", "crash_pattern": "ชนท้าย", "road_type": "ทางหลวง", "speed_limit": 90, "road_label": "บางปะอิน - แขวงรามอินทรา", "road_label_source": "record", "road_ref": "ทล.9 กม.28.7-29", "medoid_raw": [100.712812, 13.951434], "snap_distance_m": 1.84}}, {"type": "Feature", "geometry": {"type": "Point", "coordinates": [100.638848, 13.742214]}, "properties": {"id": "zone_79", "unit_type": "cluster", "centroid": [13.742074, 100.639058], "radius_m": 109.9, "province": "กรุงเทพมหานคร", "road": "พญาไท-ศรีนครินทร์", "route_code": "E002S016|I", "km_min": 12.8, "km_max": 13.0, "accident_count": 13, "deaths": 0, "serious_injury": 0, "minor_injury": 4, "fatal_crashes": 0, "injured_total": 4, "severity_index": 0.3077, "level": "low", "economic_loss": 232000, "epdo_million": 0.232, "single_count": 3, "multi_count": 10, "single_pct": 23.1, "multi_pct": 76.9, "pattern": "multiple", "top_cause": "ขับรถกระชั้นชิด", "road_feature": "ทางแยกต่างระดับ/Ramps", "crash_pattern": "ชนท้าย", "road_type": "การทางพิเศษ", "speed_limit": 100, "road_label": "พญาไท-ศรีนครินทร์", "road_label_source": "record", "road_ref": "ทางพิเศษสายE002S016|I กม.12.8-13", "medoid_raw": [100.638841, 13.742179], "snap_distance_m": 3.96}}, {"type": "Feature", "geometry": {"type": "Point", "coordinates": [100.673156, 13.819334]}, "properties": {"id": "zone_80", "unit_type": "cluster", "centroid": [13.819283, 100.673007], "radius_m": 172.7, "province": "กรุงเทพมหานคร", "road": "รัชดาภิเษก - รามอินทรา", "route_code": "350", "km_min": 3.6, "km_max": 3.825, "accident_count": 3, "deaths": 0, "serious_injury": 1, "minor_injury": 0, "fatal_crashes": 0, "injured_total": 1, "severity_index": 0.3333, "level": "low", "economic_loss": 2000000, "epdo_million": 2.0, "single_count": 2, "multi_count": 1, "single_pct": 66.7, "multi_pct": 33.3, "pattern": "single", "top_cause": "ขับรถเร็วเกินอัตรากำหนด", "road_feature": "สะพาน+ที่ราบ", "crash_pattern": "ชนสิ่งกีดขวาง (บนผิวจราจร)", "road_type": "ทางหลวง", "speed_limit": 90, "road_label": "รัชดาภิเษก - รามอินทรา", "road_label_source": "record", "road_ref": "ทล.350 กม.3.6-3.8", "medoid_raw": [100.673152, 13.8193], "snap_distance_m": 3.81}}, {"type": "Feature", "geometry": {"type": "Point", "coordinates": [100.745398, 13.729588]}, "properties": {"id": "zone_81", "unit_type": "cluster", "centroid": [13.730531, 100.745445], "radius_m": 6373.5, "province": "กรุงเทพมหานคร", "road": "แขวงคลองสองต้นนุ่น - พิมพา", "route_code": "7", "km_min": 8.0, "km_max": 18.7, "accident_count": 606, "deaths": 1, "serious_injury": 4, "minor_injury": 200, "fatal_crashes": 1, "injured_total": 204, "severity_index": 0.3383, "level": "low", "economic_loss": 26300000, "epdo_million": 26.3, "single_count": 114, "multi_count": 492, "single_pct": 18.8, "multi_pct": 81.2, "pattern": "multiple", "top_cause": "ขับรถเร็วเกินอัตรากำหนด", "road_feature": "ทางตรง+ไม่มีความลาดชัน", "crash_pattern": "ชนท้าย", "road_type": "ทางหลวง", "speed_limit": 90, "road_label": "แขวงคลองสองต้นนุ่น - พิมพา", "road_label_source": "record", "road_ref": "ทล.7 กม.8-18.7", "medoid_raw": [100.745397, 13.72962], "snap_distance_m": 3.56}}, {"type": "Feature", "geometry": {"type": "Point", "coordinates": [100.68229, 13.795898]}, "properties": {"id": "zone_82", "unit_type": "cluster", "centroid": [13.79588, 100.682031], "radius_m": 2594.1, "province": "กรุงเทพมหานคร", "road": "แขวงรามอินทรา - บางพลี", "route_code": "9", "km_min": 44.3, "km_max": 49.3, "accident_count": 191, "deaths": 1, "serious_injury": 1, "minor_injury": 144, "fatal_crashes": 1, "injured_total": 145, "severity_index": 0.7644, "level": "low", "economic_loss": 17052000, "epdo_million": 17.052, "single_count": 51, "multi_count": 140, "single_pct": 26.7, "multi_pct": 73.3, "pattern": "multiple", "top_cause": "ขับรถเร็วเกินอัตรากำหนด", "road_feature": "ทางตรง+ไม่มีความลาดชัน", "crash_pattern": "ชนท้าย", "road_type": "ทางหลวง", "speed_limit": 90, "road_label": "แขวงรามอินทรา - บางพลี", "road_label_source": "record", "road_ref": "ทล.9 กม.44.3-49.3", "medoid_raw": [100.682286, 13.795897], "snap_distance_m": 0.45}}, {"type": "Feature", "geometry": {"type": "Point", "coordinates": [100.702222, 13.730486]}, "properties": {"id": "zone_83", "unit_type": "cluster", "centroid": [13.730494, 100.702369], "radius_m": 2077.7, "province": "กรุงเทพมหานคร", "road": "แขวงรามอินทรา - บางพลี", "route_code": "9", "km_min": 52.8, "km_max": 56.6, "accident_count": 154, "deaths": 2, "serious_injury": 0, "minor_injury": 81, "fatal_crashes": 2, "injured_total": 81, "severity_index": 0.539, "level": "low", "economic_loss": 18098000, "epdo_million": 18.098, "single_count": 79, "multi_count": 75, "single_pct": 51.3, "multi_pct": 48.7, "pattern": "mixed", "top_cause": "ขับรถเร็วเกินอัตรากำหนด", "road_feature": "ทางตรง+ไม่มีความลาดชัน", "crash_pattern": "ชนท้าย", "road_type": "ทางหลวง", "speed_limit": 90, "road_label": "แขวงรามอินทรา - บางพลี", "road_label_source": "record", "road_ref": "ทล.9 กม.52.8-56.6", "medoid_raw": [100.70222, 13.730474], "snap_distance_m": 1.35}}, {"type": "Feature", "geometry": {"type": "Point", "coordinates": [100.693322, 13.766798]}, "properties": {"id": "zone_84", "unit_type": "cluster", "centroid": [13.766716, 100.693282], "radius_m": 709.8, "province": "กรุงเทพมหานคร", "road": "แขวงรามอินทรา - บางพลี", "route_code": "9", "km_min": 49.5, "km_max": 51.0, "accident_count": 71, "deaths": 0, "serious_injury": 2, "minor_injury": 46, "fatal_crashes": 0, "injured_total": 48, "severity_index": 0.6761, "level": "low", "economic_loss": 6668000, "epdo_million": 6.668, "single_count": 13, "multi_count": 58, "single_pct": 18.3, "multi_pct": 81.7, "pattern": "multiple", "top_cause": "ขับรถเร็วเกินอัตรากำหนด", "road_feature": "ทางตรง+ไม่มีความลาดชัน", "crash_pattern": "ชนท้าย", "road_type": "ทางหลวง", "speed_limit": 90, "road_label": "แขวงรามอินทรา - บางพลี", "road_label_source": "record", "road_ref": "ทล.9 กม.49.5-51", "medoid_raw": [100.69331, 13.766792], "snap_distance_m": 1.46}}, {"type": "Feature", "geometry": {"type": "Point", "coordinates": [100.699822, 13.754207]}, "properties": {"id": "zone_85", "unit_type": "cluster", "centroid": [13.754294, 100.699934], "radius_m": 734.4, "province": "กรุงเทพมหานคร", "road": "แขวงรามอินทรา - บางพลี", "route_code": "9", "km_min": 51.1, "km_max": 52.6, "accident_count": 46, "deaths": 0, "serious_injury": 0, "minor_injury": 37, "fatal_crashes": 0, "injured_total": 37, "severity_index": 0.8043, "level": "low", "economic_loss": 2146000, "epdo_million": 2.146, "single_count": 10, "multi_count": 36, "single_pct": 21.7, "multi_pct": 78.3, "pattern": "multiple", "top_cause": "ขับรถเร็วเกินอัตรากำหนด", "road_feature": "ทางตรง+ไม่มีความลาดชัน", "crash_pattern": "ชนท้าย", "road_type": "ทางหลวง", "speed_limit": 90, "road_label": "แขวงรามอินทรา - บางพลี", "road_label_source": "record", "road_ref": "ทล.9 กม.51.1-52.6", "medoid_raw": [100.699823, 13.754208], "snap_distance_m": 0.16}}, {"type": "Feature", "geometry": {"type": "Point", "coordinates": [100.67636, 13.817574]}, "properties": {"id": "zone_86", "unit_type": "cluster", "centroid": [13.817631, 100.676255], "radius_m": 1113.2, "province": "กรุงเทพมหานคร", "road": "ไม่ระบุ", "route_code": "9", "km_min": 12.25, "km_max": 45.5, "accident_count": 54, "deaths": 1, "serious_injury": 2, "minor_injury": 38, "fatal_crashes": 1, "injured_total": 40, "severity_index": 0.7593, "level": "low", "economic_loss": 12904000, "epdo_million": 12.904, "single_count": 27, "multi_count": 27, "single_pct": 50.0, "multi_pct": 50.0, "pattern": "mixed", "top_cause": "ขับรถเร็วเกินอัตรากำหนด", "road_feature": "ทางตรง+ไม่มีความลาดชัน", "crash_pattern": "ชนท้าย", "road_type": "ทางหลวง", "speed_limit": 90, "road_label": "แขวงรามอินทรา - บางพลี", "road_label_source": "nearest_road", "road_ref": "ทล.9 กม.12.2-45.5", "medoid_raw": [100.676329, 13.817567], "snap_distance_m": 3.44}}, {"type": "Feature", "geometry": {"type": "Point", "coordinates": [100.647008, 13.740266]}, "properties": {"id": "zone_87", "unit_type": "cluster", "centroid": [13.740275, 100.647049], "radius_m": 593.3, "province": "กรุงเทพมหานคร", "road": "ไม่ระบุ", "route_code": "7", "km_min": 0.1, "km_max": 1.2, "accident_count": 39, "deaths": 1, "serious_injury": 0, "minor_injury": 14, "fatal_crashes": 1, "injured_total": 14, "severity_index": 0.3846, "level": "low", "economic_loss": 7512000, "epdo_million": 7.512, "single_count": 6, "multi_count": 33, "single_pct": 15.4, "multi_pct": 84.6, "pattern": "multiple", "top_cause": "ขับรถเร็วเกินอัตรากำหนด", "road_feature": "ทางตรง+ไม่มีความลาดชัน", "crash_pattern": "ชนท้าย", "road_type": "ทางหลวง", "speed_limit": 90, "road_label": "ถนนศรีนครินทร - แขวงคลองสองต้นนุ่น", "road_label_source": "nearest_road", "road_ref": "ทล.7 กม.0.1-1.2", "medoid_raw": [100.647011, 13.740282], "snap_distance_m": 1.81}}, {"type": "Feature", "geometry": {"type": "Point", "coordinates": [100.786073, 13.732513]}, "properties": {"id": "zone_88", "unit_type": "cluster", "centroid": [13.732558, 100.786058], "radius_m": 885.3, "province": "กรุงเทพมหานคร", "road": "ไม่ระบุ", "route_code": "7", "km_min": 15.1, "km_max": 16.7, "accident_count": 36, "deaths": 0, "serious_injury": 0, "minor_injury": 13, "fatal_crashes": 0, "injured_total": 13, "severity_index": 0.3611, "level": "low", "economic_loss": 754000, "epdo_million": 0.754, "single_count": 24, "multi_count": 12, "single_pct": 66.7, "multi_pct": 33.3, "pattern": "single", "top_cause": "ขับรถเร็วเกินอัตรากำหนด", "road_feature": "ทางตรง+ไม่มีความลาดชัน", "crash_pattern": "พลิกคว่ำ/ตกถนนในทางตรง", "road_type": "ทางหลวง", "speed_limit": 90, "road_label": "แขวงคลองสองต้นนุ่น - พิมพา", "road_label_source": "nearest_road", "road_ref": "ทล.7 กม.15.1-16.7", "medoid_raw": [100.78607, 13.732538], "snap_distance_m": 2.8}}, {"type": "Feature", "geometry": {"type": "Point", "coordinates": [100.729955, 13.729727]}, "properties": {"id": "zone_89", "unit_type": "cluster", "centroid": [13.731328, 100.729535], "radius_m": 4794.1, "province": "กรุงเทพมหานคร", "road": "ไม่ระบุ", "route_code": "7", "km_min": 6.7, "km_max": 54.3, "accident_count": 360, "deaths": 1, "serious_injury": 4, "minor_injury": 111, "fatal_crashes": 1, "injured_total": 115, "severity_index": 0.3222, "level": "low", "economic_loss": 21138000, "epdo_million": 21.138, "single_count": 73, "multi_count": 287, "single_pct": 20.3, "multi_pct": 79.7, "pattern": "multiple", "top_cause": "ขับรถเร็วเกินอัตรากำหนด", "road_feature": "ทางตรง+ไม่มีความลาดชัน", "crash_pattern": "ชนท้าย", "road_type": "ทางหลวง", "speed_limit": 90, "road_label": "แขวงคลองสองต้นนุ่น - พิมพา", "road_label_source": "nearest_road", "road_ref": "ทล.7 กม.6.7-54.3", "medoid_raw": [100.729957, 13.729742], "snap_distance_m": 1.68}}, {"type": "Feature", "geometry": {"type": "Point", "coordinates": [100.692638, 13.767617]}, "properties": {"id": "zone_90", "unit_type": "cluster", "centroid": [13.768193, 100.692525], "radius_m": 1872.2, "province": "กรุงเทพมหานคร", "road": "ไม่ระบุ", "route_code": "9", "km_min": 48.3, "km_max": 51.6, "accident_count": 67, "deaths": 1, "serious_injury": 0, "minor_injury": 45, "fatal_crashes": 1, "injured_total": 45, "severity_index": 0.6866, "level": "low", "economic_loss": 9310000, "epdo_million": 9.31, "single_count": 17, "multi_count": 50, "single_pct": 25.4, "multi_pct": 74.6, "pattern": "multiple", "top_cause": "ขับรถเร็วเกินอัตรากำหนด", "road_feature": "ทางตรง+ไม่มีความลาดชัน", "crash_pattern": "ชนท้าย", "road_type": "ทางหลวง", "speed_limit": 90, "road_label": "แขวงรามอินทรา - บางพลี", "road_label_source": "nearest_road", "road_ref": "ทล.9 กม.48.3-51.6", "medoid_raw": [100.692664, 13.767632], "snap_distance_m": 3.27}}, {"type": "Feature", "geometry": {"type": "Point", "coordinates": [100.673792, 13.834616]}, "properties": {"id": "zone_91", "unit_type": "cluster", "centroid": [13.834722, 100.673649], "radius_m": 1399.3, "province": "กรุงเทพมหานคร", "road": "ไม่ระบุ", "route_code": "9", "km_min": 41.1, "km_max": 43.7, "accident_count": 59, "deaths": 0, "serious_injury": 1, "minor_injury": 55, "fatal_crashes": 0, "injured_total": 56, "severity_index": 0.9492, "level": "low", "economic_loss": 5190000, "epdo_million": 5.19, "single_count": 21, "multi_count": 38, "single_pct": 35.6, "multi_pct": 64.4, "pattern": "multiple", "top_cause": "ขับรถเร็วเกินอัตรากำหนด", "road_feature": "ทางตรง+ไม่มีความลาดชัน", "crash_pattern": "ชนท้าย", "road_type": "ทางหลวง", "speed_limit": 90, "road_label": "บางปะอิน - แขวงรามอินทรา", "road_label_source": "nearest_road", "road_ref": "ทล.9 กม.41.1-43.7", "medoid_raw": [100.67379, 13.834616], "snap_distance_m": 0.22}}, {"type": "Feature", "geometry": {"type": "Point", "coordinates": [100.699952, 13.709444]}, "properties": {"id": "zone_92", "unit_type": "cluster", "centroid": [13.709231, 100.700067], "radius_m": 232.1, "province": "กรุงเทพมหานคร", "road": "ไม่ระบุ", "route_code": "9", "km_min": 56.6, "km_max": 57.3, "accident_count": 6, "deaths": 0, "serious_injury": 0, "minor_injury": 4, "fatal_crashes": 0, "injured_total": 4, "severity_index": 0.6667, "level": "low", "economic_loss": 232000, "epdo_million": 0.232, "single_count": 0, "multi_count": 6, "single_pct": 0.0, "multi_pct": 100.0, "pattern": "multiple", "top_cause": "ขับรถเร็วเกินอัตราที่กำหนด", "road_feature": "ทางตรง+ที่ราบ", "crash_pattern": "ชนท้าย", "road_type": "ทางหลวง", "speed_limit": 90, "road_label": "แขวงรามอินทรา - บางพลี", "road_label_source": "nearest_road", "road_ref": "ทล.9 กม.56.6-57.3", "medoid_raw": [100.69993, 13.709445], "snap_distance_m": 2.38}}, {"type": "Feature", "geometry": {"type": "Point", "coordinates": [100.701196, 13.725767]}, "properties": {"id": "zone_93", "unit_type": "cluster", "centroid": [13.725951, 100.701463], "radius_m": 606.4, "province": "กรุงเทพมหานคร", "road": "ไม่ระบุ", "route_code": "9", "km_min": 54.0, "km_max": 55.8, "accident_count": 17, "deaths": 0, "serious_injury": 1, "minor_injury": 5, "fatal_crashes": 0, "injured_total": 6, "severity_index": 0.3529, "level": "low", "economic_loss": 2290000, "epdo_million": 2.29, "single_count": 7, "multi_count": 10, "single_pct": 41.2, "multi_pct": 58.8, "pattern": "mixed", "top_cause": "ขับรถเร็วเกินอัตรากำหนด", "road_feature": "ทางตรง+ไม่มีความลาดชัน", "crash_pattern": "ชนท้าย", "road_type": "ทางหลวง", "speed_limit": 90, "road_label": "แขวงรามอินทรา - บางพลี", "road_label_source": "nearest_road", "road_ref": "ทล.9 กม.54-55.8", "medoid_raw": [100.701187, 13.725769], "snap_distance_m": 1.0}}, {"type": "Feature", "geometry": {"type": "Point", "coordinates": [100.683446, 13.789633]}, "properties": {"id": "zone_94", "unit_type": "cluster", "centroid": [13.789807, 100.683467], "radius_m": 828.3, "province": "กรุงเทพมหานคร", "road": "ไม่ระบุ", "route_code": "9", "km_min": 46.8, "km_max": 48.1, "accident_count": 30, "deaths": 0, "serious_injury": 3, "minor_injury": 35, "fatal_crashes": 0, "injured_total": 38, "severity_index": 1.2667, "level": "medium", "economic_loss": 8030000, "epdo_million": 8.03, "single_count": 6, "multi_count": 24, "single_pct": 20.0, "multi_pct": 80.0, "pattern": "multiple", "top_cause": "ขับรถเร็วเกินอัตรากำหนด", "road_feature": "ทางตรง+ไม่มีความลาดชัน", "crash_pattern": "ชนท้าย", "road_type": "ทางหลวง", "speed_limit": 90, "road_label": "แขวงรามอินทรา - บางพลี", "road_label_source": "nearest_road", "road_ref": "ทล.9 กม.46.8-48.1", "medoid_raw": [100.683445, 13.789633], "snap_distance_m": 0.11}}, {"type": "Feature", "geometry": {"type": "Point", "coordinates": [100.798739, 13.733906]}, "properties": {"id": "zone_95", "unit_type": "cluster", "centroid": [13.733794, 100.798199], "radius_m": 394.8, "province": "กรุงเทพมหานคร", "road": "ไม่ระบุ", "route_code": "7", "km_min": 17.0, "km_max": 17.7, "accident_count": 10, "deaths": 0, "serious_injury": 1, "minor_injury": 1, "fatal_crashes": 0, "injured_total": 2, "severity_index": 0.2, "level": "low", "economic_loss": 2058000, "epdo_million": 2.058, "single_count": 4, "multi_count": 6, "single_pct": 40.0, "multi_pct": 60.0, "pattern": "multiple", "top_cause": "ขับรถเร็วเกินอัตรากำหนด", "road_feature": "ทางตรง+ไม่มีความลาดชัน", "crash_pattern": "ชนท้าย", "road_type": "ทางหลวง", "speed_limit": 90, "road_label": "แขวงคลองสองต้นนุ่น - พิมพา", "road_label_source": "nearest_road", "road_ref": "ทล.7 กม.17-17.7", "medoid_raw": [100.798738, 13.733917], "snap_distance_m": 1.23}}, {"type": "Feature", "geometry": {"type": "Point", "coordinates": [100.695063, 13.900612]}, "properties": {"id": "zone_96", "unit_type": "cluster", "centroid": [13.900991, 100.695034], "radius_m": 683.9, "province": "กรุงเทพมหานคร", "road": "ไม่ระบุ", "route_code": "9", "km_min": 34.0, "km_max": 35.2, "accident_count": 28, "deaths": 1, "serious_injury": 0, "minor_injury": 21, "fatal_crashes": 1, "injured_total": 21, "severity_index": 0.7857, "level": "low", "economic_loss": 7918000, "epdo_million": 7.918, "single_count": 11, "multi_count": 17, "single_pct": 39.3, "multi_pct": 60.7, "pattern": "multiple", "top_cause": "ขับรถเร็วเกินอัตรากำหนด", "road_feature": "ทางตรง+ไม่มีความลาดชัน", "crash_pattern": "ชนท้าย", "road_type": "ทางหลวง", "speed_limit": 90, "road_label": "บางปะอิน - แขวงรามอินทรา", "road_label_source": "nearest_road", "road_ref": "ทล.9 กม.34-35.2", "medoid_raw": [100.695059, 13.900615], "snap_distance_m": 0.55}}, {"type": "Feature", "geometry": {"type": "Point", "coordinates": [100.681579, 13.874651]}, "properties": {"id": "zone_97", "unit_type": "cluster", "centroid": [13.874494, 100.681422], "radius_m": 208.7, "province": "กรุงเทพมหานคร", "road": "ไม่ระบุ", "route_code": "9", "km_min": 37.8, "km_max": 38.1, "accident_count": 5, "deaths": 0, "serious_injury": 0, "minor_injury": 5, "fatal_crashes": 0, "injured_total": 5, "severity_index": 1.0, "level": "medium", "economic_loss": 290000, "epdo_million": 0.29, "single_count": 2, "multi_count": 3, "single_pct": 40.0, "multi_pct": 60.0, "pattern": "multiple", "top_cause": "ขับรถเร็วเกินอัตรากำหนด", "road_feature": "ทางตรง+ไม่มีความลาดชัน", "crash_pattern": "พลิกคว่ำ/ตกถนนในทางตรง", "road_type": "ทางหลวง", "speed_limit": 90, "road_label": "บางปะอิน - แขวงรามอินทรา", "road_label_source": "nearest_road", "road_ref": "ทล.9 กม.37.8-38.1", "medoid_raw": [100.681602, 13.87464], "snap_distance_m": 2.77}}, {"type": "Feature", "geometry": {"type": "Point", "coordinates": [100.700526, 13.911826]}, "properties": {"id": "zone_98", "unit_type": "cluster", "centroid": [13.911765, 100.700583], "radius_m": 433.9, "province": "กรุงเทพมหานคร", "road": "ไม่ระบุ", "route_code": "9", "km_min": 32.9, "km_max": 33.8, "accident_count": 17, "deaths": 0, "serious_injury": 0, "minor_injury": 7, "fatal_crashes": 0, "injured_total": 7, "severity_index": 0.4118, "level": "low", "economic_loss": 406000, "epdo_million": 0.406, "single_count": 5, "multi_count": 12, "single_pct": 29.4, "multi_pct": 70.6, "pattern": "multiple", "top_cause": "ขับรถเร็วเกินอัตรากำหนด", "road_feature": "ทางตรง+ไม่มีความลาดชัน", "crash_pattern": "ชนท้าย", "road_type": "ทางหลวง", "speed_limit": 90, "road_label": "บางปะอิน - แขวงรามอินทรา", "road_label_source": "nearest_road", "road_ref": "ทล.9 กม.32.9-33.8", "medoid_raw": [100.700485, 13.911838], "snap_distance_m": 4.62}}, {"type": "Feature", "geometry": {"type": "Point", "coordinates": [100.664844, 13.737012]}, "properties": {"id": "zone_99", "unit_type": "cluster", "centroid": [13.737078, 100.6647], "radius_m": 719.0, "province": "กรุงเทพมหานคร", "road": "ไม่ระบุ", "route_code": "7", "km_min": 1.8, "km_max": 3.3, "accident_count": 22, "deaths": 0, "serious_injury": 2, "minor_injury": 15, "fatal_crashes": 0, "injured_total": 17, "severity_index": 0.7727, "level": "low", "economic_loss": 4870000, "epdo_million": 4.87, "single_count": 2, "multi_count": 20, "single_pct": 9.1, "multi_pct": 90.9, "pattern": "multiple", "top_cause": "ขับรถเร็วเกินอัตรากำหนด", "road_feature": "ทางตรง+ไม่มีความลาดชัน", "crash_pattern": "ชนท้าย", "road_type": "ทางหลวง", "speed_limit": 90, "road_label": "ถนนศรีนครินทร - แขวงคลองสองต้นนุ่น", "road_label_source": "nearest_road", "road_ref": "ทล.7 กม.1.8-3.3", "medoid_raw": [100.664844, 13.73701], "snap_distance_m": 0.22}}, {"type": "Feature", "geometry": {"type": "Point", "coordinates": [100.677818, 13.867319]}, "properties": {"id": "zone_100", "unit_type": "cluster", "centroid": [13.867371, 100.677858], "radius_m": 104.7, "province": "กรุงเทพมหานคร", "road": "ไม่ระบุ", "route_code": "9", "km_min": 38.7, "km_max": 39.1, "accident_count": 3, "deaths": 0, "serious_injury": 0, "minor_injury": 3, "fatal_crashes": 0, "injured_total": 3, "severity_index": 1.0, "level": "medium", "economic_loss": 174000, "epdo_million": 0.174, "single_count": 1, "multi_count": 2, "single_pct": 33.3, "multi_pct": 66.7, "pattern": "multiple", "top_cause": "ขับรถเร็วเกินอัตรากำหนด", "road_feature": "ทางตรง+ไม่มีความลาดชัน", "crash_pattern": "ชนท้าย", "road_type": "ทางหลวง", "speed_limit": 90, "road_label": "บางปะอิน - แขวงรามอินทรา", "road_label_source": "nearest_road", "road_ref": "ทล.9 กม.38.7-39.1", "medoid_raw": [100.677783, 13.867329], "snap_distance_m": 3.94}}, {"type": "Feature", "geometry": {"type": "Point", "coordinates": [100.686107, 13.883371]}, "properties": {"id": "zone_101", "unit_type": "cluster", "centroid": [13.883324, 100.685974], "radius_m": 107.1, "province": "กรุงเทพมหานคร", "road": "ไม่ระบุ", "route_code": "9", "km_min": 36.7, "km_max": 37.0, "accident_count": 5, "deaths": 0, "serious_injury": 0, "minor_injury": 5, "fatal_crashes": 0, "injured_total": 5, "severity_index": 1.0, "level": "medium", "economic_loss": 290000, "epdo_million": 0.29, "single_count": 1, "multi_count": 4, "single_pct": 20.0, "multi_pct": 80.0, "pattern": "multiple", "top_cause": "ขับรถเร็วเกินอัตรากำหนด", "road_feature": "ทางตรง+ไม่มีความลาดชัน", "crash_pattern": "ชนท้าย", "road_type": "ทางหลวง", "speed_limit": 90, "road_label": "บางปะอิน - แขวงรามอินทรา", "road_label_source": "nearest_road", "road_ref": "ทล.9 กม.36.7-37", "medoid_raw": [100.686092, 13.883378], "snap_distance_m": 1.8}}, {"type": "Feature", "geometry": {"type": "Point", "coordinates": [100.68109, 13.734901]}, "properties": {"id": "zone_102", "unit_type": "cluster", "centroid": [13.735038, 100.680609], "radius_m": 300.1, "province": "กรุงเทพมหานคร", "road": "ไม่ระบุ", "route_code": "7", "km_min": 4.1, "km_max": 4.5, "accident_count": 8, "deaths": 0, "serious_injury": 0, "minor_injury": 1, "fatal_crashes": 0, "injured_total": 1, "severity_index": 0.125, "level": "low", "economic_loss": 58000, "epdo_million": 0.058, "single_count": 2, "multi_count": 6, "single_pct": 25.0, "multi_pct": 75.0, "pattern": "multiple", "top_cause": "ขับรถเร็วเกินอัตรากำหนด", "road_feature": "ทางตรง+ไม่มีความลาดชัน", "crash_pattern": "ชนท้าย", "road_type": "ทางหลวง", "speed_limit": 90, "road_label": "ถนนศรีนครินทร - แขวงคลองสองต้นนุ่น", "road_label_source": "nearest_road", "road_ref": "ทล.7 กม.4.1-4.5", "medoid_raw": [100.681089, 13.734895], "snap_distance_m": 0.68}}, {"type": "Feature", "geometry": {"type": "Point", "coordinates": [100.693798, 13.7337]}, "properties": {"id": "zone_103", "unit_type": "cluster", "centroid": [13.733663, 100.693706], "radius_m": 784.1, "province": "กรุงเทพมหานคร", "road": "ไม่ระบุ", "route_code": "7", "km_min": 5.0, "km_max": 6.5, "accident_count": 21, "deaths": 0, "serious_injury": 0, "minor_injury": 6, "fatal_crashes": 0, "injured_total": 6, "severity_index": 0.2857, "level": "low", "economic_loss": 348000, "epdo_million": 0.348, "single_count": 4, "multi_count": 17, "single_pct": 19.0, "multi_pct": 81.0, "pattern": "multiple", "top_cause": "ขับรถเร็วเกินอัตรากำหนด", "road_feature": "ทางตรง+ไม่มีความลาดชัน", "crash_pattern": "ชนท้าย", "road_type": "ทางหลวง", "speed_limit": 90, "road_label": "ถนนศรีนครินทร - แขวงคลองสองต้นนุ่น", "road_label_source": "nearest_road", "road_ref": "ทล.7 กม.5-6.5", "medoid_raw": [100.693796, 13.733683], "snap_distance_m": 1.9}}, {"type": "Feature", "geometry": {"type": "Point", "coordinates": [100.676354, 13.861109]}, "properties": {"id": "zone_104", "unit_type": "cluster", "centroid": [13.860502, 100.676267], "radius_m": 405.0, "province": "กรุงเทพมหานคร", "road": "ไม่ระบุ", "route_code": "9", "km_min": 39.2, "km_max": 40.77, "accident_count": 10, "deaths": 0, "serious_injury": 0, "minor_injury": 10, "fatal_crashes": 0, "injured_total": 10, "severity_index": 1.0, "level": "medium", "economic_loss": 580000, "epdo_million": 0.58, "single_count": 2, "multi_count": 8, "single_pct": 20.0, "multi_pct": 80.0, "pattern": "multiple", "top_cause": "ขับรถเร็วเกินอัตรากำหนด", "road_feature": "ทางตรง+ไม่มีความลาดชัน", "crash_pattern": "ชนท้าย", "road_type": "ทางหลวง", "speed_limit": 90, "road_label": "บางปะอิน - แขวงรามอินทรา", "road_label_source": "nearest_road", "road_ref": "ทล.9 กม.39.2-40.8", "medoid_raw": [100.676283, 13.861125], "snap_distance_m": 7.87}}, {"type": "Feature", "geometry": {"type": "Point", "coordinates": [100.680341, 13.802379]}, "properties": {"id": "zone_105", "unit_type": "cluster", "centroid": [13.802694, 100.680124], "radius_m": 429.4, "province": "กรุงเทพมหานคร", "road": "ไม่ระบุ", "route_code": "9", "km_min": 45.7, "km_max": 46.4, "accident_count": 15, "deaths": 2, "serious_injury": 0, "minor_injury": 7, "fatal_crashes": 1, "injured_total": 7, "severity_index": 0.5333, "level": "low", "economic_loss": 13806000, "epdo_million": 13.806, "single_count": 3, "multi_count": 12, "single_pct": 20.0, "multi_pct": 80.0, "pattern": "multiple", "top_cause": "ขับรถเร็วเกินอัตรากำหนด", "road_feature": "ทางตรง+ไม่มีความลาดชัน", "crash_pattern": "ชนท้าย", "road_type": "ทางหลวง", "speed_limit": 90, "road_label": "แขวงรามอินทรา - บางพลี", "road_label_source": "nearest_road", "road_ref": "ทล.9 กม.45.7-46.4", "medoid_raw": [100.680301, 13.802369], "snap_distance_m": 4.46}}, {"type": "Feature", "geometry": {"type": "Point", "coordinates": [100.684743, 13.881141]}, "properties": {"id": "zone_106", "unit_type": "cluster", "centroid": [13.880938, 100.684596], "radius_m": 99.3, "province": "กรุงเทพมหานคร", "road": "ไม่ระบุ", "route_code": "9", "km_min": 37.1, "km_max": 37.2, "accident_count": 7, "deaths": 0, "serious_injury": 0, "minor_injury": 5, "fatal_crashes": 0, "injured_total": 5, "severity_index": 0.7143, "level": "low", "economic_loss": 290000, "epdo_million": 0.29, "single_count": 2, "multi_count": 5, "single_pct": 28.6, "multi_pct": 71.4, "pattern": "multiple", "top_cause": "ขับรถเร็วเกินอัตรากำหนด", "road_feature": "ทางตรง+ไม่มีความลาดชัน", "crash_pattern": "ชนท้าย", "road_type": "ทางหลวง", "speed_limit": 90, "road_label": "บางปะอิน - แขวงรามอินทรา", "road_label_source": "nearest_road", "road_ref": "ทล.9 กม.37.1-37.2", "medoid_raw": [100.684676, 13.881174], "snap_distance_m": 8.11}}, {"type": "Feature", "geometry": {"type": "Point", "coordinates": [100.674614, 13.735691]}, "properties": {"id": "zone_107", "unit_type": "cluster", "centroid": [13.735683, 100.674665], "radius_m": 19.4, "province": "กรุงเทพมหานคร", "road": "ไม่ระบุ", "route_code": "7", "km_min": 3.7, "km_max": 3.7, "accident_count": 3, "deaths": 0, "serious_injury": 0, "minor_injury": 2, "fatal_crashes": 0, "injured_total": 2, "severity_index": 0.6667, "level": "low", "economic_loss": 116000, "epdo_million": 0.116, "single_count": 0, "multi_count": 3, "single_pct": 0.0, "multi_pct": 100.0, "pattern": "multiple", "top_cause": "ขับรถเร็วเกินอัตรากำหนด", "road_feature": "ทางตรง+ไม่มีความลาดชัน", "crash_pattern": "ชนท้าย", "road_type": "ทางหลวง", "speed_limit": 90, "road_label": "ถนนศรีนครินทร - แขวงคลองสองต้นนุ่น", "road_label_source": "nearest_road", "road_ref": "ทล.7 กม.3.7", "medoid_raw": [100.674614, 13.735693], "snap_distance_m": 0.22}}, {"type": "Feature", "geometry": {"type": "Point", "coordinates": [100.710671, 13.943063]}, "properties": {"id": "zone_108", "unit_type": "cluster", "centroid": [13.942674, 100.70982], "radius_m": 3133.1, "province": "ปทุมธานี", "road": "ไม่ระบุ", "route_code": "9", "km_min": 27.0, "km_max": 32.8, "accident_count": 160, "deaths": 3, "serious_injury": 1, "minor_injury": 94, "fatal_crashes": 3, "injured_total": 95, "severity_index": 0.6125, "level": "low", "economic_loss": 27552000, "epdo_million": 27.552, "single_count": 53, "multi_count": 107, "single_pct": 33.1, "multi_pct": 66.9, "pattern": "multiple", "top_cause": "ขับรถเร็วเกินอัตรากำหนด", "road_feature": "ทางตรง+ไม่มีความลาดชัน", "crash_pattern": "ชนท้าย", "road_type": "ทางหลวง", "speed_limit": 90, "road_label": "บางปะอิน - แขวงรามอินทรา", "road_label_source": "nearest_road", "road_ref": "ทล.9 กม.27-32.8", "medoid_raw": [100.710668, 13.943064], "snap_distance_m": 0.34}}, {"type": "Feature", "geometry": {"type": "Point", "coordinates": [100.700465, 13.71748]}, "properties": {"id": "zone_109", "unit_type": "cluster", "centroid": [13.717021, 100.700479], "radius_m": 242.1, "province": "กรุงเทพมหานคร", "road": "ไม่ระบุ", "route_code": "9", "km_min": 55.5, "km_max": 56.2, "accident_count": 9, "deaths": 0, "serious_injury": 0, "minor_injury": 3, "fatal_crashes": 0, "injured_total": 3, "severity_index": 0.3333, "level": "low", "economic_loss": 174000, "epdo_million": 0.174, "single_count": 5, "multi_count": 4, "single_pct": 55.6, "multi_pct": 44.4, "pattern": "mixed", "top_cause": "ขับรถเร็วเกินอัตรากำหนด", "road_feature": "ทางตรง+ไม่มีความลาดชัน", "crash_pattern": "ชนท้าย", "road_type": "ทางหลวง", "speed_limit": 90, "road_label": "แขวงรามอินทรา - บางพลี", "road_label_source": "nearest_road", "road_ref": "ทล.9 กม.55.5-56.2", "medoid_raw": [100.70043, 13.717481], "snap_distance_m": 3.78}}, {"type": "Feature", "geometry": {"type": "Point", "coordinates": [100.690346, 13.891519]}, "properties": {"id": "zone_110", "unit_type": "cluster", "centroid": [13.891343, 100.690099], "radius_m": 212.0, "province": "กรุงเทพมหานคร", "road": "ไม่ระบุ", "route_code": "9", "km_min": 35.7, "km_max": 36.2, "accident_count": 6, "deaths": 0, "serious_injury": 0, "minor_injury": 4, "fatal_crashes": 0, "injured_total": 4, "severity_index": 0.6667, "level": "low", "economic_loss": 232000, "epdo_million": 0.232, "single_count": 1, "multi_count": 5, "single_pct": 16.7, "multi_pct": 83.3, "pattern": "multiple", "top_cause": "ขับรถเร็วเกินอัตรากำหนด", "road_feature": "ทางตรง+ไม่มีความลาดชัน", "crash_pattern": "ชนท้าย", "road_type": "ทางหลวง", "speed_limit": 90, "road_label": "บางปะอิน - แขวงรามอินทรา", "road_label_source": "nearest_road", "road_ref": "ทล.9 กม.35.7-36.2", "medoid_raw": [100.690344, 13.89152], "snap_distance_m": 0.24}}, {"type": "Feature", "geometry": {"type": "Point", "coordinates": [100.700786, 13.752955]}, "properties": {"id": "zone_111", "unit_type": "cluster", "centroid": [13.752702, 100.700956], "radius_m": 174.3, "province": "กรุงเทพมหานคร", "road": "ไม่ระบุ", "route_code": "9", "km_min": 51.9, "km_max": 52.2, "accident_count": 7, "deaths": 0, "serious_injury": 0, "minor_injury": 1, "fatal_crashes": 0, "injured_total": 1, "severity_index": 0.1429, "level": "low", "economic_loss": 58000, "epdo_million": 0.058, "single_count": 1, "multi_count": 6, "single_pct": 14.3, "multi_pct": 85.7, "pattern": "multiple", "top_cause": "ขับรถเร็วเกินอัตรากำหนด", "road_feature": "ทางตรง+ไม่มีความลาดชัน", "crash_pattern": "ชนท้าย", "road_type": "ทางหลวง", "speed_limit": 90, "road_label": "แขวงรามอินทรา - บางพลี", "road_label_source": "nearest_road", "road_ref": "ทล.9 กม.51.9-52.2", "medoid_raw": [100.700816, 13.752973], "snap_distance_m": 3.81}}, {"type": "Feature", "geometry": {"type": "Point", "coordinates": [100.687827, 13.886694]}, "properties": {"id": "zone_112", "unit_type": "cluster", "centroid": [13.886439, 100.687588], "radius_m": 109.7, "province": "กรุงเทพมหานคร", "road": "ไม่ระบุ", "route_code": "9", "km_min": 36.3, "km_max": 36.5, "accident_count": 5, "deaths": 0, "serious_injury": 0, "minor_injury": 4, "fatal_crashes": 0, "injured_total": 4, "severity_index": 0.8, "level": "low", "economic_loss": 232000, "epdo_million": 0.232, "single_count": 1, "multi_count": 4, "single_pct": 20.0, "multi_pct": 80.0, "pattern": "multiple", "top_cause": "ขับรถเร็วเกินอัตรากำหนด", "road_feature": "ทางตรง+ไม่มีความลาดชัน", "crash_pattern": "ชนท้าย", "road_type": "ทางหลวง", "speed_limit": 90, "road_label": "บางปะอิน - แขวงรามอินทรา", "road_label_source": "nearest_road", "road_ref": "ทล.9 กม.36.3-36.5", "medoid_raw": [100.687832, 13.886692], "snap_distance_m": 0.58}}, {"type": "Feature", "geometry": {"type": "Point", "coordinates": [100.655797, 13.73831]}, "properties": {"id": "zone_113", "unit_type": "cluster", "centroid": [13.738388, 100.655491], "radius_m": 111.3, "province": "กรุงเทพมหานคร", "road": "ไม่ระบุ", "route_code": "7", "km_min": 1.5, "km_max": 1.6, "accident_count": 3, "deaths": 0, "serious_injury": 0, "minor_injury": 1, "fatal_crashes": 0, "injured_total": 1, "severity_index": 0.3333, "level": "low", "economic_loss": 58000, "epdo_million": 0.058, "single_count": 0, "multi_count": 3, "single_pct": 0.0, "multi_pct": 100.0, "pattern": "multiple", "top_cause": "ขับรถเร็วเกินอัตรากำหนด", "road_feature": "ทางตรง+ไม่มีความลาดชัน", "crash_pattern": "ชนท้าย", "road_type": "ทางหลวง", "speed_limit": 90, "road_label": "ถนนศรีนครินทร - แขวงคลองสองต้นนุ่น", "road_label_source": "nearest_road", "road_ref": "ทล.7 กม.1.5-1.6", "medoid_raw": [100.655793, 13.738297], "snap_distance_m": 1.51}}, {"type": "Feature", "geometry": {"type": "Point", "coordinates": [100.67356, 13.85244]}, "properties": {"id": "zone_114", "unit_type": "cluster", "centroid": [13.852143, 100.673504], "radius_m": 105.2, "province": "กรุงเทพมหานคร", "road": "ไม่ระบุ", "route_code": "9", "km_min": 40.5, "km_max": 40.6, "accident_count": 3, "deaths": 0, "serious_injury": 0, "minor_injury": 2, "fatal_crashes": 0, "injured_total": 2, "severity_index": 0.6667, "level": "low", "economic_loss": 116000, "epdo_million": 0.116, "single_count": 1, "multi_count": 2, "single_pct": 33.3, "multi_pct": 66.7, "pattern": "multiple", "top_cause": "ขับรถเร็วเกินอัตรากำหนด", "road_feature": "ทางตรง+ไม่มีความลาดชัน", "crash_pattern": "ชนท้าย", "road_type": "ทางหลวง", "speed_limit": 90, "road_label": "บางปะอิน - แขวงรามอินทรา", "road_label_source": "nearest_road", "road_ref": "ทล.9 กม.40.5-40.6", "medoid_raw": [100.673564, 13.852454], "snap_distance_m": 1.62}}, {"type": "Feature", "geometry": {"type": "Point", "coordinates": [100.71317, 13.984649]}, "properties": {"id": "zone_115", "unit_type": "cluster", "centroid": [13.984926, 100.713261], "radius_m": 105.0, "province": "ปทุมธานี", "road": "ไม่ระบุ", "route_code": "9", "km_min": 25.0, "km_max": 25.2, "accident_count": 10, "deaths": 0, "serious_injury": 0, "minor_injury": 1, "fatal_crashes": 0, "injured_total": 1, "severity_index": 0.1, "level": "low", "economic_loss": 58000, "epdo_million": 0.058, "single_count": 5, "multi_count": 5, "single_pct": 50.0, "multi_pct": 50.0, "pattern": "mixed", "top_cause": "ขับรถเร็วเกินอัตราที่กำหนด", "road_feature": "ทางตรง+ที่ราบ", "crash_pattern": "ชนท้าย", "road_type": "ทางหลวง", "speed_limit": 90, "road_label": "บางปะอิน - แขวงรามอินทรา", "road_label_source": "nearest_road", "road_ref": "ทล.9 กม.25-25.2", "medoid_raw": [100.713143, 13.98465], "snap_distance_m": 2.92}}, {"type": "Feature", "geometry": {"type": "Point", "coordinates": [100.713059, 13.971894]}, "properties": {"id": "zone_116", "unit_type": "cluster", "centroid": [13.9719, 100.713068], "radius_m": 507.5, "province": "ปทุมธานี", "road": "ไม่ระบุ", "route_code": "9", "km_min": 26.0, "km_max": 26.8, "accident_count": 19, "deaths": 0, "serious_injury": 0, "minor_injury": 5, "fatal_crashes": 0, "injured_total": 5, "severity_index": 0.2632, "level": "low", "economic_loss": 290000, "epdo_million": 0.29, "single_count": 6, "multi_count": 13, "single_pct": 31.6, "multi_pct": 68.4, "pattern": "multiple", "top_cause": "ขับรถเร็วเกินอัตราที่กำหนด", "road_feature": "ทางตรง+ที่ราบ", "crash_pattern": "ชนท้าย", "road_type": "ทางหลวง", "speed_limit": 90, "road_label": "บางปะอิน - แขวงรามอินทรา", "road_label_source": "nearest_road", "road_ref": "ทล.9 กม.26-26.8", "medoid_raw": [100.713184, 13.971892], "snap_distance_m": 13.49}}, {"type": "Feature", "geometry": {"type": "Point", "coordinates": [100.71332, 13.980125]}, "properties": {"id": "zone_117", "unit_type": "cluster", "centroid": [13.9803, 100.713284], "radius_m": 207.5, "province": "ปทุมธานี", "road": "ไม่ระบุ", "route_code": "9", "km_min": 25.4, "km_max": 25.8, "accident_count": 17, "deaths": 0, "serious_injury": 0, "minor_injury": 4, "fatal_crashes": 0, "injured_total": 4, "severity_index": 0.2353, "level": "low", "economic_loss": 232000, "epdo_million": 0.232, "single_count": 5, "multi_count": 12, "single_pct": 29.4, "multi_pct": 70.6, "pattern": "multiple", "top_cause": "ขับรถเร็วเกินอัตรากำหนด", "road_feature": "ทางตรง+ไม่มีความลาดชัน", "crash_pattern": "ชนท้าย", "road_type": "ทางหลวง", "speed_limit": 90, "road_label": "บางปะอิน - แขวงรามอินทรา", "road_label_source": "nearest_road", "road_ref": "ทล.9 กม.25.4-25.8", "medoid_raw": [100.713302, 13.980124], "snap_distance_m": 1.95}}, {"type": "Feature", "geometry": {"type": "Point", "coordinates": [100.552312, 13.727091]}, "properties": {"id": "zone_118", "unit_type": "cluster", "centroid": [13.726644, 100.552304], "radius_m": 505.3, "province": "กรุงเทพมหานคร", "road": "ดินแดง-ท่าเรือ", "route_code": "E001S001|I", "km_min": 5.8, "km_max": 6.7, "accident_count": 14, "deaths": 0, "serious_injury": 0, "minor_injury": 7, "fatal_crashes": 0, "injured_total": 7, "severity_index": 0.5, "level": "low", "economic_loss": 406000, "epdo_million": 0.406, "single_count": 3, "multi_count": 11, "single_pct": 21.4, "multi_pct": 78.6, "pattern": "multiple", "top_cause": "ขับรถกระชั้นชิด", "road_feature": "ทางตรง", "crash_pattern": "ชนท้าย", "road_type": "การทางพิเศษ", "speed_limit": 100, "road_label": "ดินแดง-ท่าเรือ", "road_label_source": "record", "road_ref": "ทางพิเศษสายE001S001|I กม.5.8-6.7", "medoid_raw": [100.552411, 13.7271], "snap_distance_m": 10.74}}, {"type": "Feature", "geometry": {"type": "Point", "coordinates": [100.890996, 13.806881]}, "properties": {"id": "zone_119", "unit_type": "cluster", "centroid": [13.806759, 100.890782], "radius_m": 140.1, "province": "กรุงเทพมหานคร", "road": "แยกเข้ามีนบุรี - คลองหลวงแพ่ง", "route_code": "304", "km_min": 45.3, "km_max": 45.56, "accident_count": 4, "deaths": 0, "serious_injury": 0, "minor_injury": 2, "fatal_crashes": 0, "injured_total": 2, "severity_index": 0.5, "level": "low", "economic_loss": 116000, "epdo_million": 0.116, "single_count": 3, "multi_count": 1, "single_pct": 75.0, "multi_pct": 25.0, "pattern": "single", "top_cause": "ขับรถเร็วเกินอัตราที่กำหนด", "road_feature": "ทางโค้งปกติ+ที่ราบ", "crash_pattern": "พลิกคว่ำ/ตกถนนในทางตรง", "road_type": "ทางหลวง", "speed_limit": 90, "road_label": "แยกเข้ามีนบุรี - คลองหลวงแพ่ง", "road_label_source": "record", "road_ref": "ทล.304 กม.45.3-45.6", "medoid_raw": [100.89101, 13.806799], "snap_distance_m": 9.24}}, {"type": "Feature", "geometry": {"type": "Point", "coordinates": [100.559489, 13.812382]}, "properties": {"id": "zone_120", "unit_type": "cluster", "centroid": [13.81239, 100.559451], "radius_m": 140.9, "province": "กรุงเทพมหานคร", "road": "ดินแดง - งามวงศ์วาน", "route_code": "31", "km_min": 10.56, "km_max": 10.873, "accident_count": 9, "deaths": 0, "serious_injury": 6, "minor_injury": 5, "fatal_crashes": 0, "injured_total": 11, "severity_index": 1.2222, "level": "medium", "economic_loss": 12290000, "epdo_million": 12.29, "single_count": 1, "multi_count": 8, "single_pct": 11.1, "multi_pct": 88.9, "pattern": "multiple", "top_cause": "ขับรถเร็วเกินอัตราที่กำหนด", "road_feature": "ทางตรง+ที่ราบ", "crash_pattern": "ชนท้าย", "road_type": "ทางหลวง", "speed_limit": 90, "road_label": "ดินแดง - งามวงศ์วาน", "road_label_source": "record", "road_ref": "ทล.31 กม.10.6-10.9", "medoid_raw": [100.559444, 13.812378], "snap_distance_m": 4.88}}, {"type": "Feature", "geometry": {"type": "Point", "coordinates": [100.559781, 13.808504]}, "properties": {"id": "zone_121", "unit_type": "cluster", "centroid": [13.808688, 100.559799], "radius_m": 61.2, "province": "กรุงเทพมหานคร", "road": "ดินแดง - งามวงศ์วาน", "route_code": "31", "km_min": 10.27, "km_max": 10.447, "accident_count": 3, "deaths": 0, "serious_injury": 2, "minor_injury": 1, "fatal_crashes": 0, "injured_total": 3, "severity_index": 1.0, "level": "medium", "economic_loss": 4058000, "epdo_million": 4.058, "single_count": 3, "multi_count": 0, "single_pct": 100.0, "multi_pct": 0.0, "pattern": "single", "top_cause": "ขับรถเร็วเกินอัตราที่กำหนด", "road_feature": "ทางตรง+ที่ราบ", "crash_pattern": "พลิกคว่ำ/ตกถนนในทางตรง", "road_type": "ทางหลวง", "speed_limit": 90, "road_label": "ดินแดง - งามวงศ์วาน", "road_label_source": "record", "road_ref": "ทล.31 กม.10.3-10.4", "medoid_raw": [100.55979, 13.808505], "snap_distance_m": 0.98}}, {"type": "Feature", "geometry": {"type": "Point", "coordinates": [100.558897, 13.816989]}, "properties": {"id": "zone_122", "unit_type": "cluster", "centroid": [13.816981, 100.558913], "radius_m": 18.1, "province": "กรุงเทพมหานคร", "road": "ไม่ระบุ", "route_code": "31", "km_min": 11.195, "km_max": 11.228, "accident_count": 3, "deaths": 0, "serious_injury": 2, "minor_injury": 1, "fatal_crashes": 0, "injured_total": 3, "severity_index": 1.0, "level": "medium", "economic_loss": 4058000, "epdo_million": 4.058, "single_count": 3, "multi_count": 0, "single_pct": 100.0, "multi_pct": 0.0, "pattern": "single", "top_cause": "ขับรถเร็วเกินอัตราที่กำหนด", "road_feature": "ทางตรง+ที่ราบ", "crash_pattern": "พลิกคว่ำ/ตกถนนในทางตรง", "road_type": "ทางหลวง", "speed_limit": 90, "road_label": "ดินแดง - งามวงศ์วาน", "road_label_source": "nearest_road", "road_ref": "ทล.31 กม.11.2", "medoid_raw": [100.558912, 13.81699], "snap_distance_m": 1.62}}, {"type": "Feature", "geometry": {"type": "Point", "coordinates": [100.559754, 13.809697]}, "properties": {"id": "zone_123", "unit_type": "cluster", "centroid": [13.809474, 100.559727], "radius_m": 188.1, "province": "กรุงเทพมหานคร", "road": "ไม่ระบุ", "route_code": "31", "km_min": 10.229, "km_max": 10.597, "accident_count": 4, "deaths": 0, "serious_injury": 0, "minor_injury": 7, "fatal_crashes": 0, "injured_total": 7, "severity_index": 1.75, "level": "medium", "economic_loss": 406000, "epdo_million": 0.406, "single_count": 3, "multi_count": 1, "single_pct": 75.0, "multi_pct": 25.0, "pattern": "single", "top_cause": "ขับรถเร็วเกินอัตรากำหนด", "road_feature": "ทางตรง+ไม่มีความลาดชัน", "crash_pattern": "พลิกคว่ำ/ตกถนนในทางตรง", "road_type": "ทางหลวง", "speed_limit": 90, "road_label": "ดินแดง - งามวงศ์วาน", "road_label_source": "nearest_road", "road_ref": "ทล.31 กม.10.2-10.6", "medoid_raw": [100.559756, 13.809697], "snap_distance_m": 0.22}}, {"type": "Feature", "geometry": {"type": "Point", "coordinates": [100.576363, 13.839868]}, "properties": {"id": "zone_124", "unit_type": "cluster", "centroid": [13.839876, 100.576285], "radius_m": 156.6, "province": "กรุงเทพมหานคร", "road": "มหาวิทยาลัยเกษตรศาสตร์ - คันนายาว", "route_code": "351", "km_min": 0.045, "km_max": 0.15, "accident_count": 15, "deaths": 0, "serious_injury": 4, "minor_injury": 5, "fatal_crashes": 0, "injured_total": 9, "severity_index": 0.6, "level": "low", "economic_loss": 8290000, "epdo_million": 8.29, "single_count": 14, "multi_count": 1, "single_pct": 93.3, "multi_pct": 6.7, "pattern": "single", "top_cause": "ขับรถเร็วเกินอัตราที่กำหนด", "road_feature": "ทางแยกรูปตัว ++บนช่วงลาดชัน", "crash_pattern": "พลิกคว่ำ/ตกถนนในทางตรง", "road_type": "ทางหลวง", "speed_limit": 90, "road_label": "มหาวิทยาลัยเกษตรศาสตร์ - คันนายาว", "road_label_source": "record", "road_ref": "ทล.351 กม.0-0.1", "medoid_raw": [100.57637, 13.839843], "snap_distance_m": 2.88}}, {"type": "Feature", "geometry": {"type": "Point", "coordinates": [100.575305, 13.839899]}, "properties": {"id": "zone_125", "unit_type": "cluster", "centroid": [13.8399, 100.575302], "radius_m": 256.1, "province": "กรุงเทพมหานคร", "road": "แยกมหาวิทยาลัยเกษตรศาสตร์ - สี่แยกแคราย", "route_code": "302", "km_min": 0.025, "km_max": 0.33, "accident_count": 35, "deaths": 0, "serious_injury": 1, "minor_injury": 26, "fatal_crashes": 0, "injured_total": 27, "severity_index": 0.7714, "level": "low", "economic_loss": 3508000, "epdo_million": 3.508, "single_count": 32, "multi_count": 3, "single_pct": 91.4, "multi_pct": 8.6, "pattern": "single", "top_cause": "ขับรถเร็วเกินอัตราที่กำหนด", "road_feature": "ทางลอด+บนช่วงลาดชัน", "crash_pattern": "พลิกคว่ำ/ตกถนนในทางตรง", "road_type": "ทางหลวง", "speed_limit": 90, "road_label": "แยกมหาวิทยาลัยเกษตรศาสตร์ - สี่แยกแคราย", "road_label_source": "record", "road_ref": "ทล.302 กม.0-0.3", "medoid_raw": [100.575293, 13.839878], "snap_distance_m": 2.67}}, {"type": "Feature", "geometry": {"type": "Point", "coordinates": [100.575967, 13.839771]}, "properties": {"id": "zone_126", "unit_type": "cluster", "centroid": [13.839765, 100.575968], "radius_m": 0.0, "province": "กรุงเทพมหานคร", "road": "ไม่ระบุ", "route_code": "351", "km_min": null, "km_max": null, "accident_count": 4, "deaths": 0, "serious_injury": 0, "minor_injury": 1, "fatal_crashes": 0, "injured_total": 1, "severity_index": 0.25, "level": "low", "economic_loss": 58000, "epdo_million": 0.058, "single_count": 4, "multi_count": 0, "single_pct": 100.0, "multi_pct": 0.0, "pattern": "single", "top_cause": "ขับรถเร็วเกินอัตรากำหนด", "road_feature": "ไม่ระบุ", "crash_pattern": "อื่นๆ", "road_type": "ทางหลวง", "speed_limit": 90, "road_label": "มหาวิทยาลัยเกษตรศาสตร์ - คันนายาว", "road_label_source": "nearest_road", "road_ref": "ทล.351", "medoid_raw": [100.575968, 13.839765], "snap_distance_m": 0.68}}, {"type": "Feature", "geometry": {"type": "Point", "coordinates": [100.558308, 13.825559]}, "properties": {"id": "zone_127", "unit_type": "cluster", "centroid": [13.825062, 100.558175], "radius_m": 235.9, "province": "กรุงเทพมหานคร", "road": "ดินแดง - งามวงศ์วาน", "route_code": "31", "km_min": 11.93, "km_max": 12.24, "accident_count": 6, "deaths": 0, "serious_injury": 0, "minor_injury": 2, "fatal_crashes": 0, "injured_total": 2, "severity_index": 0.3333, "level": "low", "economic_loss": 116000, "epdo_million": 0.116, "single_count": 2, "multi_count": 4, "single_pct": 33.3, "multi_pct": 66.7, "pattern": "multiple", "top_cause": "ขับรถเร็วเกินอัตราที่กำหนด", "road_feature": "ทางตรง+ที่ราบ", "crash_pattern": "ชนท้าย", "road_type": "ทางหลวง", "speed_limit": 90, "road_label": "ดินแดง - งามวงศ์วาน", "road_label_source": "record", "road_ref": "ทล.31 กม.11.9-12.2", "medoid_raw": [100.558299, 13.825558], "snap_distance_m": 0.98}}, {"type": "Feature", "geometry": {"type": "Point", "coordinates": [100.423379, 13.627352]}, "properties": {"id": "zone_128", "unit_type": "cluster", "centroid": [13.627386, 100.423247], "radius_m": 67.9, "province": "กรุงเทพมหานคร", "road": "พระประแดง - บางแค", "route_code": "3902", "km_min": 13.4, "km_max": 13.5, "accident_count": 3, "deaths": 0, "serious_injury": 0, "minor_injury": 6, "fatal_crashes": 0, "injured_total": 6, "severity_index": 2.0, "level": "high", "economic_loss": 348000, "epdo_million": 0.348, "single_count": 0, "multi_count": 3, "single_pct": 0.0, "multi_pct": 100.0, "pattern": "multiple", "top_cause": "ขับรถเร็วเกินอัตรากำหนด", "road_feature": "ทางตรง+ไม่มีความลาดชัน", "crash_pattern": "ชนท้าย", "road_type": "ทางหลวง", "speed_limit": 90, "road_label": "พระประแดง - บางแค", "road_label_source": "record", "road_ref": "ทล.3902 กม.13.4-13.5", "medoid_raw": [100.423373, 13.627322], "snap_distance_m": 3.4}}, {"type": "Feature", "geometry": {"type": "Point", "coordinates": [100.412109, 13.639793]}, "properties": {"id": "zone_129", "unit_type": "cluster", "centroid": [13.63976, 100.41202], "radius_m": 53.4, "province": "กรุงเทพมหานคร", "road": "พระประแดง - บางแค", "route_code": "3901", "km_min": 13.865, "km_max": 15.49, "accident_count": 4, "deaths": 0, "serious_injury": 0, "minor_injury": 2, "fatal_crashes": 0, "injured_total": 2, "severity_index": 0.5, "level": "low", "economic_loss": 116000, "epdo_million": 0.116, "single_count": 1, "multi_count": 3, "single_pct": 25.0, "multi_pct": 75.0, "pattern": "multiple", "top_cause": "ขับรถเร็วเกินอัตรากำหนด", "road_feature": "ทางตรง+ไม่มีความลาดชัน", "crash_pattern": "ชนท้าย", "road_type": "ทางหลวง", "speed_limit": 90, "road_label": "พระประแดง - บางแค", "road_label_source": "record", "road_ref": "ทล.3901 กม.13.9-15.5", "medoid_raw": [100.412162, 13.639831], "snap_distance_m": 7.12}}, {"type": "Feature", "geometry": {"type": "Point", "coordinates": [100.414065, 13.636363]}, "properties": {"id": "zone_130", "unit_type": "cluster", "centroid": [13.636016, 100.414244], "radius_m": 673.2, "province": "กรุงเทพมหานคร", "road": "ไม่ระบุ", "route_code": "9", "km_min": 14.3, "km_max": 15.492, "accident_count": 14, "deaths": 1, "serious_injury": 0, "minor_injury": 5, "fatal_crashes": 1, "injured_total": 5, "severity_index": 0.4286, "level": "low", "economic_loss": 6990000, "epdo_million": 6.99, "single_count": 8, "multi_count": 6, "single_pct": 57.1, "multi_pct": 42.9, "pattern": "mixed", "top_cause": "ขับรถเร็วเกินอัตรากำหนด", "road_feature": "ทางตรง+ไม่มีความลาดชัน", "crash_pattern": "ชนท้าย", "road_type": "ทางหลวง", "speed_limit": 90, "road_label": "พระประแดง - บางแค", "road_label_source": "nearest_road", "road_ref": "ทล.9 กม.14.3-15.5", "medoid_raw": [100.413999, 13.636327], "snap_distance_m": 8.18}}, {"type": "Feature", "geometry": {"type": "Point", "coordinates": [100.420939, 13.628052]}, "properties": {"id": "zone_131", "unit_type": "cluster", "centroid": [13.628017, 100.421222], "radius_m": 183.2, "province": "กรุงเทพมหานคร", "road": "ไม่ระบุ", "route_code": "9", "km_min": 12.6, "km_max": 13.7, "accident_count": 5, "deaths": 0, "serious_injury": 2, "minor_injury": 1, "fatal_crashes": 0, "injured_total": 3, "severity_index": 0.6, "level": "low", "economic_loss": 4058000, "epdo_million": 4.058, "single_count": 1, "multi_count": 4, "single_pct": 20.0, "multi_pct": 80.0, "pattern": "multiple", "top_cause": "ขับรถเร็วเกินอัตรากำหนด", "road_feature": "ทางตรง+ไม่มีความลาดชัน", "crash_pattern": "ชนท้าย", "road_type": "ทางหลวง", "speed_limit": 90, "road_label": "พระประแดง - บางแค", "road_label_source": "nearest_road", "road_ref": "ทล.9 กม.12.6-13.7", "medoid_raw": [100.420968, 13.62811], "snap_distance_m": 7.17}}, {"type": "Feature", "geometry": {"type": "Point", "coordinates": [100.546697, 13.760085]}, "properties": {"id": "zone_132", "unit_type": "cluster", "centroid": [13.760158, 100.546692], "radius_m": 615.6, "province": "กรุงเทพมหานคร", "road": "พญาไท-ศรีนครินทร์", "route_code": "E002S016|I", "km_min": 1.7, "km_max": 2.8, "accident_count": 33, "deaths": 0, "serious_injury": 0, "minor_injury": 6, "fatal_crashes": 0, "injured_total": 6, "severity_index": 0.1818, "level": "low", "economic_loss": 348000, "epdo_million": 0.348, "single_count": 5, "multi_count": 28, "single_pct": 15.2, "multi_pct": 84.8, "pattern": "multiple", "top_cause": "ขับรถกระชั้นชิด", "road_feature": "ทางตรง", "crash_pattern": "ชนท้าย", "road_type": "การทางพิเศษ", "speed_limit": 100, "road_label": "พญาไท-ศรีนครินทร์", "road_label_source": "record", "road_ref": "ทางพิเศษสายE002S016|I กม.1.7-2.8", "medoid_raw": [100.54664, 13.760039], "snap_distance_m": 8.0}}, {"type": "Feature", "geometry": {"type": "Point", "coordinates": [100.519781, 13.685023]}, "properties": {"id": "zone_133", "unit_type": "cluster", "centroid": [13.684858, 100.519658], "radius_m": 314.3, "province": "กรุงเทพมหานคร", "road": "ดาวคะนอง-ท่าเรือ", "route_code": "E001S003|I", "km_min": 24.9, "km_max": 25.4, "accident_count": 13, "deaths": 0, "serious_injury": 0, "minor_injury": 9, "fatal_crashes": 0, "injured_total": 9, "severity_index": 0.6923, "level": "low", "economic_loss": 522000, "epdo_million": 0.522, "single_count": 0, "multi_count": 13, "single_pct": 0.0, "multi_pct": 100.0, "pattern": "multiple", "top_cause": "ขับรถกระชั้นชิด", "road_feature": "ทางแยกต่างระดับ/Ramps", "crash_pattern": "ชนท้าย", "road_type": "การทางพิเศษ", "speed_limit": 100, "road_label": "ดาวคะนอง-ท่าเรือ", "road_label_source": "record", "road_ref": "ทางพิเศษสายE001S003|I กม.24.9-25.4", "medoid_raw": [100.519882, 13.684949], "snap_distance_m": 13.67}}, {"type": "Feature", "geometry": {"type": "Point", "coordinates": [100.406703, 13.67913]}, "properties": {"id": "zone_134", "unit_type": "cluster", "centroid": [13.679579, 100.406673], "radius_m": 431.9, "province": "กรุงเทพมหานคร", "road": "บางแค - คลองมหาสวัสดิ์", "route_code": "3902", "km_min": 19.972, "km_max": 20.7, "accident_count": 37, "deaths": 0, "serious_injury": 1, "minor_injury": 28, "fatal_crashes": 0, "injured_total": 29, "severity_index": 0.7838, "level": "low", "economic_loss": 3624000, "epdo_million": 3.624, "single_count": 9, "multi_count": 28, "single_pct": 24.3, "multi_pct": 75.7, "pattern": "multiple", "top_cause": "ขับรถเร็วเกินอัตราที่กำหนด", "road_feature": "ทางตรง+ที่ราบ", "crash_pattern": "ชนท้าย", "road_type": "ทางหลวง", "speed_limit": 90, "road_label": "บางแค - คลองมหาสวัสดิ์", "road_label_source": "record", "road_ref": "ทล.3902 กม.20-20.7", "medoid_raw": [100.406728, 13.679128], "snap_distance_m": 2.71}}, {"type": "Feature", "geometry": {"type": "Point", "coordinates": [100.40735, 13.691352]}, "properties": {"id": "zone_135", "unit_type": "cluster", "centroid": [13.691282, 100.407358], "radius_m": 713.5, "province": "กรุงเทพมหานคร", "road": "บางแค - คลองมหาสวัสดิ์", "route_code": "9", "km_min": 20.2, "km_max": 22.028, "accident_count": 58, "deaths": 2, "serious_injury": 1, "minor_injury": 45, "fatal_crashes": 2, "injured_total": 46, "severity_index": 0.8276, "level": "low", "economic_loss": 18010000, "epdo_million": 18.01, "single_count": 13, "multi_count": 45, "single_pct": 22.4, "multi_pct": 77.6, "pattern": "multiple", "top_cause": "ขับรถเร็วเกินอัตรากำหนด", "road_feature": "ทางตรง+ไม่มีความลาดชัน", "crash_pattern": "ชนท้าย", "road_type": "ทางหลวง", "speed_limit": 90, "road_label": "บางแค - คลองมหาสวัสดิ์", "road_label_source": "record", "road_ref": "ทล.9 กม.20.2-22", "medoid_raw": [100.407357, 13.691352], "snap_distance_m": 0.76}}, {"type": "Feature", "geometry": {"type": "Point", "coordinates": [100.406765, 13.682642]}, "properties": {"id": "zone_136", "unit_type": "cluster", "centroid": [13.682628, 100.40686], "radius_m": 696.3, "province": "กรุงเทพมหานคร", "road": "ไม่ระบุ", "route_code": "3901", "km_min": 20.2, "km_max": 21.4, "accident_count": 31, "deaths": 0, "serious_injury": 0, "minor_injury": 29, "fatal_crashes": 0, "injured_total": 29, "severity_index": 0.9355, "level": "low", "economic_loss": 1682000, "epdo_million": 1.682, "single_count": 4, "multi_count": 27, "single_pct": 12.9, "multi_pct": 87.1, "pattern": "multiple", "top_cause": "ขับรถเร็วเกินอัตรากำหนด", "road_feature": "ทางตรง+ไม่มีความลาดชัน", "crash_pattern": "ชนท้าย", "road_type": "ทางหลวง", "speed_limit": 90, "road_label": "บางแค - คลองมหาสวัสดิ์", "road_label_source": "nearest_road", "road_ref": "ทล.3901 กม.20.2-21.4", "medoid_raw": [100.406793, 13.68264], "snap_distance_m": 3.03}}, {"type": "Feature", "geometry": {"type": "Point", "coordinates": [100.407488, 13.693608]}, "properties": {"id": "zone_137", "unit_type": "cluster", "centroid": [13.693553, 100.407531], "radius_m": 317.5, "province": "กรุงเทพมหานคร", "road": "ไม่ระบุ", "route_code": "9", "km_min": 20.0, "km_max": 22.028, "accident_count": 17, "deaths": 0, "serious_injury": 0, "minor_injury": 6, "fatal_crashes": 0, "injured_total": 6, "severity_index": 0.3529, "level": "low", "economic_loss": 348000, "epdo_million": 0.348, "single_count": 4, "multi_count": 13, "single_pct": 23.5, "multi_pct": 76.5, "pattern": "multiple", "top_cause": "ขับรถเร็วเกินอัตรากำหนด", "road_feature": "ทางตรง+ไม่มีความลาดชัน", "crash_pattern": "ชนท้าย", "road_type": "ทางหลวง", "speed_limit": 90, "road_label": "บางแค - คลองมหาสวัสดิ์", "road_label_source": "nearest_road", "road_ref": "ทล.9 กม.20-22", "medoid_raw": [100.407581, 13.693607], "snap_distance_m": 10.05}}, {"type": "Feature", "geometry": {"type": "Point", "coordinates": [100.406359, 13.673868]}, "properties": {"id": "zone_138", "unit_type": "cluster", "centroid": [13.673754, 100.406306], "radius_m": 109.1, "province": "กรุงเทพมหานคร", "road": "ไม่ระบุ", "route_code": "9", "km_min": 19.609, "km_max": 19.8, "accident_count": 3, "deaths": 1, "serious_injury": 1, "minor_injury": 1, "fatal_crashes": 1, "injured_total": 2, "severity_index": 1.0, "level": "medium", "economic_loss": 8758000, "epdo_million": 8.758, "single_count": 1, "multi_count": 2, "single_pct": 33.3, "multi_pct": 66.7, "pattern": "multiple", "top_cause": "ขับรถเร็วเกินอัตรากำหนด", "road_feature": "ทางตรง+ไม่มีความลาดชัน", "crash_pattern": "ชนท้าย", "road_type": "ทางหลวง", "speed_limit": 90, "road_label": "พระประแดง - บางแค", "road_label_source": "nearest_road", "road_ref": "ทล.9 กม.19.6-19.8", "medoid_raw": [100.406267, 13.673874], "snap_distance_m": 9.96}}, {"type": "Feature", "geometry": {"type": "Point", "coordinates": [100.528969, 13.770133]}, "properties": {"id": "zone_139", "unit_type": "cluster", "centroid": [13.770348, 100.529371], "radius_m": 212.6, "province": "กรุงเทพมหานคร", "road": "พญาไท-บางโคล่", "route_code": "E002S007|U", "km_min": 9.1, "km_max": 9.4, "accident_count": 7, "deaths": 0, "serious_injury": 0, "minor_injury": 4, "fatal_crashes": 0, "injured_total": 4, "severity_index": 0.5714, "level": "low", "economic_loss": 232000, "epdo_million": 0.232, "single_count": 0, "multi_count": 7, "single_pct": 0.0, "multi_pct": 100.0, "pattern": "multiple", "top_cause": "ขับรถกระชั้นชิด", "road_feature": "ทางตรง", "crash_pattern": "ชนท้าย", "road_type": "การทางพิเศษ", "speed_limit": 100, "road_label": "พญาไท-บางโคล่", "road_label_source": "record", "road_ref": "ทางพิเศษสายE002S007|U กม.9.1-9.4", "medoid_raw": [100.52897, 13.770133], "snap_distance_m": 0.11}}, {"type": "Feature", "geometry": {"type": "Point", "coordinates": [100.561563, 13.789876]}, "properties": {"id": "zone_140", "unit_type": "cluster", "centroid": [13.789873, 100.561494], "radius_m": 202.4, "province": "กรุงเทพมหานคร", "road": "ดินแดง - งามวงศ์วาน", "route_code": "31", "km_min": 8.115, "km_max": 8.565, "accident_count": 7, "deaths": 0, "serious_injury": 0, "minor_injury": 6, "fatal_crashes": 0, "injured_total": 6, "severity_index": 0.8571, "level": "low", "economic_loss": 348000, "epdo_million": 0.348, "single_count": 2, "multi_count": 5, "single_pct": 28.6, "multi_pct": 71.4, "pattern": "multiple", "top_cause": "ขับรถเร็วเกินอัตราที่กำหนด", "road_feature": "ทางแยกรูปตัว ++ที่ราบ", "crash_pattern": "ชนท้าย", "road_type": "ทางหลวง", "speed_limit": 90, "road_label": "ดินแดง - งามวงศ์วาน", "road_label_source": "record", "road_ref": "ทล.31 กม.8.1-8.6", "medoid_raw": [100.561563, 13.789876], "snap_distance_m": 0.0}}, {"type": "Feature", "geometry": {"type": "Point", "coordinates": [100.549104, 13.76587]}, "properties": {"id": "zone_141", "unit_type": "cluster", "centroid": [13.765773, 100.549], "radius_m": 59.4, "province": "กรุงเทพมหานคร", "road": "ดินแดง - งามวงศ์วาน", "route_code": "31", "km_min": 5.1, "km_max": 5.2, "accident_count": 4, "deaths": 0, "serious_injury": 0, "minor_injury": 3, "fatal_crashes": 0, "injured_total": 3, "severity_index": 0.75, "level": "low", "economic_loss": 174000, "epdo_million": 0.174, "single_count": 0, "multi_count": 4, "single_pct": 0.0, "multi_pct": 100.0, "pattern": "multiple", "top_cause": "ขับรถเร็วเกินอัตราที่กำหนด", "road_feature": "ทางตรง+ที่ราบ", "crash_pattern": "ชนท้าย", "road_type": "ทางหลวง", "speed_limit": 90, "road_label": "ดินแดง - งามวงศ์วาน", "road_label_source": "record", "road_ref": "ทล.31 กม.5.1-5.2", "medoid_raw": [100.549055, 13.765895], "snap_distance_m": 5.98}}, {"type": "Feature", "geometry": {"type": "Point", "coordinates": [100.560308, 13.804168]}, "properties": {"id": "zone_142", "unit_type": "cluster", "centroid": [13.804072, 100.560413], "radius_m": 173.8, "province": "กรุงเทพมหานคร", "road": "ดินแดง - งามวงศ์วาน", "route_code": "31", "km_min": 9.667, "km_max": 9.96, "accident_count": 6, "deaths": 0, "serious_injury": 0, "minor_injury": 5, "fatal_crashes": 0, "injured_total": 5, "severity_index": 0.8333, "level": "low", "economic_loss": 290000, "epdo_million": 0.29, "single_count": 2, "multi_count": 4, "single_pct": 33.3, "multi_pct": 66.7, "pattern": "multiple", "top_cause": "ขับรถเร็วเกินอัตราที่กำหนด", "road_feature": "ทางตรง+ที่ราบ", "crash_pattern": "ชนท้าย", "road_type": "ทางหลวง", "speed_limit": 90, "road_label": "ดินแดง - งามวงศ์วาน", "road_label_source": "record", "road_ref": "ทล.31 กม.9.7-10", "medoid_raw": [100.560268, 13.804163], "snap_distance_m": 4.35}}, {"type": "Feature", "geometry": {"type": "Point", "coordinates": [100.539226, 13.697528]}, "properties": {"id": "zone_143", "unit_type": "cluster", "centroid": [13.697284, 100.539031], "radius_m": 100.1, "province": "กรุงเทพมหานคร", "road": "ดาวคะนอง-ท่าเรือ", "route_code": "E001S003|I", "km_min": 22.4, "km_max": 22.5, "accident_count": 3, "deaths": 0, "serious_injury": 0, "minor_injury": 5, "fatal_crashes": 0, "injured_total": 5, "severity_index": 1.6667, "level": "medium", "economic_loss": 290000, "epdo_million": 0.29, "single_count": 3, "multi_count": 0, "single_pct": 100.0, "multi_pct": 0.0, "pattern": "single", "top_cause": "ไม่ระบุ", "road_feature": "ทางโค้งกว้าง", "crash_pattern": "ชนสิ่งกีดขวาง (บนผิวจราจร)", "road_type": "การทางพิเศษ", "speed_limit": 100, "road_label": "ดาวคะนอง-ท่าเรือ", "road_label_source": "record", "road_ref": "ทางพิเศษสายE001S003|I กม.22.4-22.5", "medoid_raw": [100.539282, 13.697459], "snap_distance_m": 9.77}}, {"type": "Feature", "geometry": {"type": "Point", "coordinates": [100.819109, 13.712395]}, "properties": {"id": "zone_144", "unit_type": "cluster", "centroid": [13.712363, 100.819016], "radius_m": 1006.0, "province": "กรุงเทพมหานคร", "road": "แขวงคลองสองต้นนุ่น - พิมพา", "route_code": "7", "km_min": 20.0, "km_max": 21.8, "accident_count": 50, "deaths": 1, "serious_injury": 1, "minor_injury": 25, "fatal_crashes": 1, "injured_total": 26, "severity_index": 0.54, "level": "low", "economic_loss": 10150000, "epdo_million": 10.15, "single_count": 12, "multi_count": 38, "single_pct": 24.0, "multi_pct": 76.0, "pattern": "multiple", "top_cause": "ขับรถเร็วเกินอัตรากำหนด", "road_feature": "ทางตรง+ไม่มีความลาดชัน", "crash_pattern": "ชนท้าย", "road_type": "ทางหลวง", "speed_limit": 90, "road_label": "แขวงคลองสองต้นนุ่น - พิมพา", "road_label_source": "record", "road_ref": "ทล.7 กม.20-21.8", "medoid_raw": [100.819099, 13.71239], "snap_distance_m": 1.21}}, {"type": "Feature", "geometry": {"type": "Point", "coordinates": [100.825902, 13.698112]}, "properties": {"id": "zone_145", "unit_type": "cluster", "centroid": [13.698205, 100.825998], "radius_m": 142.0, "province": "สมุทรปราการ", "road": "แขวงคลองสองต้นนุ่น - พิมพา", "route_code": "7", "km_min": 22.6, "km_max": 22.8, "accident_count": 7, "deaths": 0, "serious_injury": 0, "minor_injury": 2, "fatal_crashes": 0, "injured_total": 2, "severity_index": 0.2857, "level": "low", "economic_loss": 116000, "epdo_million": 0.116, "single_count": 4, "multi_count": 3, "single_pct": 57.1, "multi_pct": 42.9, "pattern": "mixed", "top_cause": "ขับรถเร็วเกินอัตราที่กำหนด", "road_feature": "ทางตรง+ที่ราบ", "crash_pattern": "พลิกคว่ำ/ตกถนนในทางตรง", "road_type": "ทางหลวง", "speed_limit": 90, "road_label": "แขวงคลองสองต้นนุ่น - พิมพา", "road_label_source": "record", "road_ref": "ทล.7 กม.22.6-22.8", "medoid_raw": [100.825909, 13.698115], "snap_distance_m": 0.83}}, {"type": "Feature", "geometry": {"type": "Point", "coordinates": [100.828943, 13.691894]}, "properties": {"id": "zone_146", "unit_type": "cluster", "centroid": [13.69183, 100.829118], "radius_m": 705.7, "province": "สมุทรปราการ", "road": "แขวงคลองสองต้นนุ่น - พิมพา", "route_code": "7", "km_min": 22.9, "km_max": 24.2, "accident_count": 34, "deaths": 1, "serious_injury": 0, "minor_injury": 11, "fatal_crashes": 1, "injured_total": 11, "severity_index": 0.3529, "level": "low", "economic_loss": 7338000, "epdo_million": 7.338, "single_count": 9, "multi_count": 25, "single_pct": 26.5, "multi_pct": 73.5, "pattern": "multiple", "top_cause": "ขับรถเร็วเกินอัตราที่กำหนด", "road_feature": "ทางตรง+ที่ราบ", "crash_pattern": "ชนท้าย", "road_type": "ทางหลวง", "speed_limit": 90, "road_label": "แขวงคลองสองต้นนุ่น - พิมพา", "road_label_source": "record", "road_ref": "ทล.7 กม.22.9-24.2", "medoid_raw": [100.828958, 13.691901], "snap_distance_m": 1.8}}, {"type": "Feature", "geometry": {"type": "Point", "coordinates": [100.823924, 13.702583]}, "properties": {"id": "zone_147", "unit_type": "cluster", "centroid": [13.702249, 100.824001], "radius_m": 101.4, "province": "สมุทรปราการ", "road": "แขวงคลองสองต้นนุ่น - พิมพา", "route_code": "7", "km_min": 22.2, "km_max": 22.3, "accident_count": 8, "deaths": 0, "serious_injury": 0, "minor_injury": 0, "fatal_crashes": 0, "injured_total": 0, "severity_index": 0.0, "level": "low", "economic_loss": 0, "epdo_million": 0.0, "single_count": 2, "multi_count": 6, "single_pct": 25.0, "multi_pct": 75.0, "pattern": "multiple", "top_cause": "ขับรถเร็วเกินอัตรากำหนด", "road_feature": "ทางตรง+ไม่มีความลาดชัน", "crash_pattern": "ชนท้าย", "road_type": "ทางหลวง", "speed_limit": 90, "road_label": "แขวงคลองสองต้นนุ่น - พิมพา", "road_label_source": "record", "road_ref": "ทล.7 กม.22.2-22.3", "medoid_raw": [100.823907, 13.702575], "snap_distance_m": 2.04}}, {"type": "Feature", "geometry": {"type": "Point", "coordinates": [100.821528, 13.707489]}, "properties": {"id": "zone_148", "unit_type": "cluster", "centroid": [13.707385, 100.821461], "radius_m": 806.4, "province": "กรุงเทพมหานคร", "road": "ไม่ระบุ", "route_code": "7", "km_min": 20.6, "km_max": 22.4, "accident_count": 27, "deaths": 0, "serious_injury": 0, "minor_injury": 9, "fatal_crashes": 0, "injured_total": 9, "severity_index": 0.3333, "level": "low", "economic_loss": 522000, "epdo_million": 0.522, "single_count": 13, "multi_count": 14, "single_pct": 48.1, "multi_pct": 51.9, "pattern": "mixed", "top_cause": "ขับรถเร็วเกินอัตรากำหนด", "road_feature": "ทางตรง+ไม่มีความลาดชัน", "crash_pattern": "พลิกคว่ำ/ตกถนนในทางตรง", "road_type": "ทางหลวง", "speed_limit": 90, "road_label": "แขวงคลองสองต้นนุ่น - พิมพา", "road_label_source": "nearest_road", "road_ref": "ทล.7 กม.20.6-22.4", "medoid_raw": [100.821501, 13.707476], "snap_distance_m": 3.26}}, {"type": "Feature", "geometry": {"type": "Point", "coordinates": [100.826347, 13.697694]}, "properties": {"id": "zone_149", "unit_type": "cluster", "centroid": [13.697702, 100.826298], "radius_m": 198.4, "province": "สมุทรปราการ", "road": "ไม่ระบุ", "route_code": "7", "km_min": 22.6, "km_max": 23.0, "accident_count": 8, "deaths": 0, "serious_injury": 0, "minor_injury": 2, "fatal_crashes": 0, "injured_total": 2, "severity_index": 0.25, "level": "low", "economic_loss": 116000, "epdo_million": 0.116, "single_count": 5, "multi_count": 3, "single_pct": 62.5, "multi_pct": 37.5, "pattern": "single", "top_cause": "ขับรถเร็วเกินอัตรากำหนด", "road_feature": "ทางตรง+ไม่มีความลาดชัน", "crash_pattern": "พลิกคว่ำ/ตกถนนในทางตรง", "road_type": "ทางหลวง", "speed_limit": 90, "road_label": "แขวงคลองสองต้นนุ่น - พิมพา", "road_label_source": "nearest_road", "road_ref": "ทล.7 กม.22.6-23", "medoid_raw": [100.826328, 13.697685], "snap_distance_m": 2.28}}, {"type": "Feature", "geometry": {"type": "Point", "coordinates": [100.829755, 13.690254]}, "properties": {"id": "zone_150", "unit_type": "cluster", "centroid": [13.69031, 100.829858], "radius_m": 102.8, "province": "สมุทรปราการ", "road": "ไม่ระบุ", "route_code": "7", "km_min": 23.6, "km_max": 23.7, "accident_count": 3, "deaths": 0, "serious_injury": 0, "minor_injury": 1, "fatal_crashes": 0, "injured_total": 1, "severity_index": 0.3333, "level": "low", "economic_loss": 58000, "epdo_million": 0.058, "single_count": 1, "multi_count": 2, "single_pct": 33.3, "multi_pct": 66.7, "pattern": "multiple", "top_cause": "ขับรถเร็วเกินอัตรากำหนด", "road_feature": "ทางตรง+ไม่มีความลาดชัน", "crash_pattern": "ชนท้าย", "road_type": "ทางหลวง", "speed_limit": 90, "road_label": "แขวงคลองสองต้นนุ่น - พิมพา", "road_label_source": "nearest_road", "road_ref": "ทล.7 กม.23.6-23.7", "medoid_raw": [100.829786, 13.690268], "snap_distance_m": 3.69}}, {"type": "Feature", "geometry": {"type": "Point", "coordinates": [100.69283, 13.657998]}, "properties": {"id": "zone_151", "unit_type": "cluster", "centroid": [13.657647, 100.692482], "radius_m": 797.2, "province": "สมุทรปราการ", "road": "แขวงรามอินทรา - บางพลี", "route_code": "9", "km_min": 62.0, "km_max": 63.5, "accident_count": 31, "deaths": 0, "serious_injury": 0, "minor_injury": 13, "fatal_crashes": 0, "injured_total": 13, "severity_index": 0.4194, "level": "low", "economic_loss": 754000, "epdo_million": 0.754, "single_count": 7, "multi_count": 24, "single_pct": 22.6, "multi_pct": 77.4, "pattern": "multiple", "top_cause": "ขับรถเร็วเกินอัตรากำหนด", "road_feature": "ทางตรง+ไม่มีความลาดชัน", "crash_pattern": "ชนท้าย", "road_type": "ทางหลวง", "speed_limit": 90, "road_label": "แขวงรามอินทรา - บางพลี", "road_label_source": "record", "road_ref": "ทล.9 กม.62-63.5", "medoid_raw": [100.69278, 13.658032], "snap_distance_m": 6.59}}, {"type": "Feature", "geometry": {"type": "Point", "coordinates": [100.698855, 13.668275]}, "properties": {"id": "zone_152", "unit_type": "cluster", "centroid": [13.668023, 100.698793], "radius_m": 195.2, "province": "กรุงเทพมหานคร", "road": "แขวงรามอินทรา - บางพลี", "route_code": "9", "km_min": 61.2, "km_max": 61.6, "accident_count": 5, "deaths": 0, "serious_injury": 0, "minor_injury": 2, "fatal_crashes": 0, "injured_total": 2, "severity_index": 0.4, "level": "low", "economic_loss": 116000, "epdo_million": 0.116, "single_count": 2, "multi_count": 3, "single_pct": 40.0, "multi_pct": 60.0, "pattern": "multiple", "top_cause": "ขับรถเร็วเกินอัตรากำหนด", "road_feature": "ทางตรง+ไม่มีความลาดชัน", "crash_pattern": "ชนท้าย", "road_type": "ทางหลวง", "speed_limit": 90, "road_label": "แขวงรามอินทรา - บางพลี", "road_label_source": "record", "road_ref": "ทล.9 กม.61.2-61.6", "medoid_raw": [100.698817, 13.668284], "snap_distance_m": 4.23}}, {"type": "Feature", "geometry": {"type": "Point", "coordinates": [100.693237, 13.658565]}, "properties": {"id": "zone_153", "unit_type": "cluster", "centroid": [13.658603, 100.69316], "radius_m": 928.1, "province": "กรุงเทพมหานคร", "road": "ไม่ระบุ", "route_code": "9", "km_min": 61.7, "km_max": 63.5, "accident_count": 52, "deaths": 0, "serious_injury": 1, "minor_injury": 32, "fatal_crashes": 0, "injured_total": 33, "severity_index": 0.6346, "level": "low", "economic_loss": 3856000, "epdo_million": 3.856, "single_count": 9, "multi_count": 43, "single_pct": 17.3, "multi_pct": 82.7, "pattern": "multiple", "top_cause": "ขับรถเร็วเกินอัตราที่กำหนด", "road_feature": "ทางตรง+ที่ราบ", "crash_pattern": "ชนท้าย", "road_type": "ทางหลวง", "speed_limit": 90, "road_label": "แขวงรามอินทรา - บางพลี", "road_label_source": "nearest_road", "road_ref": "ทล.9 กม.61.7-63.5", "medoid_raw": [100.693203, 13.658588], "snap_distance_m": 4.48}}, {"type": "Feature", "geometry": {"type": "Point", "coordinates": [100.699185, 13.670909]}, "properties": {"id": "zone_154", "unit_type": "cluster", "centroid": [13.671177, 100.699103], "radius_m": 344.2, "province": "กรุงเทพมหานคร", "road": "ไม่ระบุ", "route_code": "9", "km_min": 60.8, "km_max": 61.4, "accident_count": 10, "deaths": 0, "serious_injury": 0, "minor_injury": 5, "fatal_crashes": 0, "injured_total": 5, "severity_index": 0.5, "level": "low", "economic_loss": 290000, "epdo_million": 0.29, "single_count": 3, "multi_count": 7, "single_pct": 30.0, "multi_pct": 70.0, "pattern": "multiple", "top_cause": "ขับรถเร็วเกินอัตรากำหนด", "road_feature": "ทางตรง+ไม่มีความลาดชัน", "crash_pattern": "ชนท้าย", "road_type": "ทางหลวง", "speed_limit": 90, "road_label": "แขวงรามอินทรา - บางพลี", "road_label_source": "nearest_road", "road_ref": "ทล.9 กม.60.8-61.4", "medoid_raw": [100.699141, 13.67091], "snap_distance_m": 4.76}}, {"type": "Feature", "geometry": {"type": "Point", "coordinates": [100.552137, 13.771427]}, "properties": {"id": "zone_155", "unit_type": "cluster", "centroid": [13.771457, 100.552071], "radius_m": 253.4, "province": "กรุงเทพมหานคร", "road": "ดินแดง - งามวงศ์วาน", "route_code": "31", "km_min": 5.725, "km_max": 6.1, "accident_count": 9, "deaths": 1, "serious_injury": 0, "minor_injury": 6, "fatal_crashes": 1, "injured_total": 6, "severity_index": 0.7778, "level": "low", "economic_loss": 7048000, "epdo_million": 7.048, "single_count": 4, "multi_count": 5, "single_pct": 44.4, "multi_pct": 55.6, "pattern": "mixed", "top_cause": "ขับรถเร็วเกินอัตราที่กำหนด", "road_feature": "ทางตรง+ที่ราบ", "crash_pattern": "ชนท้าย", "road_type": "ทางหลวง", "speed_limit": 90, "road_label": "ดินแดง - งามวงศ์วาน", "road_label_source": "record", "road_ref": "ทล.31 กม.5.7-6.1", "medoid_raw": [100.552093, 13.771448], "snap_distance_m": 5.29}}, {"type": "Feature", "geometry": {"type": "Point", "coordinates": [100.521398, 13.748965]}, "properties": {"id": "zone_156", "unit_type": "cluster", "centroid": [13.748644, 100.521243], "radius_m": 97.4, "province": "กรุงเทพมหานคร", "road": "พญาไท-บางโคล่", "route_code": "E002S007|U", "km_min": 6.6, "km_max": 6.7, "accident_count": 5, "deaths": 0, "serious_injury": 0, "minor_injury": 8, "fatal_crashes": 0, "injured_total": 8, "severity_index": 1.6, "level": "medium", "economic_loss": 464000, "epdo_million": 0.464, "single_count": 1, "multi_count": 4, "single_pct": 20.0, "multi_pct": 80.0, "pattern": "multiple", "top_cause": "ไม่ระบุ", "road_feature": "ทางตรง", "crash_pattern": "ชนด้านข้าง", "road_type": "การทางพิเศษ", "speed_limit": 100, "road_label": "พญาไท-บางโคล่", "road_label_source": "record", "road_ref": "ทางพิเศษสายE002S007|U กม.6.6-6.7", "medoid_raw": [100.521343, 13.748981], "snap_distance_m": 6.2}}, {"type": "Feature", "geometry": {"type": "Point", "coordinates": [100.406732, 13.7033]}, "properties": {"id": "zone_157", "unit_type": "cluster", "centroid": [13.703228, 100.406633], "radius_m": 720.5, "province": "กรุงเทพมหานคร", "road": "บางแค - คลองมหาสวัสดิ์", "route_code": "9", "km_min": 20.6, "km_max": 23.7, "accident_count": 35, "deaths": 0, "serious_injury": 1, "minor_injury": 10, "fatal_crashes": 0, "injured_total": 11, "severity_index": 0.3143, "level": "low", "economic_loss": 2580000, "epdo_million": 2.58, "single_count": 13, "multi_count": 22, "single_pct": 37.1, "multi_pct": 62.9, "pattern": "multiple", "top_cause": "ขับรถเร็วเกินอัตราที่กำหนด", "road_feature": "ทางตรง+ที่ราบ", "crash_pattern": "ชนท้าย", "road_type": "ทางหลวง", "speed_limit": 90, "road_label": "บางแค - คลองมหาสวัสดิ์", "road_label_source": "record", "road_ref": "ทล.9 กม.20.6-23.7", "medoid_raw": [100.406747, 13.703301], "snap_distance_m": 1.62}}, {"type": "Feature", "geometry": {"type": "Point", "coordinates": [100.407286, 13.698479]}, "properties": {"id": "zone_158", "unit_type": "cluster", "centroid": [13.698859, 100.407159], "radius_m": 126.3, "province": "กรุงเทพมหานคร", "road": "ไม่ระบุ", "route_code": "9", "km_min": 22.3, "km_max": 22.5, "accident_count": 5, "deaths": 1, "serious_injury": 0, "minor_injury": 1, "fatal_crashes": 1, "injured_total": 1, "severity_index": 0.4, "level": "low", "economic_loss": 6758000, "epdo_million": 6.758, "single_count": 1, "multi_count": 4, "single_pct": 20.0, "multi_pct": 80.0, "pattern": "multiple", "top_cause": "ขับรถเร็วเกินอัตรากำหนด", "road_feature": "ทางตรง+ไม่มีความลาดชัน", "crash_pattern": "ชนท้าย", "road_type": "ทางหลวง", "speed_limit": 90, "road_label": "บางแค - คลองมหาสวัสดิ์", "road_label_source": "nearest_road", "road_ref": "ทล.9 กม.22.3-22.5", "medoid_raw": [100.407293, 13.69848], "snap_distance_m": 0.76}}, {"type": "Feature", "geometry": {"type": "Point", "coordinates": [100.406308, 13.707156]}, "properties": {"id": "zone_159", "unit_type": "cluster", "centroid": [13.707053, 100.406244], "radius_m": 115.3, "province": "กรุงเทพมหานคร", "road": "ไม่ระบุ", "route_code": "9", "km_min": 22.0, "km_max": 23.2, "accident_count": 4, "deaths": 0, "serious_injury": 0, "minor_injury": 0, "fatal_crashes": 0, "injured_total": 0, "severity_index": 0.0, "level": "low", "economic_loss": 0, "epdo_million": 0.0, "single_count": 0, "multi_count": 4, "single_pct": 0.0, "multi_pct": 100.0, "pattern": "multiple", "top_cause": "ขับรถเร็วเกินอัตรากำหนด", "road_feature": "ทางตรง+ไม่มีความลาดชัน", "crash_pattern": "ชนท้าย", "road_type": "ทางหลวง", "speed_limit": 90, "road_label": "บางแค - คลองมหาสวัสดิ์", "road_label_source": "nearest_road", "road_ref": "ทล.9 กม.22-23.2", "medoid_raw": [100.406291, 13.707154], "snap_distance_m": 1.85}}, {"type": "Feature", "geometry": {"type": "Point", "coordinates": [100.613513, 13.741905]}, "properties": {"id": "zone_160", "unit_type": "cluster", "centroid": [13.741915, 100.613543], "radius_m": 136.8, "province": "กรุงเทพมหานคร", "road": "พญาไท-ศรีนครินทร์", "route_code": "E002S016|U", "km_min": 10.0, "km_max": 10.3, "accident_count": 8, "deaths": 0, "serious_injury": 0, "minor_injury": 0, "fatal_crashes": 0, "injured_total": 0, "severity_index": 0.0, "level": "low", "economic_loss": 0, "epdo_million": 0.0, "single_count": 1, "multi_count": 7, "single_pct": 12.5, "multi_pct": 87.5, "pattern": "multiple", "top_cause": "ขับรถกระชั้นชิด", "road_feature": "ทางตรง", "crash_pattern": "ชนท้าย", "road_type": "การทางพิเศษ", "speed_limit": 100, "road_label": "พญาไท-ศรีนครินทร์", "road_label_source": "record", "road_ref": "ทางพิเศษสายE002S016|U กม.10-10.3", "medoid_raw": [100.613482, 13.741859], "snap_distance_m": 6.11}}, {"type": "Feature", "geometry": {"type": "Point", "coordinates": [100.45593, 13.626135]}, "properties": {"id": "zone_161", "unit_type": "cluster", "centroid": [13.626113, 100.455933], "radius_m": 408.3, "province": "กรุงเทพมหานคร", "road": "ไม่ระบุ", "route_code": "3902", "km_min": 9.1, "km_max": 9.9, "accident_count": 9, "deaths": 0, "serious_injury": 0, "minor_injury": 14, "fatal_crashes": 0, "injured_total": 14, "severity_index": 1.5556, "level": "medium", "economic_loss": 812000, "epdo_million": 0.812, "single_count": 1, "multi_count": 8, "single_pct": 11.1, "multi_pct": 88.9, "pattern": "multiple", "top_cause": "ขับรถเร็วเกินอัตรากำหนด", "road_feature": "ทางตรง+ไม่มีความลาดชัน", "crash_pattern": "ชนท้าย", "road_type": "ทางหลวง", "speed_limit": 90, "road_label": "พระประแดง - บางแค", "road_label_source": "nearest_road", "road_ref": "ทล.3902 กม.9.1-9.9", "medoid_raw": [100.455929, 13.626113], "snap_distance_m": 2.45}}, {"type": "Feature", "geometry": {"type": "Point", "coordinates": [100.557211, 13.8362]}, "properties": {"id": "zone_162", "unit_type": "cluster", "centroid": [13.836284, 100.557269], "radius_m": 106.7, "province": "กรุงเทพมหานคร", "road": "ไม่ระบุ", "route_code": "31", "km_min": 8.385, "km_max": 13.347, "accident_count": 5, "deaths": 1, "serious_injury": 1, "minor_injury": 2, "fatal_crashes": 1, "injured_total": 3, "severity_index": 0.8, "level": "low", "economic_loss": 8816000, "epdo_million": 8.816, "single_count": 3, "multi_count": 2, "single_pct": 60.0, "multi_pct": 40.0, "pattern": "single", "top_cause": "ขับรถเร็วเกินอัตราที่กำหนด", "road_feature": "ทางตรง+ที่ราบ", "crash_pattern": "พลิกคว่ำ/ตกถนนในทางตรง", "road_type": "ทางหลวง", "speed_limit": 90, "road_label": "ดินแดง - งามวงศ์วาน", "road_label_source": "nearest_road", "road_ref": "ทล.31 กม.8.4-13.3", "medoid_raw": [100.557233, 13.836199], "snap_distance_m": 2.38}}, {"type": "Feature", "geometry": {"type": "Point", "coordinates": [100.556069, 13.777753]}, "properties": {"id": "zone_163", "unit_type": "cluster", "centroid": [13.778447, 100.556156], "radius_m": 194.3, "province": "กรุงเทพมหานคร", "road": "ดินแดง - งามวงศ์วาน", "route_code": "31", "km_min": 6.565, "km_max": 6.92, "accident_count": 5, "deaths": 0, "serious_injury": 0, "minor_injury": 7, "fatal_crashes": 0, "injured_total": 7, "severity_index": 1.4, "level": "medium", "economic_loss": 406000, "epdo_million": 0.406, "single_count": 2, "multi_count": 3, "single_pct": 40.0, "multi_pct": 60.0, "pattern": "multiple", "top_cause": "ขับรถเร็วเกินอัตราที่กำหนด", "road_feature": "ทางตรง+ที่ราบ", "crash_pattern": "ชนท้าย", "road_type": "ทางหลวง", "speed_limit": 90, "road_label": "ดินแดง - งามวงศ์วาน", "road_label_source": "record", "road_ref": "ทล.31 กม.6.6-6.9", "medoid_raw": [100.556031, 13.777773], "snap_distance_m": 4.67}}, {"type": "Feature", "geometry": {"type": "Point", "coordinates": [100.699521, 13.692772]}, "properties": {"id": "zone_164", "unit_type": "cluster", "centroid": [13.692939, 100.699588], "radius_m": 506.0, "province": "กรุงเทพมหานคร", "road": "แขวงรามอินทรา - บางพลี", "route_code": "9", "km_min": 58.2, "km_max": 59.0, "accident_count": 16, "deaths": 0, "serious_injury": 3, "minor_injury": 16, "fatal_crashes": 0, "injured_total": 19, "severity_index": 1.1875, "level": "medium", "economic_loss": 6928000, "epdo_million": 6.928, "single_count": 2, "multi_count": 14, "single_pct": 12.5, "multi_pct": 87.5, "pattern": "multiple", "top_cause": "ขับรถเร็วเกินอัตรากำหนด", "road_feature": "ทางตรง+ไม่มีความลาดชัน", "crash_pattern": "ชนท้าย", "road_type": "ทางหลวง", "speed_limit": 90, "road_label": "แขวงรามอินทรา - บางพลี", "road_label_source": "record", "road_ref": "ทล.9 กม.58.2-59", "medoid_raw": [100.699456, 13.692773], "snap_distance_m": 7.02}}, {"type": "Feature", "geometry": {"type": "Point", "coordinates": [100.69978, 13.700955]}, "properties": {"id": "zone_165", "unit_type": "cluster", "centroid": [13.700526, 100.699688], "radius_m": 201.5, "province": "กรุงเทพมหานคร", "road": "แขวงรามอินทรา - บางพลี", "route_code": "9", "km_min": 57.7, "km_max": 58.0, "accident_count": 4, "deaths": 1, "serious_injury": 1, "minor_injury": 3, "fatal_crashes": 1, "injured_total": 4, "severity_index": 1.25, "level": "medium", "economic_loss": 8874000, "epdo_million": 8.874, "single_count": 0, "multi_count": 4, "single_pct": 0.0, "multi_pct": 100.0, "pattern": "multiple", "top_cause": "ขับรถเร็วเกินอัตรากำหนด", "road_feature": "ทางตรง+ไม่มีความลาดชัน", "crash_pattern": "ชนท้าย", "road_type": "ทางหลวง", "speed_limit": 90, "road_label": "แขวงรามอินทรา - บางพลี", "road_label_source": "record", "road_ref": "ทล.9 กม.57.7-58", "medoid_raw": [100.699778, 13.700955], "snap_distance_m": 0.22}}, {"type": "Feature", "geometry": {"type": "Point", "coordinates": [100.699725, 13.694632]}, "properties": {"id": "zone_166", "unit_type": "cluster", "centroid": [13.694693, 100.699613], "radius_m": 811.0, "province": "กรุงเทพมหานคร", "road": "ไม่ระบุ", "route_code": "9", "km_min": 57.7, "km_max": 59.3, "accident_count": 29, "deaths": 4, "serious_injury": 2, "minor_injury": 19, "fatal_crashes": 4, "injured_total": 21, "severity_index": 0.8621, "level": "low", "economic_loss": 31902000, "epdo_million": 31.902, "single_count": 9, "multi_count": 20, "single_pct": 31.0, "multi_pct": 69.0, "pattern": "multiple", "top_cause": "ขับรถเร็วเกินอัตราที่กำหนด", "road_feature": "ทางตรง+ไม่มีความลาดชัน", "crash_pattern": "ชนท้าย", "road_type": "ทางหลวง", "speed_limit": 90, "road_label": "แขวงรามอินทรา - บางพลี", "road_label_source": "nearest_road", "road_ref": "ทล.9 กม.57.7-59.3", "medoid_raw": [100.699718, 13.694632], "snap_distance_m": 0.76}}, {"type": "Feature", "geometry": {"type": "Point", "coordinates": [100.907889, 13.810244]}, "properties": {"id": "zone_167", "unit_type": "cluster", "centroid": [13.810459, 100.908361], "radius_m": 196.6, "province": "กรุงเทพมหานคร", "road": "ไม่ระบุ", "route_code": "304", "km_min": 47.206, "km_max": 47.5, "accident_count": 4, "deaths": 0, "serious_injury": 0, "minor_injury": 0, "fatal_crashes": 0, "injured_total": 0, "severity_index": 0.0, "level": "low", "economic_loss": 0, "epdo_million": 0.0, "single_count": 4, "multi_count": 0, "single_pct": 100.0, "multi_pct": 0.0, "pattern": "single", "top_cause": "ขับรถเร็วเกินอัตรากำหนด", "road_feature": "ทางโค้งกว้าง+ไม่มีความลาดชัน", "crash_pattern": "พลิกคว่ำ/ตกถนนในทางตรง", "road_type": "ทางหลวง", "speed_limit": 90, "road_label": "แยกเข้ามีนบุรี - คลองหลวงแพ่ง", "road_label_source": "nearest_road", "road_ref": "ทล.304 กม.47.2-47.5", "medoid_raw": [100.907899, 13.810232], "snap_distance_m": 1.72}}, {"type": "Feature", "geometry": {"type": "Point", "coordinates": [100.538727, 13.663641]}, "properties": {"id": "zone_168", "unit_type": "cluster", "centroid": [13.664106, 100.538778], "radius_m": 156.0, "province": "สมุทรปราการ", "road": "จุดเชื่อมต่อถนนวงแหวนอุตสาหกรรมเข้าสะพานภูมิพลที่ 2", "route_code": "ส.013", "km_min": 0.6, "km_max": 0.819, "accident_count": 3, "deaths": 2, "serious_injury": 0, "minor_injury": 0, "fatal_crashes": 2, "injured_total": 0, "severity_index": 0.6667, "level": "low", "economic_loss": 13400000, "epdo_million": 13.4, "single_count": 2, "multi_count": 1, "single_pct": 66.7, "multi_pct": 33.3, "pattern": "single", "top_cause": "ฝ่าฝืนสัญญาณไฟ/เครื่องหมายจราจร", "road_feature": "ทางสามแยก(Y)", "crash_pattern": "เสียหลัก ตกถนนโค้งซ้าย/ชนสิ่งของ", "road_type": "ทางหลวงชนบท", "speed_limit": 80, "road_label": "จุดเชื่อมต่อถนนวงแหวนอุตสาหกรรมเข้าสะพานภูมิพลที่ 2", "road_label_source": "record", "road_ref": "ทช.ส.013 กม.0.6-0.8", "medoid_raw": [100.53873, 13.663641], "snap_distance_m": 0.32}}, {"type": "Feature", "geometry": {"type": "Point", "coordinates": [100.516625, 13.664095]}, "properties": {"id": "zone_169", "unit_type": "cluster", "centroid": [13.663731, 100.516993], "radius_m": 204.2, "province": "กรุงเทพมหานคร", "road": "ถนนวงแหวนอุตสาหกรรมเข้าสะพานภูมิพลที่ 1", "route_code": "ส.012", "km_min": 0.02, "km_max": 0.6, "accident_count": 8, "deaths": 0, "serious_injury": 0, "minor_injury": 7, "fatal_crashes": 0, "injured_total": 7, "severity_index": 0.875, "level": "low", "economic_loss": 406000, "epdo_million": 0.406, "single_count": 4, "multi_count": 4, "single_pct": 50.0, "multi_pct": 50.0, "pattern": "mixed", "top_cause": "ขับรถตามกระชั้นชิด", "road_feature": "ทางตรง+ไม่มีความลาดชัน", "crash_pattern": "อื่นๆ (ระบุ)", "road_type": "ทางหลวงชนบท", "speed_limit": 80, "road_label": "ถนนวงแหวนอุตสาหกรรมเข้าสะพานภูมิพลที่ 1", "road_label_source": "record", "road_ref": "ทช.ส.012 กม.0-0.6", "medoid_raw": [100.516628, 13.664087], "snap_distance_m": 0.95}}, {"type": "Feature", "geometry": {"type": "Point", "coordinates": [100.530061, 13.66383]}, "properties": {"id": "zone_170", "unit_type": "cluster", "centroid": [13.664225, 100.530125], "radius_m": 672.5, "province": "สมุทรปราการ", "road": "ถนนวงแหวนอุตสาหกรรมเข้าสะพานภูมิพลที่ 1", "route_code": "ส.012", "km_min": 0.4, "km_max": 2.55, "accident_count": 63, "deaths": 3, "serious_injury": 1, "minor_injury": 35, "fatal_crashes": 3, "injured_total": 36, "severity_index": 0.619, "level": "low", "economic_loss": 24130000, "epdo_million": 24.13, "single_count": 14, "multi_count": 49, "single_pct": 22.2, "multi_pct": 77.8, "pattern": "multiple", "top_cause": "ขับรถเร็วเกินอัตรากำหนด", "road_feature": "ทางตรง+ไม่มีความลาดชัน", "crash_pattern": "ชนท้าย (ช่องจราจรเดียวกัน)", "road_type": "ทางหลวงชนบท", "speed_limit": 80, "road_label": "ถนนวงแหวนอุตสาหกรรมเข้าสะพานภูมิพลที่ 1", "road_label_source": "record", "road_ref": "ทช.ส.012 กม.0.4-2.5", "medoid_raw": [100.53006, 13.663901], "snap_distance_m": 7.9}}, {"type": "Feature", "geometry": {"type": "Point", "coordinates": [100.538109, 13.666362]}, "properties": {"id": "zone_171", "unit_type": "cluster", "centroid": [13.666192, 100.538244], "radius_m": 89.0, "province": "สมุทรปราการ", "road": "ถนนวงแหวนอุตสาหกรรมเข้าสะพานภูมิพลที่ 1", "route_code": "ส.012", "km_min": 0.1, "km_max": 2.987, "accident_count": 9, "deaths": 0, "serious_injury": 0, "minor_injury": 5, "fatal_crashes": 0, "injured_total": 5, "severity_index": 0.5556, "level": "low", "economic_loss": 290000, "epdo_million": 0.29, "single_count": 6, "multi_count": 3, "single_pct": 66.7, "multi_pct": 33.3, "pattern": "single", "top_cause": "ขับรถเร็วเกินอัตรากำหนด", "road_feature": "ทางแยกต่างระดับ/Ramps", "crash_pattern": "เสียการควบคุม", "road_type": "ทางหลวงชนบท", "speed_limit": 80, "road_label": "ถนนวงแหวนอุตสาหกรรมเข้าสะพานภูมิพลที่ 1", "road_label_source": "record", "road_ref": "ทช.ส.012 กม.0.1-3", "medoid_raw": [100.53814, 13.666357], "snap_distance_m": 3.4}}, {"type": "Feature", "geometry": {"type": "Point", "coordinates": [100.521931, 13.665358]}, "properties": {"id": "zone_172", "unit_type": "cluster", "centroid": [13.665387, 100.521728], "radius_m": 66.7, "province": "สมุทรปราการ", "road": "ถนนวงแหวนอุตสาหกรรมเข้าสะพานภูมิพลที่ 1", "route_code": "ส.012", "km_min": 0.9, "km_max": 1.0, "accident_count": 3, "deaths": 0, "serious_injury": 0, "minor_injury": 1, "fatal_crashes": 0, "injured_total": 1, "severity_index": 0.3333, "level": "low", "economic_loss": 58000, "epdo_million": 0.058, "single_count": 0, "multi_count": 3, "single_pct": 0.0, "multi_pct": 100.0, "pattern": "multiple", "top_cause": "เปลี่ยนช่องทางกะทันหัน", "road_feature": "ทางตรง+ไม่มีความลาดชัน", "crash_pattern": "ชนคนเดินเท้า", "road_type": "ทางหลวงชนบท", "speed_limit": 80, "road_label": "ถนนวงแหวนอุตสาหกรรมเข้าสะพานภูมิพลที่ 1", "road_label_source": "record", "road_ref": "ทช.ส.012 กม.0.9-1", "medoid_raw": [100.521932, 13.665364], "snap_distance_m": 0.68}}, {"type": "Feature", "geometry": {"type": "Point", "coordinates": [100.540719, 13.649229]}, "properties": {"id": "zone_173", "unit_type": "cluster", "centroid": [13.649093, 100.540804], "radius_m": 333.9, "province": "สมุทรปราการ", "road": "ทางออกจากถนนวงแหวนอุตสาหกรรมสู่ถนนปู่เจ้าสมิงพราย", "route_code": "ส.013", "km_min": 0.35, "km_max": 1.214, "accident_count": 25, "deaths": 0, "serious_injury": 0, "minor_injury": 9, "fatal_crashes": 0, "injured_total": 9, "severity_index": 0.36, "level": "low", "economic_loss": 522000, "epdo_million": 0.522, "single_count": 12, "multi_count": 13, "single_pct": 48.0, "multi_pct": 52.0, "pattern": "mixed", "top_cause": "ขับรถเร็วเกินอัตรากำหนด", "road_feature": "ทางตรง+ไม่มีความลาดชัน", "crash_pattern": "อื่นๆ (ระบุ)", "road_type": "ทางหลวงชนบท", "speed_limit": 80, "road_label": "ทางออกจากถนนวงแหวนอุตสาหกรรมสู่ถนนปู่เจ้าสมิงพราย", "road_label_source": "record", "road_ref": "ทช.ส.013 กม.0.3-1.2", "medoid_raw": [100.540697, 13.649258], "snap_distance_m": 4.01}}, {"type": "Feature", "geometry": {"type": "Point", "coordinates": [100.540783, 13.654959]}, "properties": {"id": "zone_174", "unit_type": "cluster", "centroid": [13.654854, 100.540942], "radius_m": 85.6, "province": "สมุทรปราการ", "road": "ทางออกจากถนนวงแหวนอุตสาหกรรมสู่ถนนปู่เจ้าสมิงพราย", "route_code": "ส.013", "km_min": 1.214, "km_max": 1.214, "accident_count": 4, "deaths": 0, "serious_injury": 0, "minor_injury": 0, "fatal_crashes": 0, "injured_total": 0, "severity_index": 0.0, "level": "low", "economic_loss": 0, "epdo_million": 0.0, "single_count": 4, "multi_count": 0, "single_pct": 100.0, "multi_pct": 0.0, "pattern": "single", "top_cause": "ขับรถเร็วเกินอัตรากำหนด", "road_feature": "ทางสามแยก(Y)", "crash_pattern": "เสียหลัก ตกถนนโค้งขวา/ชนสิ่งของ", "road_type": "ทางหลวงชนบท", "speed_limit": 80, "road_label": "ทางออกจากถนนวงแหวนอุตสาหกรรมสู่ถนนปู่เจ้าสมิงพราย", "road_label_source": "record", "road_ref": "ทช.ส.013 กม.1.2", "medoid_raw": [100.540768, 13.654956], "snap_distance_m": 1.65}}, {"type": "Feature", "geometry": {"type": "Point", "coordinates": [100.531454, 13.663816]}, "properties": {"id": "zone_175", "unit_type": "cluster", "centroid": [13.663776, 100.530811], "radius_m": 198.9, "province": "สมุทรปราการ", "road": "ทางออกจากถนนวงแหวนอุตสาหกรรมสู่ถนนปู่เจ้าสมิงพราย", "route_code": "ส.013", "km_min": 0.9, "km_max": 1.1, "accident_count": 5, "deaths": 0, "serious_injury": 0, "minor_injury": 0, "fatal_crashes": 0, "injured_total": 0, "severity_index": 0.0, "level": "low", "economic_loss": 0, "epdo_million": 0.0, "single_count": 3, "multi_count": 2, "single_pct": 60.0, "multi_pct": 40.0, "pattern": "single", "top_cause": "ถนนลื่น", "road_feature": "ทางตรง+ไม่มีความลาดชัน", "crash_pattern": "เสียหลัก ตกถนนชนวัตถุทางซ้าย", "road_type": "ทางหลวงชนบท", "speed_limit": 80, "road_label": "ทางออกจากถนนวงแหวนอุตสาหกรรมสู่ถนนปู่เจ้าสมิงพราย", "road_label_source": "record", "road_ref": "ทช.ส.013 กม.0.9-1.1", "medoid_raw": [100.531455, 13.663808], "snap_distance_m": 0.9}}, {"type": "Feature", "geometry": {"type": "Point", "coordinates": [100.540623, 13.648954]}, "properties": {"id": "zone_176", "unit_type": "cluster", "centroid": [13.649033, 100.540666], "radius_m": 127.4, "province": "สมุทรปราการ", "road": "ทางออกจากถนนวงแหวนอุตสาหกรรมสู่ถนนสุขสวัสดิ์", "route_code": "ส.013", "km_min": 0.05, "km_max": 0.25, "accident_count": 9, "deaths": 0, "serious_injury": 0, "minor_injury": 10, "fatal_crashes": 0, "injured_total": 10, "severity_index": 1.1111, "level": "medium", "economic_loss": 580000, "epdo_million": 0.58, "single_count": 1, "multi_count": 8, "single_pct": 11.1, "multi_pct": 88.9, "pattern": "multiple", "top_cause": "เปลี่ยนช่องทางกะทันหัน", "road_feature": "ทางตรง+ไม่มีความลาดชัน", "crash_pattern": "อื่นๆ (ระบุ)", "road_type": "ทางหลวงชนบท", "speed_limit": 80, "road_label": "ทางออกจากถนนวงแหวนอุตสาหกรรมสู่ถนนสุขสวัสดิ์", "road_label_source": "record", "road_ref": "ทช.ส.013 กม.0.1-0.2", "medoid_raw": [100.540627, 13.648949], "snap_distance_m": 0.7}}, {"type": "Feature", "geometry": {"type": "Point", "coordinates": [100.540694, 13.649011]}, "properties": {"id": "zone_177", "unit_type": "cluster", "centroid": [13.649047, 100.540708], "radius_m": 656.5, "province": "สมุทรปราการ", "road": "ทางเข้าถนนปู่เจ้าสมิงพรายสู่ถนนวงแหวนอุตสาหกรรม", "route_code": "ส.013", "km_min": 0.05, "km_max": 0.7, "accident_count": 44, "deaths": 0, "serious_injury": 5, "minor_injury": 14, "fatal_crashes": 0, "injured_total": 19, "severity_index": 0.4318, "level": "low", "economic_loss": 10812000, "epdo_million": 10.812, "single_count": 24, "multi_count": 20, "single_pct": 54.5, "multi_pct": 45.5, "pattern": "mixed", "top_cause": "ขับรถเร็วเกินอัตรากำหนด", "road_feature": "ทางตรง+ไม่มีความลาดชัน", "crash_pattern": "อื่นๆ (ระบุ)", "road_type": "ทางหลวงชนบท", "speed_limit": 80, "road_label": "ทางเข้าถนนปู่เจ้าสมิงพรายสู่ถนนวงแหวนอุตสาหกรรม", "road_label_source": "record", "road_ref": "ทช.ส.013 กม.0.1-0.7", "medoid_raw": [100.540698, 13.649006], "snap_distance_m": 0.7}}, {"type": "Feature", "geometry": {"type": "Point", "coordinates": [100.517384, 13.664376]}, "properties": {"id": "zone_178", "unit_type": "cluster", "centroid": [13.664299, 100.517664], "radius_m": 380.4, "province": "กรุงเทพมหานคร", "road": "ทางเข้าถนนสุขสวัสดิ์สู่ถนนวงแหวนอุตสาหกรรม", "route_code": "ส.012", "km_min": 0.02, "km_max": 0.392, "accident_count": 9, "deaths": 0, "serious_injury": 0, "minor_injury": 0, "fatal_crashes": 0, "injured_total": 0, "severity_index": 0.0, "level": "low", "economic_loss": 0, "epdo_million": 0.0, "single_count": 2, "multi_count": 7, "single_pct": 22.2, "multi_pct": 77.8, "pattern": "multiple", "top_cause": "ขับรถเร็วเกินอัตรากำหนด", "road_feature": "ทางตรง+ไม่มีความลาดชัน", "crash_pattern": "ชนคนเดินเท้า", "road_type": "ทางหลวงชนบท", "speed_limit": 80, "road_label": "ทางเข้าถนนสุขสวัสดิ์สู่ถนนวงแหวนอุตสาหกรรม", "road_label_source": "record", "road_ref": "ทช.ส.012 กม.0-0.4", "medoid_raw": [100.517388, 13.664367], "snap_distance_m": 1.09}}, {"type": "Feature", "geometry": {"type": "Point", "coordinates": [100.538721, 13.671499]}, "properties": {"id": "zone_179", "unit_type": "cluster", "centroid": [13.671206, 100.539266], "radius_m": 1476.5, "province": "กรุงเทพมหานคร", "road": "สะพานภูมิพลที่ 1 ไปสะพานภูมิพลที่ 2", "route_code": "ส.013", "km_min": 0.6, "km_max": 3.4, "accident_count": 116, "deaths": 25, "serious_injury": 12, "minor_injury": 47, "fatal_crashes": 21, "injured_total": 59, "severity_index": 0.6897, "level": "low", "economic_loss": 194226000, "epdo_million": 194.226, "single_count": 24, "multi_count": 92, "single_pct": 20.7, "multi_pct": 79.3, "pattern": "multiple", "top_cause": "ขับรถเร็วเกินอัตรากำหนด", "road_feature": "ทางตรง+ไม่มีความลาดชัน", "crash_pattern": "ชนท้าย (ช่องจราจรเดียวกัน)", "road_type": "ทางหลวงชนบท", "speed_limit": 80, "road_label": "สะพานภูมิพลที่ 1 ไปสะพานภูมิพลที่ 2", "road_label_source": "record", "road_ref": "ทช.ส.013 กม.0.6-3.4", "medoid_raw": [100.538741, 13.671498], "snap_distance_m": 2.16}}, {"type": "Feature", "geometry": {"type": "Point", "coordinates": [100.544441, 13.685068]}, "properties": {"id": "zone_180", "unit_type": "cluster", "centroid": [13.685159, 100.544722], "radius_m": 95.8, "province": "กรุงเทพมหานคร", "road": "สะพานภูมิพลที่ 1 ไปสะพานภูมิพลที่ 2", "route_code": "ส.013", "km_min": 0.3, "km_max": 1.0, "accident_count": 3, "deaths": 2, "serious_injury": 0, "minor_injury": 1, "fatal_crashes": 2, "injured_total": 1, "severity_index": 1.0, "level": "medium", "economic_loss": 13458000, "epdo_million": 13.458, "single_count": 0, "multi_count": 3, "single_pct": 0.0, "multi_pct": 100.0, "pattern": "multiple", "top_cause": "ยางเสื่อมสภาพ/ยางแตก", "road_feature": "ทางโค้งกว้าง+โค้งดิ่ง/ที่ลาดชัน", "crash_pattern": "ชนรถที่จอดบนถนน", "road_type": "ทางหลวงชนบท", "speed_limit": 80, "road_label": "สะพานภูมิพลที่ 1 ไปสะพานภูมิพลที่ 2", "road_label_source": "record", "road_ref": "ทช.ส.013 กม.0.3-1", "medoid_raw": [100.544442, 13.685068], "snap_distance_m": 0.11}}, {"type": "Feature", "geometry": {"type": "Point", "coordinates": [100.521485, 13.66526]}, "properties": {"id": "zone_181", "unit_type": "cluster", "centroid": [13.664745, 100.52154], "radius_m": 597.1, "province": "สมุทรปราการ", "road": "สะพานภูมิพลที่ 1 ไปสะพานภูมิพลที่ 2", "route_code": "ส.013", "km_min": 1.4, "km_max": 2.6, "accident_count": 22, "deaths": 2, "serious_injury": 0, "minor_injury": 13, "fatal_crashes": 2, "injured_total": 13, "severity_index": 0.6818, "level": "low", "economic_loss": 14154000, "epdo_million": 14.154, "single_count": 5, "multi_count": 17, "single_pct": 22.7, "multi_pct": 77.3, "pattern": "multiple", "top_cause": "ขับรถเร็วเกินอัตรากำหนด", "road_feature": "ทางตรง+ไม่มีความลาดชัน", "crash_pattern": "อื่นๆ (ระบุ)", "road_type": "ทางหลวงชนบท", "speed_limit": 80, "road_label": "สะพานภูมิพลที่ 1 ไปสะพานภูมิพลที่ 2", "road_label_source": "record", "road_ref": "ทช.ส.013 กม.1.4-2.6", "medoid_raw": [100.521485, 13.665232], "snap_distance_m": 3.11}}, {"type": "Feature", "geometry": {"type": "Point", "coordinates": [100.54048, 13.648841]}, "properties": {"id": "zone_182", "unit_type": "cluster", "centroid": [13.649033, 100.540714], "radius_m": 276.4, "province": "สมุทรปราการ", "road": "สะพานภูมิพลที่ 1 ไปสะพานภูมิพลที่ 2", "route_code": "ส.013", "km_min": 0.2, "km_max": 4.7, "accident_count": 12, "deaths": 0, "serious_injury": 0, "minor_injury": 12, "fatal_crashes": 0, "injured_total": 12, "severity_index": 1.0, "level": "medium", "economic_loss": 696000, "epdo_million": 0.696, "single_count": 4, "multi_count": 8, "single_pct": 33.3, "multi_pct": 66.7, "pattern": "multiple", "top_cause": "ขับรถเร็วเกินอัตรากำหนด", "road_feature": "ทางตรง+ไม่มีความลาดชัน", "crash_pattern": "ชนท้าย (ช่องจราจรเดียวกัน)", "road_type": "ทางหลวงชนบท", "speed_limit": 80, "road_label": "สะพานภูมิพลที่ 1 ไปสะพานภูมิพลที่ 2", "road_label_source": "record", "road_ref": "ทช.ส.013 กม.0.2-4.7", "medoid_raw": [100.540483, 13.648838], "snap_distance_m": 0.47}}, {"type": "Feature", "geometry": {"type": "Point", "coordinates": [100.540718, 13.655303]}, "properties": {"id": "zone_183", "unit_type": "cluster", "centroid": [13.65499, 100.540838], "radius_m": 185.4, "province": "สมุทรปราการ", "road": "สะพานภูมิพลที่ 1 ไปสะพานภูมิพลที่ 2", "route_code": "ส.013", "km_min": 3.8, "km_max": 4.1, "accident_count": 8, "deaths": 0, "serious_injury": 0, "minor_injury": 1, "fatal_crashes": 0, "injured_total": 1, "severity_index": 0.125, "level": "low", "economic_loss": 58000, "epdo_million": 0.058, "single_count": 0, "multi_count": 8, "single_pct": 0.0, "multi_pct": 100.0, "pattern": "multiple", "top_cause": "ขับรถเร็วเกินอัตรากำหนด", "road_feature": "ทางตรง+ไม่มีความลาดชัน", "crash_pattern": "ไม่ระบุ", "road_type": "ทางหลวงชนบท", "speed_limit": 80, "road_label": "สะพานภูมิพลที่ 1 ไปสะพานภูมิพลที่ 2", "road_label_source": "record", "road_ref": "ทช.ส.013 กม.3.8-4.1", "medoid_raw": [100.540757, 13.65531], "snap_distance_m": 4.29}}, {"type": "Feature", "geometry": {"type": "Point", "coordinates": [100.53837, 13.668489]}, "properties": {"id": "zone_184", "unit_type": "cluster", "centroid": [13.66834, 100.538342], "radius_m": 394.1, "province": "สมุทรปราการ", "road": "สะพานภูมิพลที่ 2 ไปสะพานภูมิพลที่ 1", "route_code": "ส.012", "km_min": 2.2, "km_max": 3.3, "accident_count": 22, "deaths": 0, "serious_injury": 0, "minor_injury": 17, "fatal_crashes": 0, "injured_total": 17, "severity_index": 0.7727, "level": "low", "economic_loss": 986000, "epdo_million": 0.986, "single_count": 2, "multi_count": 20, "single_pct": 9.1, "multi_pct": 90.9, "pattern": "multiple", "top_cause": "ขับรถเร็วเกินอัตรากำหนด", "road_feature": "ทางตรง+ไม่มีความลาดชัน", "crash_pattern": "ชนท้าย (ช่องจราจรเดียวกัน)", "road_type": "ทางหลวงชนบท", "speed_limit": 80, "road_label": "สะพานภูมิพลที่ 2 ไปสะพานภูมิพลที่ 1", "road_label_source": "record", "road_ref": "ทช.ส.012 กม.2.2-3.3", "medoid_raw": [100.538301, 13.668495], "snap_distance_m": 7.48}}, {"type": "Feature", "geometry": {"type": "Point", "coordinates": [100.54073, 13.681967]}, "properties": {"id": "zone_185", "unit_type": "cluster", "centroid": [13.681717, 100.540647], "radius_m": 228.7, "province": "กรุงเทพมหานคร", "road": "สะพานภูมิพลที่ 2 ไปสะพานภูมิพลที่ 1", "route_code": "ส.012", "km_min": 0.7, "km_max": 4.275, "accident_count": 12, "deaths": 0, "serious_injury": 0, "minor_injury": 10, "fatal_crashes": 0, "injured_total": 10, "severity_index": 0.8333, "level": "low", "economic_loss": 580000, "epdo_million": 0.58, "single_count": 4, "multi_count": 8, "single_pct": 33.3, "multi_pct": 66.7, "pattern": "multiple", "top_cause": "ขับรถเร็วเกินอัตรากำหนด", "road_feature": "ทางโค้งกว้าง+โค้งดิ่ง/ที่ลาดชัน", "crash_pattern": "เฉี่ยวชนรถข้างเคียง (ช่องจราจรคู่ขนานกัน)", "road_type": "ทางหลวงชนบท", "speed_limit": 80, "road_label": "สะพานภูมิพลที่ 2 ไปสะพานภูมิพลที่ 1", "road_label_source": "record", "road_ref": "ทช.ส.012 กม.0.7-4.3", "medoid_raw": [100.540709, 13.681973], "snap_distance_m": 2.36}}, {"type": "Feature", "geometry": {"type": "Point", "coordinates": [100.539509, 13.678297]}, "properties": {"id": "zone_186", "unit_type": "cluster", "centroid": [13.677854, 100.539422], "radius_m": 100.5, "province": "กรุงเทพมหานคร", "road": "สะพานภูมิพลที่ 2 ไปสะพานภูมิพลที่ 1", "route_code": "ส.012", "km_min": 3.9, "km_max": 4.0, "accident_count": 4, "deaths": 0, "serious_injury": 0, "minor_injury": 5, "fatal_crashes": 0, "injured_total": 5, "severity_index": 1.25, "level": "medium", "economic_loss": 290000, "epdo_million": 0.29, "single_count": 1, "multi_count": 3, "single_pct": 25.0, "multi_pct": 75.0, "pattern": "multiple", "top_cause": "ขับรถตามกระชั้นชิด", "road_feature": "ทางตรง+ไม่มีความลาดชัน", "crash_pattern": "ชนท้าย (ช่องจราจรเดียวกัน)", "road_type": "ทางหลวงชนบท", "speed_limit": 80, "road_label": "สะพานภูมิพลที่ 2 ไปสะพานภูมิพลที่ 1", "road_label_source": "record", "road_ref": "ทช.ส.012 กม.3.9-4", "medoid_raw": [100.539508, 13.678297], "snap_distance_m": 0.11}}, {"type": "Feature", "geometry": {"type": "Point", "coordinates": [100.544513, 13.685314]}, "properties": {"id": "zone_187", "unit_type": "cluster", "centroid": [13.685218, 100.544869], "radius_m": 199.3, "province": "กรุงเทพมหานคร", "road": "สะพานภูมิพลที่ 2 ไปสะพานภูมิพลที่ 1", "route_code": "ส.012", "km_min": 0.1, "km_max": 5.0, "accident_count": 11, "deaths": 0, "serious_injury": 0, "minor_injury": 11, "fatal_crashes": 0, "injured_total": 11, "severity_index": 1.0, "level": "medium", "economic_loss": 638000, "epdo_million": 0.638, "single_count": 2, "multi_count": 9, "single_pct": 18.2, "multi_pct": 81.8, "pattern": "multiple", "top_cause": "เปลี่ยนช่องทางกะทันหัน", "road_feature": "ทางตรง+ไม่มีความลาดชัน", "crash_pattern": "อื่นๆ (ระบุ)", "road_type": "ทางหลวงชนบท", "speed_limit": 80, "road_label": "สะพานภูมิพลที่ 2 ไปสะพานภูมิพลที่ 1", "road_label_source": "record", "road_ref": "ทช.ส.012 กม.0.1-5", "medoid_raw": [100.544511, 13.685319], "snap_distance_m": 0.6}}, {"type": "Feature", "geometry": {"type": "Point", "coordinates": [100.539108, 13.675611]}, "properties": {"id": "zone_188", "unit_type": "cluster", "centroid": [13.675312, 100.539073], "radius_m": 100.3, "province": "กรุงเทพมหานคร", "road": "สะพานภูมิพลที่ 2 ไปสะพานภูมิพลที่ 1", "route_code": "ส.012", "km_min": 3.6, "km_max": 3.7, "accident_count": 3, "deaths": 0, "serious_injury": 0, "minor_injury": 1, "fatal_crashes": 0, "injured_total": 1, "severity_index": 0.3333, "level": "low", "economic_loss": 58000, "epdo_million": 0.058, "single_count": 1, "multi_count": 2, "single_pct": 33.3, "multi_pct": 66.7, "pattern": "multiple", "top_cause": "ขับรถเร็วเกินอัตรากำหนด", "road_feature": "ทางตรง+ไม่มีความลาดชัน", "crash_pattern": "ไม่ระบุ", "road_type": "ทางหลวงชนบท", "speed_limit": 80, "road_label": "สะพานภูมิพลที่ 2 ไปสะพานภูมิพลที่ 1", "road_label_source": "record", "road_ref": "ทช.ส.012 กม.3.6-3.7", "medoid_raw": [100.539097, 13.675612], "snap_distance_m": 1.19}}, {"type": "Feature", "geometry": {"type": "Point", "coordinates": [100.53969, 13.659336]}, "properties": {"id": "zone_189", "unit_type": "cluster", "centroid": [13.659232, 100.539627], "radius_m": 447.1, "province": "สมุทรปราการ", "road": "สะพานภูมิพลที่ 2 ไปสะพานภูมิพลที่ 1", "route_code": "ส.012", "km_min": 1.4, "km_max": 4.0, "accident_count": 27, "deaths": 2, "serious_injury": 2, "minor_injury": 12, "fatal_crashes": 2, "injured_total": 14, "severity_index": 0.5926, "level": "low", "economic_loss": 18096000, "epdo_million": 18.096, "single_count": 3, "multi_count": 24, "single_pct": 11.1, "multi_pct": 88.9, "pattern": "multiple", "top_cause": "ขับรถเร็วเกินอัตรากำหนด", "road_feature": "ทางตรง+ไม่มีความลาดชัน", "crash_pattern": "ชนท้าย (ช่องจราจรเดียวกัน)", "road_type": "ทางหลวงชนบท", "speed_limit": 80, "road_label": "สะพานภูมิพลที่ 2 ไปสะพานภูมิพลที่ 1", "road_label_source": "record", "road_ref": "ทช.ส.012 กม.1.4-4", "medoid_raw": [100.539577, 13.659307], "snap_distance_m": 12.63}}, {"type": "Feature", "geometry": {"type": "Point", "coordinates": [100.52372, 13.664932]}, "properties": {"id": "zone_190", "unit_type": "cluster", "centroid": [13.665006, 100.523581], "radius_m": 49.9, "province": "สมุทรปราการ", "road": "สะพานภูมิพลที่ 2 ไปสะพานภูมิพลที่ 1", "route_code": "ส.012", "km_min": 1.15, "km_max": 1.2, "accident_count": 3, "deaths": 0, "serious_injury": 0, "minor_injury": 2, "fatal_crashes": 0, "injured_total": 2, "severity_index": 0.6667, "level": "low", "economic_loss": 116000, "epdo_million": 0.116, "single_count": 3, "multi_count": 0, "single_pct": 100.0, "multi_pct": 0.0, "pattern": "single", "top_cause": "ถนนลื่น", "road_feature": "ทางตรง+ไม่มีความลาดชัน/ที่ราบ", "crash_pattern": "เสียการควบคุม", "road_type": "ทางหลวงชนบท", "speed_limit": 80, "road_label": "สะพานภูมิพลที่ 2 ไปสะพานภูมิพลที่ 1", "road_label_source": "record", "road_ref": "ทช.ส.012 กม.1.1-1.2", "medoid_raw": [100.523729, 13.664965], "snap_distance_m": 3.8}}, {"type": "Feature", "geometry": {"type": "Point", "coordinates": [100.533705, 13.664245]}, "properties": {"id": "zone_191", "unit_type": "cluster", "centroid": [13.664197, 100.533402], "radius_m": 298.5, "province": "สมุทรปราการ", "road": "สะพานภูมิพลที่ 2 ไปสะพานภูมิพลที่ 1", "route_code": "ส.012", "km_min": 2.0, "km_max": 2.6, "accident_count": 6, "deaths": 1, "serious_injury": 0, "minor_injury": 5, "fatal_crashes": 1, "injured_total": 5, "severity_index": 1.0, "level": "medium", "economic_loss": 6990000, "epdo_million": 6.99, "single_count": 2, "multi_count": 4, "single_pct": 33.3, "multi_pct": 66.7, "pattern": "multiple", "top_cause": "ขับรถเร็วเกินอัตรากำหนด", "road_feature": "ทางตรง+ไม่มีความลาดชัน", "crash_pattern": "ไม่ระบุ", "road_type": "ทางหลวงชนบท", "speed_limit": 80, "road_label": "สะพานภูมิพลที่ 2 ไปสะพานภูมิพลที่ 1", "road_label_source": "record", "road_ref": "ทช.ส.012 กม.2-2.6", "medoid_raw": [100.533703, 13.664258], "snap_distance_m": 1.46}}, {"type": "Feature", "geometry": {"type": "Point", "coordinates": [100.541272, 13.65006]}, "properties": {"id": "zone_192", "unit_type": "cluster", "centroid": [13.650499, 100.541005], "radius_m": 184.4, "province": "สมุทรปราการ", "road": "สะพานภูมิพลที่ 2 ไปสะพานภูมิพลที่ 1", "route_code": "ส.012", "km_min": 0.2, "km_max": 1.15, "accident_count": 4, "deaths": 0, "serious_injury": 0, "minor_injury": 1, "fatal_crashes": 0, "injured_total": 1, "severity_index": 0.25, "level": "low", "economic_loss": 58000, "epdo_million": 0.058, "single_count": 2, "multi_count": 2, "single_pct": 50.0, "multi_pct": 50.0, "pattern": "mixed", "top_cause": "ขับรถเร็วเกินอัตรากำหนด", "road_feature": "ทางตรง+ไม่มีความลาดชัน", "crash_pattern": "ไม่ระบุ", "road_type": "ทางหลวงชนบท", "speed_limit": 80, "road_label": "สะพานภูมิพลที่ 2 ไปสะพานภูมิพลที่ 1", "road_label_source": "record", "road_ref": "ทช.ส.012 กม.0.2-1.1", "medoid_raw": [100.541245, 13.650058], "snap_distance_m": 2.93}}, {"type": "Feature", "geometry": {"type": "Point", "coordinates": [100.516903, 13.662993]}, "properties": {"id": "zone_193", "unit_type": "cluster", "centroid": [13.66361, 100.517136], "radius_m": 184.4, "province": "กรุงเทพมหานคร", "road": "ออกจากสะพานภูมิพลที่ 2 ไปถนนวงแหวนอุตสาหกรรม", "route_code": "ส.013", "km_min": 2.1, "km_max": 2.874, "accident_count": 9, "deaths": 2, "serious_injury": 0, "minor_injury": 0, "fatal_crashes": 2, "injured_total": 0, "severity_index": 0.2222, "level": "low", "economic_loss": 13400000, "epdo_million": 13.4, "single_count": 5, "multi_count": 4, "single_pct": 55.6, "multi_pct": 44.4, "pattern": "mixed", "top_cause": "ขับรถเร็วเกินอัตรากำหนด", "road_feature": "ทางแยกต่างระดับ/Ramps", "crash_pattern": "เสียหลัก ตกถนนโค้งขวา/ชนสิ่งของ", "road_type": "ทางหลวงชนบท", "speed_limit": 80, "road_label": "ออกจากสะพานภูมิพลที่ 2 ไปถนนวงแหวนอุตสาหกรรม", "road_label_source": "record", "road_ref": "ทช.ส.013 กม.2.1-2.9", "medoid_raw": [100.516932, 13.662983], "snap_distance_m": 3.32}}, {"type": "Feature", "geometry": {"type": "Point", "coordinates": [100.530577, 13.663744]}, "properties": {"id": "zone_194", "unit_type": "cluster", "centroid": [13.664157, 100.530195], "radius_m": 799.8, "province": "สมุทรปราการ", "road": "ออกจากสะพานภูมิพลที่ 2 ไปถนนวงแหวนอุตสาหกรรม", "route_code": "ส.013", "km_min": 0.2, "km_max": 1.9, "accident_count": 41, "deaths": 0, "serious_injury": 2, "minor_injury": 12, "fatal_crashes": 0, "injured_total": 14, "severity_index": 0.3415, "level": "low", "economic_loss": 4696000, "epdo_million": 4.696, "single_count": 14, "multi_count": 27, "single_pct": 34.1, "multi_pct": 65.9, "pattern": "multiple", "top_cause": "ขับรถเร็วเกินอัตรากำหนด", "road_feature": "ทางตรง+ไม่มีความลาดชัน", "crash_pattern": "ชนท้าย (ช่องจราจรเดียวกัน)", "road_type": "ทางหลวงชนบท", "speed_limit": 80, "road_label": "ออกจากสะพานภูมิพลที่ 2 ไปถนนวงแหวนอุตสาหกรรม", "road_label_source": "record", "road_ref": "ทช.ส.013 กม.0.2-1.9", "medoid_raw": [100.530581, 13.663688], "snap_distance_m": 6.24}}, {"type": "Feature", "geometry": {"type": "Point", "coordinates": [100.538793, 13.663147]}, "properties": {"id": "zone_195", "unit_type": "cluster", "centroid": [13.663321, 100.538646], "radius_m": 168.5, "province": "สมุทรปราการ", "road": "ออกจากสะพานภูมิพลที่ 2 ไปถนนวงแหวนอุตสาหกรรม", "route_code": "ส.013", "km_min": 0.25, "km_max": 0.8, "accident_count": 5, "deaths": 0, "serious_injury": 0, "minor_injury": 0, "fatal_crashes": 0, "injured_total": 0, "severity_index": 0.0, "level": "low", "economic_loss": 0, "epdo_million": 0.0, "single_count": 3, "multi_count": 2, "single_pct": 60.0, "multi_pct": 40.0, "pattern": "single", "top_cause": "ขับรถเร็วเกินอัตรากำหนด", "road_feature": "ทางสามแยก(Y)", "crash_pattern": "อื่นๆ (ล้อรถหลุด ขณะโค้ง)", "road_type": "ทางหลวงชนบท", "speed_limit": 80, "road_label": "ออกจากสะพานภูมิพลที่ 2 ไปถนนวงแหวนอุตสาหกรรม", "road_label_source": "record", "road_ref": "ทช.ส.013 กม.0.2-0.8", "medoid_raw": [100.538867, 13.663156], "snap_distance_m": 8.06}}, {"type": "Feature", "geometry": {"type": "Point", "coordinates": [100.520565, 13.665216]}, "properties": {"id": "zone_196", "unit_type": "cluster", "centroid": [13.665196, 100.52061], "radius_m": 49.7, "province": "สมุทรปราการ", "road": "ออกจากสะพานภูมิพลที่ 2 ไปถนนวงแหวนอุตสาหกรรม", "route_code": "ส.013", "km_min": 1.9, "km_max": 2.1, "accident_count": 3, "deaths": 0, "serious_injury": 0, "minor_injury": 1, "fatal_crashes": 0, "injured_total": 1, "severity_index": 0.3333, "level": "low", "economic_loss": 58000, "epdo_million": 0.058, "single_count": 2, "multi_count": 1, "single_pct": 66.7, "multi_pct": 33.3, "pattern": "single", "top_cause": "ขับรถเร็วเกินอัตรากำหนด", "road_feature": "ทางตรง+ที่ลาดชัน", "crash_pattern": "ไม่ระบุ", "road_type": "ทางหลวงชนบท", "speed_limit": 80, "road_label": "ออกจากสะพานภูมิพลที่ 2 ไปถนนวงแหวนอุตสาหกรรม", "road_label_source": "record", "road_ref": "ทช.ส.013 กม.1.9-2.1", "medoid_raw": [100.520567, 13.665202], "snap_distance_m": 1.57}}, {"type": "Feature", "geometry": {"type": "Point", "coordinates": [100.666417, 13.811106]}, "properties": {"id": "zone_197", "unit_type": "cluster", "centroid": [13.811123, 100.666409], "radius_m": 23.5, "province": "กรุงเทพมหานคร", "road": "มหาวิทยาลัยเกษตรศาสตร์ - คันนายาว", "route_code": "351", "km_min": 11.032, "km_max": 11.15, "accident_count": 3, "deaths": 0, "serious_injury": 0, "minor_injury": 3, "fatal_crashes": 0, "injured_total": 3, "severity_index": 1.0, "level": "medium", "economic_loss": 174000, "epdo_million": 0.174, "single_count": 3, "multi_count": 0, "single_pct": 100.0, "multi_pct": 0.0, "pattern": "single", "top_cause": "ขับรถเร็วเกินอัตราที่กำหนด", "road_feature": "ทางโค้งปกติ+ที่ราบ", "crash_pattern": "พลิกคว่ำ/ตกถนนในทางโค้ง", "road_type": "ทางหลวง", "speed_limit": 90, "road_label": "มหาวิทยาลัยเกษตรศาสตร์ - คันนายาว", "road_label_source": "record", "road_ref": "ทล.351 กม.11-11.2", "medoid_raw": [100.666447, 13.811031], "snap_distance_m": 8.95}}, {"type": "Feature", "geometry": {"type": "Point", "coordinates": [100.608217, 13.785444]}, "properties": {"id": "zone_198", "unit_type": "cluster", "centroid": [13.784936, 100.608434], "radius_m": 386.3, "province": "กรุงเทพมหานคร", "road": "รามอินทรา-อาจณรงค์", "route_code": "E003S008|U", "km_min": 10.3, "km_max": 11.0, "accident_count": 10, "deaths": 0, "serious_injury": 0, "minor_injury": 10, "fatal_crashes": 0, "injured_total": 10, "severity_index": 1.0, "level": "medium", "economic_loss": 580000, "epdo_million": 0.58, "single_count": 1, "multi_count": 9, "single_pct": 10.0, "multi_pct": 90.0, "pattern": "multiple", "top_cause": "ขับรถกระชั้นชิด", "road_feature": "ทางโค้งกว้าง", "crash_pattern": "ชนท้าย", "road_type": "การทางพิเศษ", "speed_limit": 100, "road_label": "รามอินทรา-อาจณรงค์", "road_label_source": "record", "road_ref": "ทางพิเศษสายE003S008|U กม.10.3-11", "medoid_raw": [100.608186, 13.785454], "snap_distance_m": 3.53}}, {"type": "Feature", "geometry": {"type": "Point", "coordinates": [100.561163, 13.797008]}, "properties": {"id": "zone_199", "unit_type": "cluster", "centroid": [13.796877, 100.561135], "radius_m": 89.1, "province": "กรุงเทพมหานคร", "road": "ดินแดง - งามวงศ์วาน", "route_code": "31", "km_min": 8.89, "km_max": 9.035, "accident_count": 3, "deaths": 0, "serious_injury": 0, "minor_injury": 3, "fatal_crashes": 0, "injured_total": 3, "severity_index": 1.0, "level": "medium", "economic_loss": 174000, "epdo_million": 0.174, "single_count": 2, "multi_count": 1, "single_pct": 66.7, "multi_pct": 33.3, "pattern": "single", "top_cause": "ไม่ให้สัญญาณเข้าจอด หรือออกจากที่จอด", "road_feature": "ทางตรง+ที่ราบ", "crash_pattern": "พลิกคว่ำ/ตกถนนในทางตรง", "road_type": "ทางหลวง", "speed_limit": 90, "road_label": "ดินแดง - งามวงศ์วาน", "road_label_source": "record", "road_ref": "ทล.31 กม.8.9-9", "medoid_raw": [100.561123, 13.797004], "snap_distance_m": 4.34}}, {"type": "Feature", "geometry": {"type": "Point", "coordinates": [100.579732, 13.840415]}, "properties": {"id": "zone_200", "unit_type": "cluster", "centroid": [13.840466, 100.579767], "radius_m": 29.5, "province": "กรุงเทพมหานคร", "road": "มหาวิทยาลัยเกษตรศาสตร์ - คันนายาว", "route_code": "351", "km_min": 0.38, "km_max": 0.45, "accident_count": 4, "deaths": 0, "serious_injury": 1, "minor_injury": 7, "fatal_crashes": 0, "injured_total": 8, "severity_index": 2.0, "level": "high", "economic_loss": 2406000, "epdo_million": 2.406, "single_count": 1, "multi_count": 3, "single_pct": 25.0, "multi_pct": 75.0, "pattern": "multiple", "top_cause": "ขับรถเร็วเกินอัตราที่กำหนด", "road_feature": "ทางตรง+ที่ราบ", "crash_pattern": "ชนสิ่งกีดขวาง (บนผิวจราจร)", "road_type": "ทางหลวง", "speed_limit": 90, "road_label": "มหาวิทยาลัยเกษตรศาสตร์ - คันนายาว", "road_label_source": "record", "road_ref": "ทล.351 กม.0.4-0.5", "medoid_raw": [100.579724, 13.840489], "snap_distance_m": 8.27}}, {"type": "Feature", "geometry": {"type": "Point", "coordinates": [100.589334, 13.752606]}, "properties": {"id": "zone_201", "unit_type": "cluster", "centroid": [13.75276, 100.589429], "radius_m": 130.2, "province": "กรุงเทพมหานคร", "road": "พญาไท-ศรีนครินทร์", "route_code": "E002S016|I", "km_min": 7.1, "km_max": 7.3, "accident_count": 9, "deaths": 0, "serious_injury": 0, "minor_injury": 0, "fatal_crashes": 0, "injured_total": 0, "severity_index": 0.0, "level": "low", "economic_loss": 0, "epdo_million": 0.0, "single_count": 2, "multi_count": 7, "single_pct": 22.2, "multi_pct": 77.8, "pattern": "multiple", "top_cause": "เบรคกระทันหัน", "road_feature": "ทางตรง", "crash_pattern": "ชนท้าย", "road_type": "การทางพิเศษ", "speed_limit": 100, "road_label": "พญาไท-ศรีนครินทร์", "road_label_source": "record", "road_ref": "ทางพิเศษสายE002S016|I กม.7.1-7.3", "medoid_raw": [100.589344, 13.752635], "snap_distance_m": 3.4}}, {"type": "Feature", "geometry": {"type": "Point", "coordinates": [100.632556, 13.742173]}, "properties": {"id": "zone_202", "unit_type": "cluster", "centroid": [13.742431, 100.632774], "radius_m": 294.4, "province": "กรุงเทพมหานคร", "road": "พญาไท-ศรีนครินทร์", "route_code": "E002S016|I", "km_min": 12.1, "km_max": 12.5, "accident_count": 11, "deaths": 0, "serious_injury": 0, "minor_injury": 6, "fatal_crashes": 0, "injured_total": 6, "severity_index": 0.5455, "level": "low", "economic_loss": 348000, "epdo_million": 0.348, "single_count": 1, "multi_count": 10, "single_pct": 9.1, "multi_pct": 90.9, "pattern": "multiple", "top_cause": "ขับรถกระชั้นชิด", "road_feature": "ทางตรง", "crash_pattern": "ชนท้าย", "road_type": "การทางพิเศษ", "speed_limit": 100, "road_label": "พญาไท-ศรีนครินทร์", "road_label_source": "record", "road_ref": "ทางพิเศษสายE002S016|I กม.12.1-12.5", "medoid_raw": [100.632556, 13.742173], "snap_distance_m": 0.0}}, {"type": "Feature", "geometry": {"type": "Point", "coordinates": [100.64917, 13.883167]}, "properties": {"id": "zone_203", "unit_type": "cluster", "centroid": [13.882905, 100.649022], "radius_m": 200.0, "province": "กรุงเทพมหานคร", "road": "รามอินทรา-วงแหวนรอบนอก", "route_code": "E003S013|I", "km_min": 22.3, "km_max": 22.7, "accident_count": 6, "deaths": 1, "serious_injury": 0, "minor_injury": 8, "fatal_crashes": 1, "injured_total": 8, "severity_index": 1.5, "level": "medium", "economic_loss": 7164000, "epdo_million": 7.164, "single_count": 3, "multi_count": 3, "single_pct": 50.0, "multi_pct": 50.0, "pattern": "mixed", "top_cause": "ไม่ระบุ", "road_feature": "ทางโค้งกว้าง", "crash_pattern": "ชนท้าย", "road_type": "การทางพิเศษ", "speed_limit": 100, "road_label": "รามอินทรา-วงแหวนรอบนอก", "road_label_source": "record", "road_ref": "ทางพิเศษสายE003S013|I กม.22.3-22.7", "medoid_raw": [100.649221, 13.883141], "snap_distance_m": 6.22}}, {"type": "Feature", "geometry": {"type": "Point", "coordinates": [100.841521, 13.806817]}, "properties": {"id": "zone_204", "unit_type": "cluster", "centroid": [13.806792, 100.841519], "radius_m": 100.0, "province": "กรุงเทพมหานคร", "road": "แยกเข้ามีนบุรี - คลองหลวงแพ่ง", "route_code": "304", "km_min": 39.85, "km_max": 40.0, "accident_count": 5, "deaths": 1, "serious_injury": 0, "minor_injury": 4, "fatal_crashes": 1, "injured_total": 4, "severity_index": 1.0, "level": "medium", "economic_loss": 6932000, "epdo_million": 6.932, "single_count": 2, "multi_count": 3, "single_pct": 40.0, "multi_pct": 60.0, "pattern": "multiple", "top_cause": "ขับรถเร็วเกินอัตราที่กำหนด", "road_feature": "ทางตรง+ที่ราบ", "crash_pattern": "ชนท้าย", "road_type": "ทางหลวง", "speed_limit": 90, "road_label": "แยกเข้ามีนบุรี - คลองหลวงแพ่ง", "road_label_source": "record", "road_ref": "ทล.304 กม.39.9-40", "medoid_raw": [100.841519, 13.806795], "snap_distance_m": 2.46}}, {"type": "Feature", "geometry": {"type": "Point", "coordinates": [100.684144, 13.817924]}, "properties": {"id": "zone_205", "unit_type": "cluster", "centroid": [13.818027, 100.684009], "radius_m": 331.9, "province": "กรุงเทพมหานคร", "road": "คันนายาว - แยกเข้ามีนบุรี", "route_code": "304", "km_min": 21.86, "km_max": 22.48, "accident_count": 5, "deaths": 0, "serious_injury": 0, "minor_injury": 0, "fatal_crashes": 0, "injured_total": 0, "severity_index": 0.0, "level": "low", "economic_loss": 0, "epdo_million": 0.0, "single_count": 3, "multi_count": 2, "single_pct": 60.0, "multi_pct": 40.0, "pattern": "single", "top_cause": "ขับรถเร็วเกินอัตรากำหนด", "road_feature": "ทางตรง+ไม่มีความลาดชัน", "crash_pattern": "พลิกคว่ำ/ตกถนนในทางตรง", "road_type": "ทางหลวง", "speed_limit": 90, "road_label": "คันนายาว - แยกเข้ามีนบุรี", "road_label_source": "record", "road_ref": "ทล.304 กม.21.9-22.5", "medoid_raw": [100.684129, 13.817909], "snap_distance_m": 2.32}}, {"type": "Feature", "geometry": {"type": "Point", "coordinates": [100.680506, 13.81932]}, "properties": {"id": "zone_206", "unit_type": "cluster", "centroid": [13.819272, 100.680645], "radius_m": 160.6, "province": "กรุงเทพมหานคร", "road": "รัชดาภิเษก - รามอินทรา", "route_code": "350", "km_min": 4.1, "km_max": 4.4, "accident_count": 14, "deaths": 1, "serious_injury": 0, "minor_injury": 3, "fatal_crashes": 1, "injured_total": 3, "severity_index": 0.2857, "level": "low", "economic_loss": 6874000, "epdo_million": 6.874, "single_count": 9, "multi_count": 5, "single_pct": 64.3, "multi_pct": 35.7, "pattern": "single", "top_cause": "ขับรถเร็วเกินอัตรากำหนด", "road_feature": "ทางโค้งกว้าง+ไม่มีความลาดชัน", "crash_pattern": "พลิกคว่ำ/ตกถนนในทางตรง", "road_type": "ทางหลวง", "speed_limit": 90, "road_label": "รัชดาภิเษก - รามอินทรา", "road_label_source": "record", "road_ref": "ทล.350 กม.4.1-4.4", "medoid_raw": [100.6805, 13.819336], "snap_distance_m": 1.89}}, {"type": "Feature", "geometry": {"type": "Point", "coordinates": [100.637776, 13.849084]}, "properties": {"id": "zone_207", "unit_type": "cluster", "centroid": [13.848945, 100.637771], "radius_m": 1.2, "province": "กรุงเทพมหานคร", "road": "คลองประปา - คันนายาว", "route_code": "304", "km_min": 16.049, "km_max": 16.049, "accident_count": 4, "deaths": 3, "serious_injury": 0, "minor_injury": 0, "fatal_crashes": 1, "injured_total": 0, "severity_index": 0.25, "level": "low", "economic_loss": 20100000, "epdo_million": 20.1, "single_count": 4, "multi_count": 0, "single_pct": 100.0, "multi_pct": 0.0, "pattern": "single", "top_cause": "ไม่ระบุ", "road_feature": "ไม่ระบุ", "crash_pattern": "ไม่มีรายละเอียด", "road_type": "ทางหลวง", "speed_limit": 90, "road_label": "คลองประปา - คันนายาว", "road_label_source": "record", "road_ref": "ทล.304 กม.16", "medoid_raw": [100.637776, 13.848944], "snap_distance_m": 15.57}}, {"type": "Feature", "geometry": {"type": "Point", "coordinates": [100.550806, 13.739621]}, "properties": {"id": "zone_208", "unit_type": "cluster", "centroid": [13.739538, 100.550796], "radius_m": 701.3, "province": "กรุงเทพมหานคร", "road": "ดินแดง-ท่าเรือ", "route_code": "E001S001|U", "km_min": 4.4, "km_max": 5.5, "accident_count": 36, "deaths": 0, "serious_injury": 0, "minor_injury": 31, "fatal_crashes": 0, "injured_total": 31, "severity_index": 0.8611, "level": "low", "economic_loss": 1798000, "epdo_million": 1.798, "single_count": 0, "multi_count": 36, "single_pct": 0.0, "multi_pct": 100.0, "pattern": "multiple", "top_cause": "ขับรถกระชั้นชิด", "road_feature": "ทางตรง", "crash_pattern": "ชนท้าย", "road_type": "การทางพิเศษ", "speed_limit": 100, "road_label": "ดินแดง-ท่าเรือ", "road_label_source": "record", "road_ref": "ทางพิเศษสายE001S001|U กม.4.4-5.5", "medoid_raw": [100.550765, 13.739617], "snap_distance_m": 4.45}}, {"type": "Feature", "geometry": {"type": "Point", "coordinates": [100.699919, 13.704617]}, "properties": {"id": "zone_209", "unit_type": "cluster", "centroid": [13.704916, 100.69987], "radius_m": 104.2, "province": "กรุงเทพมหานคร", "road": "ไม่ระบุ", "route_code": "9", "km_min": 57.3, "km_max": 57.4, "accident_count": 3, "deaths": 0, "serious_injury": 0, "minor_injury": 0, "fatal_crashes": 0, "injured_total": 0, "severity_index": 0.0, "level": "low", "economic_loss": 0, "epdo_million": 0.0, "single_count": 1, "multi_count": 2, "single_pct": 33.3, "multi_pct": 66.7, "pattern": "multiple", "top_cause": "ขับรถเร็วเกินอัตรากำหนด", "road_feature": "ทางตรง+ไม่มีความลาดชัน", "crash_pattern": "ชนท้าย", "road_type": "ทางหลวง", "speed_limit": 90, "road_label": "แขวงรามอินทรา - บางพลี", "road_label_source": "nearest_road", "road_ref": "ทล.9 กม.57.3-57.4", "medoid_raw": [100.699921, 13.704617], "snap_distance_m": 0.22}}, {"type": "Feature", "geometry": {"type": "Point", "coordinates": [100.604288, 13.675721]}, "properties": {"id": "zone_210", "unit_type": "cluster", "centroid": [13.67524, 100.605051], "radius_m": 299.9, "province": "กรุงเทพมหานคร", "road": "อาจณรงค์-บางนา", "route_code": "E006S012|U", "km_min": 3.5, "km_max": 4.1, "accident_count": 7, "deaths": 0, "serious_injury": 0, "minor_injury": 6, "fatal_crashes": 0, "injured_total": 6, "severity_index": 0.8571, "level": "low", "economic_loss": 348000, "epdo_million": 0.348, "single_count": 4, "multi_count": 3, "single_pct": 57.1, "multi_pct": 42.9, "pattern": "mixed", "top_cause": "ไม่ระบุ", "road_feature": "ทางตรง", "crash_pattern": "ชนสิ่งกีดขวาง (บนผิวจราจร)", "road_type": "การทางพิเศษ", "speed_limit": 100, "road_label": "อาจณรงค์-บางนา", "road_label_source": "record", "road_ref": "ทางพิเศษสายE006S012|U กม.3.5-4.1", "medoid_raw": [100.604312, 13.675727], "snap_distance_m": 2.68}}, {"type": "Feature", "geometry": {"type": "Point", "coordinates": [100.699471, 13.677289]}, "properties": {"id": "zone_211", "unit_type": "cluster", "centroid": [13.677116, 100.699337], "radius_m": 204.5, "province": "กรุงเทพมหานคร", "road": "แขวงรามอินทรา - บางพลี", "route_code": "9", "km_min": 60.2, "km_max": 60.6, "accident_count": 5, "deaths": 0, "serious_injury": 0, "minor_injury": 2, "fatal_crashes": 0, "injured_total": 2, "severity_index": 0.4, "level": "low", "economic_loss": 116000, "epdo_million": 0.116, "single_count": 1, "multi_count": 4, "single_pct": 20.0, "multi_pct": 80.0, "pattern": "multiple", "top_cause": "ขับรถเร็วเกินอัตรากำหนด", "road_feature": "ทางตรง+ไม่มีความลาดชัน", "crash_pattern": "ชนท้าย", "road_type": "ทางหลวง", "speed_limit": 90, "road_label": "แขวงรามอินทรา - บางพลี", "road_label_source": "record", "road_ref": "ทล.9 กม.60.2-60.6", "medoid_raw": [100.699408, 13.67729], "snap_distance_m": 6.81}}, {"type": "Feature", "geometry": {"type": "Point", "coordinates": [100.699471, 13.677281]}, "properties": {"id": "zone_212", "unit_type": "cluster", "centroid": [13.677428, 100.699354], "radius_m": 202.3, "province": "กรุงเทพมหานคร", "road": "ไม่ระบุ", "route_code": "9", "km_min": 59.8, "km_max": 60.6, "accident_count": 5, "deaths": 0, "serious_injury": 0, "minor_injury": 1, "fatal_crashes": 0, "injured_total": 1, "severity_index": 0.2, "level": "low", "economic_loss": 58000, "epdo_million": 0.058, "single_count": 1, "multi_count": 4, "single_pct": 20.0, "multi_pct": 80.0, "pattern": "multiple", "top_cause": "ขับรถเร็วเกินอัตราที่กำหนด", "road_feature": "ทางตรง+ที่ราบ", "crash_pattern": "ชนท้าย", "road_type": "ทางหลวง", "speed_limit": 90, "road_label": "แขวงรามอินทรา - บางพลี", "road_label_source": "nearest_road", "road_ref": "ทล.9 กม.59.8-60.6", "medoid_raw": [100.699414, 13.677282], "snap_distance_m": 6.16}}, {"type": "Feature", "geometry": {"type": "Point", "coordinates": [100.55926, 13.842872]}, "properties": {"id": "zone_213", "unit_type": "cluster", "centroid": [13.843269, 100.559299], "radius_m": 239.8, "province": "กรุงเทพมหานคร", "road": "ดินแดง - งามวงศ์วาน", "route_code": "31", "km_min": 9.135, "km_max": 14.314, "accident_count": 4, "deaths": 0, "serious_injury": 0, "minor_injury": 3, "fatal_crashes": 0, "injured_total": 3, "severity_index": 0.75, "level": "low", "economic_loss": 174000, "epdo_million": 0.174, "single_count": 3, "multi_count": 1, "single_pct": 75.0, "multi_pct": 25.0, "pattern": "single", "top_cause": "ขับรถเร็วเกินอัตราที่กำหนด", "road_feature": "ทางตรง+ที่ราบ", "crash_pattern": "พลิกคว่ำ/ตกถนนในทางตรง", "road_type": "ทางหลวง", "speed_limit": 90, "road_label": "ดินแดง - งามวงศ์วาน", "road_label_source": "record", "road_ref": "ทล.31 กม.9.1-14.3", "medoid_raw": [100.559224, 13.842889], "snap_distance_m": 4.32}}, {"type": "Feature", "geometry": {"type": "Point", "coordinates": [100.557658, 13.83075]}, "properties": {"id": "zone_214", "unit_type": "cluster", "centroid": [13.830853, 100.557834], "radius_m": 69.1, "province": "กรุงเทพมหานคร", "road": "ดินแดง - งามวงศ์วาน", "route_code": "31", "km_min": 12.6, "km_max": 12.65, "accident_count": 3, "deaths": 0, "serious_injury": 1, "minor_injury": 2, "fatal_crashes": 0, "injured_total": 3, "severity_index": 1.0, "level": "medium", "economic_loss": 2116000, "epdo_million": 2.116, "single_count": 3, "multi_count": 0, "single_pct": 100.0, "multi_pct": 0.0, "pattern": "single", "top_cause": "ขับรถเร็วเกินอัตราที่กำหนด", "road_feature": "จุดกลับรถต่างระดับ+ที่ราบ", "crash_pattern": "ชนสิ่งกีดขวาง (บนผิวจราจร)", "road_type": "ทางหลวง", "speed_limit": 90, "road_label": "ดินแดง - งามวงศ์วาน", "road_label_source": "record", "road_ref": "ทล.31 กม.12.6-12.7", "medoid_raw": [100.557674, 13.830752], "snap_distance_m": 1.74}}, {"type": "Feature", "geometry": {"type": "Point", "coordinates": [100.541987, 13.829468]}, "properties": {"id": "zone_215", "unit_type": "cluster", "centroid": [13.82948, 100.542052], "radius_m": 462.1, "province": "กรุงเทพมหานคร", "road": "แจ้งวัฒนะ-พญาไท", "route_code": "E002S014|U", "km_min": 16.3, "km_max": 17.1, "accident_count": 21, "deaths": 1, "serious_injury": 0, "minor_injury": 0, "fatal_crashes": 1, "injured_total": 0, "severity_index": 0.0476, "level": "low", "economic_loss": 6700000, "epdo_million": 6.7, "single_count": 2, "multi_count": 19, "single_pct": 9.5, "multi_pct": 90.5, "pattern": "multiple", "top_cause": "ขับรถกระชั้นชิด", "road_feature": "ทางตรง", "crash_pattern": "ชนท้าย", "road_type": "การทางพิเศษ", "speed_limit": 100, "road_label": "แจ้งวัฒนะ-พญาไท", "road_label_source": "record", "road_ref": "ทางพิเศษสายE002S014|U กม.16.3-17.1", "medoid_raw": [100.541938, 13.829437], "snap_distance_m": 6.31}}, {"type": "Feature", "geometry": {"type": "Point", "coordinates": [100.511873, 13.674682]}, "properties": {"id": "zone_216", "unit_type": "cluster", "centroid": [13.674947, 100.511946], "radius_m": 311.9, "province": "กรุงเทพมหานคร", "road": "ดาวคะนอง-ท่าเรือ", "route_code": "E001S003|I", "km_min": 26.2, "km_max": 26.8, "accident_count": 9, "deaths": 0, "serious_injury": 0, "minor_injury": 17, "fatal_crashes": 0, "injured_total": 17, "severity_index": 1.8889, "level": "medium", "economic_loss": 986000, "epdo_million": 0.986, "single_count": 2, "multi_count": 7, "single_pct": 22.2, "multi_pct": 77.8, "pattern": "multiple", "top_cause": "ขับรถกระชั้นชิด", "road_feature": "ทางแยกต่างระดับ/Ramps", "crash_pattern": "ชนท้าย", "road_type": "การทางพิเศษ", "speed_limit": 100, "road_label": "ดาวคะนอง-ท่าเรือ", "road_label_source": "record", "road_ref": "ทางพิเศษสายE001S003|I กม.26.2-26.8", "medoid_raw": [100.511845, 13.674702], "snap_distance_m": 3.75}}, {"type": "Feature", "geometry": {"type": "Point", "coordinates": [100.520203, 13.741102]}, "properties": {"id": "zone_217", "unit_type": "cluster", "centroid": [13.741512, 100.520098], "radius_m": 399.1, "province": "กรุงเทพมหานคร", "road": "พญาไท-บางโคล่", "route_code": "E002S007|I", "km_min": 5.6, "km_max": 6.2, "accident_count": 18, "deaths": 0, "serious_injury": 0, "minor_injury": 6, "fatal_crashes": 0, "injured_total": 6, "severity_index": 0.3333, "level": "low", "economic_loss": 348000, "epdo_million": 0.348, "single_count": 6, "multi_count": 12, "single_pct": 33.3, "multi_pct": 66.7, "pattern": "multiple", "top_cause": "ระบบไฟขัดข้องในห้องเครื่อง", "road_feature": "ทางตรง", "crash_pattern": "ชนท้าย", "road_type": "การทางพิเศษ", "speed_limit": 100, "road_label": "พญาไท-บางโคล่", "road_label_source": "record", "road_ref": "ทางพิเศษสายE002S007|I กม.5.6-6.2", "medoid_raw": [100.520218, 13.741102], "snap_distance_m": 1.62}}, {"type": "Feature", "geometry": {"type": "Point", "coordinates": [100.545226, 13.80449]}, "properties": {"id": "zone_218", "unit_type": "cluster", "centroid": [13.80498, 100.545549], "radius_m": 701.1, "province": "กรุงเทพมหานคร", "road": "แจ้งวัฒนะ-พญาไท", "route_code": "E002S014|I", "km_min": 13.2, "km_max": 14.2, "accident_count": 16, "deaths": 0, "serious_injury": 0, "minor_injury": 3, "fatal_crashes": 0, "injured_total": 3, "severity_index": 0.1875, "level": "low", "economic_loss": 174000, "epdo_million": 0.174, "single_count": 7, "multi_count": 9, "single_pct": 43.8, "multi_pct": 56.2, "pattern": "mixed", "top_cause": "ไม่ระบุ", "road_feature": "ทางตรง", "crash_pattern": "ชนด้านข้าง", "road_type": "การทางพิเศษ", "speed_limit": 100, "road_label": "แจ้งวัฒนะ-พญาไท", "road_label_source": "record", "road_ref": "ทางพิเศษสายE002S014|I กม.13.2-14.2", "medoid_raw": [100.545312, 13.804401], "snap_distance_m": 13.57}}, {"type": "Feature", "geometry": {"type": "Point", "coordinates": [100.811318, 13.727832]}, "properties": {"id": "zone_219", "unit_type": "cluster", "centroid": [13.72803, 100.810985], "radius_m": 781.4, "province": "กรุงเทพมหานคร", "road": "แขวงคลองสองต้นนุ่น - พิมพา", "route_code": "7", "km_min": 18.3, "km_max": 19.7, "accident_count": 31, "deaths": 1, "serious_injury": 0, "minor_injury": 12, "fatal_crashes": 1, "injured_total": 12, "severity_index": 0.4194, "level": "low", "economic_loss": 7396000, "epdo_million": 7.396, "single_count": 6, "multi_count": 25, "single_pct": 19.4, "multi_pct": 80.6, "pattern": "multiple", "top_cause": "ขับรถเร็วเกินอัตราที่กำหนด", "road_feature": "ทางตรง+ไม่มีความลาดชัน", "crash_pattern": "ชนท้าย", "road_type": "ทางหลวง", "speed_limit": 90, "road_label": "แขวงคลองสองต้นนุ่น - พิมพา", "road_label_source": "record", "road_ref": "ทล.7 กม.18.3-19.7", "medoid_raw": [100.811305, 13.727826], "snap_distance_m": 1.55}}, {"type": "Feature", "geometry": {"type": "Point", "coordinates": [100.810679, 13.729513]}, "properties": {"id": "zone_220", "unit_type": "cluster", "centroid": [13.729428, 100.810496], "radius_m": 302.8, "province": "กรุงเทพมหานคร", "road": "ไม่ระบุ", "route_code": "7", "km_min": 18.6, "km_max": 19.2, "accident_count": 11, "deaths": 0, "serious_injury": 0, "minor_injury": 3, "fatal_crashes": 0, "injured_total": 3, "severity_index": 0.2727, "level": "low", "economic_loss": 174000, "epdo_million": 0.174, "single_count": 5, "multi_count": 6, "single_pct": 45.5, "multi_pct": 54.5, "pattern": "mixed", "top_cause": "ขับรถเร็วเกินอัตรากำหนด", "road_feature": "ทางตรง+ไม่มีความลาดชัน", "crash_pattern": "ชนท้าย", "road_type": "ทางหลวง", "speed_limit": 90, "road_label": "แขวงคลองสองต้นนุ่น - พิมพา", "road_label_source": "nearest_road", "road_ref": "ทล.7 กม.18.6-19.2", "medoid_raw": [100.810661, 13.729505], "snap_distance_m": 2.14}}, {"type": "Feature", "geometry": {"type": "Point", "coordinates": [100.812815, 13.725165]}, "properties": {"id": "zone_221", "unit_type": "cluster", "centroid": [13.724862, 100.81288], "radius_m": 168.1, "province": "กรุงเทพมหานคร", "road": "ไม่ระบุ", "route_code": "7", "km_min": 19.4, "km_max": 19.6, "accident_count": 5, "deaths": 0, "serious_injury": 0, "minor_injury": 3, "fatal_crashes": 0, "injured_total": 3, "severity_index": 0.6, "level": "low", "economic_loss": 174000, "epdo_million": 0.174, "single_count": 3, "multi_count": 2, "single_pct": 60.0, "multi_pct": 40.0, "pattern": "single", "top_cause": "ขับรถเร็วเกินอัตรากำหนด", "road_feature": "ทางตรง+ไม่มีความลาดชัน", "crash_pattern": "พลิกคว่ำ/ตกถนนในทางตรง", "road_type": "ทางหลวง", "speed_limit": 90, "road_label": "แขวงคลองสองต้นนุ่น - พิมพา", "road_label_source": "nearest_road", "road_ref": "ทล.7 กม.19.4-19.6", "medoid_raw": [100.812813, 13.725164], "snap_distance_m": 0.24}}, {"type": "Feature", "geometry": {"type": "Point", "coordinates": [100.62338, 13.740766]}, "properties": {"id": "zone_222", "unit_type": "cluster", "centroid": [13.740755, 100.623224], "radius_m": 86.6, "province": "กรุงเทพมหานคร", "road": "พญาไท-ศรีนครินทร์", "route_code": "E002S016|I", "km_min": 11.1, "km_max": 11.2, "accident_count": 5, "deaths": 0, "serious_injury": 0, "minor_injury": 1, "fatal_crashes": 0, "injured_total": 1, "severity_index": 0.2, "level": "low", "economic_loss": 58000, "epdo_million": 0.058, "single_count": 0, "multi_count": 5, "single_pct": 0.0, "multi_pct": 100.0, "pattern": "multiple", "top_cause": "เบรคกะทันหัน", "road_feature": "ทางตรง", "crash_pattern": "ชนท้าย", "road_type": "การทางพิเศษ", "speed_limit": 100, "road_label": "พญาไท-ศรีนครินทร์", "road_label_source": "record", "road_ref": "ทางพิเศษสายE002S016|I กม.11.1-11.2", "medoid_raw": [100.623382, 13.740781], "snap_distance_m": 1.68}}, {"type": "Feature", "geometry": {"type": "Point", "coordinates": [100.568618, 13.752135]}, "properties": {"id": "zone_223", "unit_type": "cluster", "centroid": [13.752384, 100.568136], "radius_m": 208.1, "province": "กรุงเทพมหานคร", "road": "พญาไท-ศรีนครินทร์", "route_code": "E002S016|I", "km_min": 4.7, "km_max": 5.0, "accident_count": 6, "deaths": 0, "serious_injury": 0, "minor_injury": 0, "fatal_crashes": 0, "injured_total": 0, "severity_index": 0.0, "level": "low", "economic_loss": 0, "epdo_million": 0.0, "single_count": 2, "multi_count": 4, "single_pct": 33.3, "multi_pct": 66.7, "pattern": "multiple", "top_cause": "ขับรถกระชั้นชิด", "road_feature": "ทางตรง", "crash_pattern": "ชนท้าย", "road_type": "การทางพิเศษ", "speed_limit": 100, "road_label": "พญาไท-ศรีนครินทร์", "road_label_source": "record", "road_ref": "ทางพิเศษสายE002S016|I กม.4.7-5", "medoid_raw": [100.568624, 13.752183], "snap_distance_m": 5.38}}, {"type": "Feature", "geometry": {"type": "Point", "coordinates": [100.527654, 13.766766]}, "properties": {"id": "zone_224", "unit_type": "cluster", "centroid": [13.766395, 100.527518], "radius_m": 501.2, "province": "กรุงเทพมหานคร", "road": "พญาไท-บางโคล่", "route_code": "E002S007|U", "km_min": 8.3, "km_max": 8.9, "accident_count": 25, "deaths": 0, "serious_injury": 0, "minor_injury": 24, "fatal_crashes": 0, "injured_total": 24, "severity_index": 0.96, "level": "low", "economic_loss": 1392000, "epdo_million": 1.392, "single_count": 1, "multi_count": 24, "single_pct": 4.0, "multi_pct": 96.0, "pattern": "multiple", "top_cause": "ขับรถกระชั้นชิด", "road_feature": "ทางตรง", "crash_pattern": "ชนท้าย", "road_type": "การทางพิเศษ", "speed_limit": 100, "road_label": "พญาไท-บางโคล่", "road_label_source": "record", "road_ref": "ทางพิเศษสายE002S007|U กม.8.3-8.9", "medoid_raw": [100.527622, 13.766778], "snap_distance_m": 3.7}}, {"type": "Feature", "geometry": {"type": "Point", "coordinates": [100.540443, 13.799096]}, "properties": {"id": "zone_225", "unit_type": "cluster", "centroid": [13.799152, 100.540314], "radius_m": 254.3, "province": "กรุงเทพมหานคร", "road": "แจ้งวัฒนะ-พญาไท", "route_code": "E002S014|U", "km_min": 12.4, "km_max": 12.9, "accident_count": 15, "deaths": 0, "serious_injury": 0, "minor_injury": 2, "fatal_crashes": 0, "injured_total": 2, "severity_index": 0.1333, "level": "low", "economic_loss": 116000, "epdo_million": 0.116, "single_count": 10, "multi_count": 5, "single_pct": 66.7, "multi_pct": 33.3, "pattern": "single", "top_cause": "ขับรถกระชั้นชิด", "road_feature": "ทางโค้งกว้าง", "crash_pattern": "ชนท้าย", "road_type": "การทางพิเศษ", "speed_limit": 100, "road_label": "แจ้งวัฒนะ-พญาไท", "road_label_source": "record", "road_ref": "ทางพิเศษสายE002S014|U กม.12.4-12.9", "medoid_raw": [100.540498, 13.799072], "snap_distance_m": 6.51}}, {"type": "Feature", "geometry": {"type": "Point", "coordinates": [100.524251, 13.758467]}, "properties": {"id": "zone_226", "unit_type": "cluster", "centroid": [13.758056, 100.524089], "radius_m": 101.0, "province": "กรุงเทพมหานคร", "road": "พญาไท-บางโคล่", "route_code": "E002S007|U", "km_min": 7.7, "km_max": 7.8, "accident_count": 4, "deaths": 0, "serious_injury": 0, "minor_injury": 0, "fatal_crashes": 0, "injured_total": 0, "severity_index": 0.0, "level": "low", "economic_loss": 0, "epdo_million": 0.0, "single_count": 2, "multi_count": 2, "single_pct": 50.0, "multi_pct": 50.0, "pattern": "mixed", "top_cause": "ขับรถกระชั้นชิด", "road_feature": "ทางตรง", "crash_pattern": "ชนท้าย", "road_type": "การทางพิเศษ", "speed_limit": 100, "road_label": "พญาไท-บางโคล่", "road_label_source": "record", "road_ref": "ทางพิเศษสายE002S007|U กม.7.7-7.8", "medoid_raw": [100.524258, 13.75848], "snap_distance_m": 1.63}}, {"type": "Feature", "geometry": {"type": "Point", "coordinates": [100.827691, 13.808014]}, "properties": {"id": "zone_227", "unit_type": "cluster", "centroid": [13.807909, 100.82796], "radius_m": 100.0, "province": "กรุงเทพมหานคร", "road": "แยกเข้ามีนบุรี - คลองหลวงแพ่ง", "route_code": "304", "km_min": 38.39, "km_max": 38.5, "accident_count": 3, "deaths": 0, "serious_injury": 0, "minor_injury": 2, "fatal_crashes": 0, "injured_total": 2, "severity_index": 0.6667, "level": "low", "economic_loss": 116000, "epdo_million": 0.116, "single_count": 3, "multi_count": 0, "single_pct": 100.0, "multi_pct": 0.0, "pattern": "single", "top_cause": "ขับรถเร็วเกินอัตราที่กำหนด", "road_feature": "ทางตรง+ที่ราบ", "crash_pattern": "พลิกคว่ำ/ตกถนนในทางตรง", "road_type": "ทางหลวง", "speed_limit": 90, "road_label": "แยกเข้ามีนบุรี - คลองหลวงแพ่ง", "road_label_source": "record", "road_ref": "ทล.304 กม.38.4-38.5", "medoid_raw": [100.827684, 13.807935], "snap_distance_m": 8.82}}, {"type": "Feature", "geometry": {"type": "Point", "coordinates": [100.699273, 13.683815]}, "properties": {"id": "zone_228", "unit_type": "cluster", "centroid": [13.684076, 100.699451], "radius_m": 189.7, "province": "กรุงเทพมหานคร", "road": "แขวงรามอินทรา - บางพลี", "route_code": "9", "km_min": 59.5, "km_max": 59.9, "accident_count": 8, "deaths": 1, "serious_injury": 0, "minor_injury": 5, "fatal_crashes": 1, "injured_total": 5, "severity_index": 0.75, "level": "low", "economic_loss": 6990000, "epdo_million": 6.99, "single_count": 2, "multi_count": 6, "single_pct": 25.0, "multi_pct": 75.0, "pattern": "multiple", "top_cause": "ขับรถเร็วเกินอัตรากำหนด", "road_feature": "ทางตรง+ไม่มีความลาดชัน", "crash_pattern": "ชนท้าย", "road_type": "ทางหลวง", "speed_limit": 90, "road_label": "แขวงรามอินทรา - บางพลี", "road_label_source": "record", "road_ref": "ทล.9 กม.59.5-59.9", "medoid_raw": [100.699297, 13.683816], "snap_distance_m": 2.6}}, {"type": "Feature", "geometry": {"type": "Point", "coordinates": [100.69936, 13.682114]}, "properties": {"id": "zone_229", "unit_type": "cluster", "centroid": [13.682534, 100.69942], "radius_m": 176.6, "province": "กรุงเทพมหานคร", "road": "ไม่ระบุ", "route_code": "9", "km_min": 59.7, "km_max": 60.0, "accident_count": 7, "deaths": 0, "serious_injury": 0, "minor_injury": 7, "fatal_crashes": 0, "injured_total": 7, "severity_index": 1.0, "level": "medium", "economic_loss": 406000, "epdo_million": 0.406, "single_count": 2, "multi_count": 5, "single_pct": 28.6, "multi_pct": 71.4, "pattern": "multiple", "top_cause": "ขับรถเร็วเกินอัตรากำหนด", "road_feature": "ทางตรง+ไม่มีความลาดชัน", "crash_pattern": "ชนท้าย", "road_type": "ทางหลวง", "speed_limit": 90, "road_label": "แขวงรามอินทรา - บางพลี", "road_label_source": "nearest_road", "road_ref": "ทล.9 กม.59.7-60", "medoid_raw": [100.699305, 13.682115], "snap_distance_m": 5.94}}, {"type": "Feature", "geometry": {"type": "Point", "coordinates": [100.532722, 13.777843]}, "properties": {"id": "zone_230", "unit_type": "cluster", "centroid": [13.777953, 100.532867], "radius_m": 363.2, "province": "กรุงเทพมหานคร", "road": "แจ้งวัฒนะ-พญาไท", "route_code": "E002S014|I", "km_min": 10.0, "km_max": 10.5, "accident_count": 16, "deaths": 0, "serious_injury": 0, "minor_injury": 4, "fatal_crashes": 0, "injured_total": 4, "severity_index": 0.25, "level": "low", "economic_loss": 232000, "epdo_million": 0.232, "single_count": 6, "multi_count": 10, "single_pct": 37.5, "multi_pct": 62.5, "pattern": "multiple", "top_cause": "ละสายตาจากการขับขี่", "road_feature": "ทางโค้งกว้าง", "crash_pattern": "ชนท้าย", "road_type": "การทางพิเศษ", "speed_limit": 100, "road_label": "แจ้งวัฒนะ-พญาไท", "road_label_source": "record", "road_ref": "ทางพิเศษสายE002S014|I กม.10-10.5", "medoid_raw": [100.532766, 13.777834], "snap_distance_m": 4.86}}, {"type": "Feature", "geometry": {"type": "Point", "coordinates": [100.614031, 13.671721]}, "properties": {"id": "zone_231", "unit_type": "cluster", "centroid": [13.671726, 100.613952], "radius_m": 121.7, "province": "กรุงเทพมหานคร", "road": "บางนา - ทางเข้าท่าอากาศยานสุวรรณภูมิ", "route_code": "34", "km_min": 0.68, "km_max": 0.9, "accident_count": 3, "deaths": 0, "serious_injury": 0, "minor_injury": 3, "fatal_crashes": 0, "injured_total": 3, "severity_index": 1.0, "level": "medium", "economic_loss": 174000, "epdo_million": 0.174, "single_count": 0, "multi_count": 3, "single_pct": 0.0, "multi_pct": 100.0, "pattern": "multiple", "top_cause": "มีการตัดหน้าระยะกระชั้นชิด", "road_feature": "ทางตรง+ที่ราบ", "crash_pattern": "ชนท้าย", "road_type": "ทางหลวง", "speed_limit": 90, "road_label": "บางนา - ทางเข้าท่าอากาศยานสุวรรณภูมิ", "road_label_source": "record", "road_ref": "ทล.34 กม.0.7-0.9", "medoid_raw": [100.614032, 13.671726], "snap_distance_m": 0.57}}, {"type": "Feature", "geometry": {"type": "Point", "coordinates": [100.485085, 13.683744]}, "properties": {"id": "zone_232", "unit_type": "cluster", "centroid": [13.684066, 100.485545], "radius_m": 295.2, "province": "กรุงเทพมหานคร", "road": "ดาวคะนอง -  แสมดำ", "route_code": "35", "km_min": 0.05, "km_max": 0.6, "accident_count": 9, "deaths": 0, "serious_injury": 0, "minor_injury": 12, "fatal_crashes": 0, "injured_total": 12, "severity_index": 1.3333, "level": "medium", "economic_loss": 696000, "epdo_million": 0.696, "single_count": 6, "multi_count": 3, "single_pct": 66.7, "multi_pct": 33.3, "pattern": "single", "top_cause": "ขับรถเร็วเกินอัตราที่กำหนด", "road_feature": "ทางตรง+ที่ราบ", "crash_pattern": "พลิกคว่ำ/ตกถนนในทางตรง", "road_type": "ทางหลวง", "speed_limit": 90, "road_label": "ดาวคะนอง -  แสมดำ", "road_label_source": "record", "road_ref": "ทล.35 กม.0.1-0.6", "medoid_raw": [100.485062, 13.683824], "snap_distance_m": 9.24}}, {"type": "Feature", "geometry": {"type": "Point", "coordinates": [100.484641, 13.683624]}, "properties": {"id": "zone_233", "unit_type": "cluster", "centroid": [13.683848, 100.484664], "radius_m": 344.7, "province": "กรุงเทพมหานคร", "road": "ดาวคะนอง - แสมดำ", "route_code": "35", "km_min": 0.05, "km_max": 0.7, "accident_count": 15, "deaths": 3, "serious_injury": 0, "minor_injury": 30, "fatal_crashes": 3, "injured_total": 30, "severity_index": 2.2, "level": "high", "economic_loss": 21840000, "epdo_million": 21.84, "single_count": 4, "multi_count": 11, "single_pct": 26.7, "multi_pct": 73.3, "pattern": "multiple", "top_cause": "ขับรถเร็วเกินอัตรากำหนด", "road_feature": "ทางตรง+ไม่มีความลาดชัน", "crash_pattern": "ชนท้าย", "road_type": "ทางหลวง", "speed_limit": 90, "road_label": "ดาวคะนอง - แสมดำ", "road_label_source": "record", "road_ref": "ทล.35 กม.0.1-0.7", "medoid_raw": [100.48462, 13.683698], "snap_distance_m": 8.54}}, {"type": "Feature", "geometry": {"type": "Point", "coordinates": [100.486368, 13.68423]}, "properties": {"id": "zone_234", "unit_type": "cluster", "centroid": [13.684372, 100.48671], "radius_m": 87.7, "province": "กรุงเทพมหานคร", "road": "ไม่ระบุ", "route_code": "35", "km_min": 0.1, "km_max": 0.2, "accident_count": 6, "deaths": 0, "serious_injury": 1, "minor_injury": 5, "fatal_crashes": 0, "injured_total": 6, "severity_index": 1.0, "level": "medium", "economic_loss": 2290000, "epdo_million": 2.29, "single_count": 2, "multi_count": 4, "single_pct": 33.3, "multi_pct": 66.7, "pattern": "multiple", "top_cause": "ขับรถเร็วเกินอัตรากำหนด", "road_feature": "ทางตรง+ไม่มีความลาดชัน", "crash_pattern": "ชนท้าย", "road_type": "ทางหลวง", "speed_limit": 90, "road_label": "ดาวคะนอง -  แสมดำ", "road_label_source": "nearest_road", "road_ref": "ทล.35 กม.0.1-0.2", "medoid_raw": [100.486477, 13.684291], "snap_distance_m": 13.59}}, {"type": "Feature", "geometry": {"type": "Point", "coordinates": [100.48237, 13.683188]}, "properties": {"id": "zone_235", "unit_type": "cluster", "centroid": [13.68311, 100.48221], "radius_m": 124.2, "province": "กรุงเทพมหานคร", "road": "ไม่ระบุ", "route_code": "35", "km_min": 0.55, "km_max": 0.775, "accident_count": 7, "deaths": 1, "serious_injury": 1, "minor_injury": 6, "fatal_crashes": 1, "injured_total": 7, "severity_index": 1.1429, "level": "medium", "economic_loss": 9048000, "epdo_million": 9.048, "single_count": 1, "multi_count": 6, "single_pct": 14.3, "multi_pct": 85.7, "pattern": "multiple", "top_cause": "ขับรถเร็วเกินอัตรากำหนด", "road_feature": "ทางตรง+ไม่มีความลาดชัน", "crash_pattern": "ชนท้าย", "road_type": "ทางหลวง", "speed_limit": 90, "road_label": "ดาวคะนอง - แสมดำ", "road_label_source": "nearest_road", "road_ref": "ทล.35 กม.0.6-0.8", "medoid_raw": [100.482371, 13.683184], "snap_distance_m": 0.46}}, {"type": "Feature", "geometry": {"type": "Point", "coordinates": [100.580284, 13.754539]}, "properties": {"id": "zone_236", "unit_type": "cluster", "centroid": [13.754447, 100.580022], "radius_m": 205.9, "province": "กรุงเทพมหานคร", "road": "พญาไท-ศรีนครินทร์", "route_code": "E002S016|U", "km_min": 6.0, "km_max": 6.3, "accident_count": 7, "deaths": 0, "serious_injury": 0, "minor_injury": 4, "fatal_crashes": 0, "injured_total": 4, "severity_index": 0.5714, "level": "low", "economic_loss": 232000, "epdo_million": 0.232, "single_count": 3, "multi_count": 4, "single_pct": 42.9, "multi_pct": 57.1, "pattern": "mixed", "top_cause": "ละสายตาจากการขับขี่", "road_feature": "ทางตรง", "crash_pattern": "ชนด้านข้าง", "road_type": "การทางพิเศษ", "speed_limit": 100, "road_label": "พญาไท-ศรีนครินทร์", "road_label_source": "record", "road_ref": "ทางพิเศษสายE002S016|U กม.6-6.3", "medoid_raw": [100.580287, 13.754481], "snap_distance_m": 6.46}}, {"type": "Feature", "geometry": {"type": "Point", "coordinates": [100.378959, 13.644105]}, "properties": {"id": "zone_237", "unit_type": "cluster", "centroid": [13.644012, 100.378819], "radius_m": 95.9, "province": "กรุงเทพมหานคร", "road": "บางบอน - โรงพยาบาลบางปะกอก8", "route_code": "3242", "km_min": 15.5, "km_max": 15.63, "accident_count": 3, "deaths": 0, "serious_injury": 0, "minor_injury": 10, "fatal_crashes": 0, "injured_total": 10, "severity_index": 3.3333, "level": "high", "economic_loss": 580000, "epdo_million": 0.58, "single_count": 0, "multi_count": 3, "single_pct": 0.0, "multi_pct": 100.0, "pattern": "multiple", "top_cause": "ขับรถเร็วเกินอัตรากำหนด", "road_feature": "ทางตรง+ไม่มีความลาดชัน", "crash_pattern": "ชนท้าย", "road_type": "ทางหลวง", "speed_limit": 90, "road_label": "บางบอน - โรงพยาบาลบางปะกอก8", "road_label_source": "record", "road_ref": "ทล.3242 กม.15.5-15.6", "medoid_raw": [100.378971, 13.644091], "snap_distance_m": 2.03}}, {"type": "Feature", "geometry": {"type": "Point", "coordinates": [100.37758, 13.642995]}, "properties": {"id": "zone_238", "unit_type": "cluster", "centroid": [13.64326, 100.377875], "radius_m": 407.9, "province": "กรุงเทพมหานคร", "road": "ไม่ระบุ", "route_code": "3242", "km_min": 15.0, "km_max": 15.8, "accident_count": 13, "deaths": 0, "serious_injury": 0, "minor_injury": 16, "fatal_crashes": 0, "injured_total": 16, "severity_index": 1.2308, "level": "medium", "economic_loss": 928000, "epdo_million": 0.928, "single_count": 5, "multi_count": 8, "single_pct": 38.5, "multi_pct": 61.5, "pattern": "multiple", "top_cause": "ขับรถเร็วเกินอัตรากำหนด", "road_feature": "ทางตรง+ไม่มีความลาดชัน", "crash_pattern": "ชนท้าย", "road_type": "ทางหลวง", "speed_limit": 90, "road_label": "บางบอน - โรงพยาบาลบางปะกอก8", "road_label_source": "nearest_road", "road_ref": "ทล.3242 กม.15-15.8", "medoid_raw": [100.377582, 13.642992], "snap_distance_m": 0.4}}, {"type": "Feature", "geometry": {"type": "Point", "coordinates": [100.37214, 13.638605]}, "properties": {"id": "zone_239", "unit_type": "cluster", "centroid": [13.638462, 100.371885], "radius_m": 336.9, "province": "กรุงเทพมหานคร", "road": "ไม่ระบุ", "route_code": "3242", "km_min": 14.32, "km_max": 14.8, "accident_count": 11, "deaths": 0, "serious_injury": 1, "minor_injury": 12, "fatal_crashes": 0, "injured_total": 13, "severity_index": 1.1818, "level": "medium", "economic_loss": 2696000, "epdo_million": 2.696, "single_count": 2, "multi_count": 9, "single_pct": 18.2, "multi_pct": 81.8, "pattern": "multiple", "top_cause": "ขับรถเร็วเกินอัตรากำหนด", "road_feature": "ทางตรง+ไม่มีความลาดชัน", "crash_pattern": "ชนท้าย", "road_type": "ทางหลวง", "speed_limit": 90, "road_label": "บางบอน - โรงพยาบาลบางปะกอก8", "road_label_source": "nearest_road", "road_ref": "ทล.3242 กม.14.3-14.8", "medoid_raw": [100.372098, 13.638653], "snap_distance_m": 7.01}}, {"type": "Feature", "geometry": {"type": "Point", "coordinates": [100.599232, 13.839704]}, "properties": {"id": "zone_240", "unit_type": "cluster", "centroid": [13.839628, 100.599177], "radius_m": 119.0, "province": "กรุงเทพมหานคร", "road": "มหาวิทยาลัยเกษตรศาสตร์ - คันนายาว", "route_code": "351", "km_min": 2.5, "km_max": 2.735, "accident_count": 6, "deaths": 0, "serious_injury": 0, "minor_injury": 5, "fatal_crashes": 0, "injured_total": 5, "severity_index": 0.8333, "level": "low", "economic_loss": 290000, "epdo_million": 0.29, "single_count": 5, "multi_count": 1, "single_pct": 83.3, "multi_pct": 16.7, "pattern": "single", "top_cause": "ขับรถเร็วเกินอัตรากำหนด", "road_feature": "ทางตรง+ไม่มีความลาดชัน", "crash_pattern": "พลิกคว่ำ/ตกถนนในทางตรง", "road_type": "ทางหลวง", "speed_limit": 90, "road_label": "มหาวิทยาลัยเกษตรศาสตร์ - คันนายาว", "road_label_source": "record", "road_ref": "ทล.351 กม.2.5-2.7", "medoid_raw": [100.599184, 13.839624], "snap_distance_m": 10.3}}, {"type": "Feature", "geometry": {"type": "Point", "coordinates": [100.399049, 13.659082]}, "properties": {"id": "zone_241", "unit_type": "cluster", "centroid": [13.659317, 100.399344], "radius_m": 125.9, "province": "กรุงเทพมหานคร", "road": "บางบอน - โรงพยาบาลบางปะกอก8", "route_code": "3242", "km_min": 18.252, "km_max": 18.405, "accident_count": 5, "deaths": 0, "serious_injury": 0, "minor_injury": 8, "fatal_crashes": 0, "injured_total": 8, "severity_index": 1.6, "level": "medium", "economic_loss": 464000, "epdo_million": 0.464, "single_count": 2, "multi_count": 3, "single_pct": 40.0, "multi_pct": 60.0, "pattern": "multiple", "top_cause": "ขับรถเร็วเกินอัตรากำหนด", "road_feature": "ทางตรง+ไม่มีความลาดชัน", "crash_pattern": "ชนท้าย", "road_type": "ทางหลวง", "speed_limit": 90, "road_label": "บางบอน - โรงพยาบาลบางปะกอก8", "road_label_source": "record", "road_ref": "ทล.3242 กม.18.3-18.4", "medoid_raw": [100.399019, 13.659132], "snap_distance_m": 6.44}}, {"type": "Feature", "geometry": {"type": "Point", "coordinates": [100.40402, 13.662022]}, "properties": {"id": "zone_242", "unit_type": "cluster", "centroid": [13.661835, 100.40377], "radius_m": 101.6, "province": "กรุงเทพมหานคร", "road": "บางบอน - โรงพยาบาลบางปะกอก8", "route_code": "3242", "km_min": 18.8, "km_max": 18.9, "accident_count": 3, "deaths": 0, "serious_injury": 0, "minor_injury": 3, "fatal_crashes": 0, "injured_total": 3, "severity_index": 1.0, "level": "medium", "economic_loss": 174000, "epdo_million": 0.174, "single_count": 2, "multi_count": 1, "single_pct": 66.7, "multi_pct": 33.3, "pattern": "single", "top_cause": "ขับรถเร็วเกินอัตรากำหนด", "road_feature": "ทางตรง+ไม่มีความลาดชัน", "crash_pattern": "พลิกคว่ำ/ตกถนนในทางตรง", "road_type": "ทางหลวง", "speed_limit": 90, "road_label": "บางบอน - โรงพยาบาลบางปะกอก8", "road_label_source": "record", "road_ref": "ทล.3242 กม.18.8-18.9", "medoid_raw": [100.404039, 13.66199], "snap_distance_m": 4.11}}, {"type": "Feature", "geometry": {"type": "Point", "coordinates": [100.393123, 13.655217]}, "properties": {"id": "zone_243", "unit_type": "cluster", "centroid": [13.655389, 100.393268], "radius_m": 130.5, "province": "กรุงเทพมหานคร", "road": "บางบอน - โรงพยาบาลบางปะกอก8", "route_code": "3242", "km_min": 17.405, "km_max": 17.648, "accident_count": 4, "deaths": 0, "serious_injury": 0, "minor_injury": 5, "fatal_crashes": 0, "injured_total": 5, "severity_index": 1.25, "level": "medium", "economic_loss": 290000, "epdo_million": 0.29, "single_count": 1, "multi_count": 3, "single_pct": 25.0, "multi_pct": 75.0, "pattern": "multiple", "top_cause": "ขับรถเร็วเกินอัตรากำหนด", "road_feature": "ทางตรง+ไม่มีความลาดชัน", "crash_pattern": "ชนท้าย", "road_type": "ทางหลวง", "speed_limit": 90, "road_label": "บางบอน - โรงพยาบาลบางปะกอก8", "road_label_source": "record", "road_ref": "ทล.3242 กม.17.4-17.6", "medoid_raw": [100.393095, 13.655251], "snap_distance_m": 4.84}}, {"type": "Feature", "geometry": {"type": "Point", "coordinates": [100.405157, 13.661384]}, "properties": {"id": "zone_244", "unit_type": "cluster", "centroid": [13.661384, 100.40535], "radius_m": 803.7, "province": "กรุงเทพมหานคร", "road": "ไม่ระบุ", "route_code": "9", "km_min": 16.125, "km_max": 19.1, "accident_count": 22, "deaths": 1, "serious_injury": 1, "minor_injury": 24, "fatal_crashes": 1, "injured_total": 25, "severity_index": 1.1818, "level": "medium", "economic_loss": 10092000, "epdo_million": 10.092, "single_count": 5, "multi_count": 17, "single_pct": 22.7, "multi_pct": 77.3, "pattern": "multiple", "top_cause": "ขับรถเร็วเกินอัตรากำหนด", "road_feature": "ทางตรง+ไม่มีความลาดชัน", "crash_pattern": "ชนท้าย", "road_type": "ทางหลวง", "speed_limit": 90, "road_label": "พระประแดง - บางแค", "road_label_source": "nearest_road", "road_ref": "ทล.9 กม.16.1-19.1", "medoid_raw": [100.405148, 13.661384], "snap_distance_m": 0.97}}, {"type": "Feature", "geometry": {"type": "Point", "coordinates": [100.392276, 13.654557]}, "properties": {"id": "zone_245", "unit_type": "cluster", "centroid": [13.65449, 100.392314], "radius_m": 1034.5, "province": "กรุงเทพมหานคร", "road": "ไม่ระบุ", "route_code": "3242", "km_min": 16.39, "km_max": 18.282, "accident_count": 48, "deaths": 1, "serious_injury": 1, "minor_injury": 68, "fatal_crashes": 1, "injured_total": 69, "severity_index": 1.4583, "level": "medium", "economic_loss": 12644000, "epdo_million": 12.644, "single_count": 11, "multi_count": 37, "single_pct": 22.9, "multi_pct": 77.1, "pattern": "multiple", "top_cause": "ขับรถเร็วเกินอัตรากำหนด", "road_feature": "ทางตรง+ไม่มีความลาดชัน", "crash_pattern": "ชนท้าย", "road_type": "ทางหลวง", "speed_limit": 90, "road_label": "บางบอน - โรงพยาบาลบางปะกอก8", "road_label_source": "nearest_road", "road_ref": "ทล.3242 กม.16.4-18.3", "medoid_raw": [100.392251, 13.654588], "snap_distance_m": 4.38}}, {"type": "Feature", "geometry": {"type": "Point", "coordinates": [100.402278, 13.660938]}, "properties": {"id": "zone_246", "unit_type": "cluster", "centroid": [13.660866, 100.402036], "radius_m": 100.1, "province": "กรุงเทพมหานคร", "road": "ไม่ระบุ", "route_code": "3242", "km_min": 18.583, "km_max": 18.7, "accident_count": 3, "deaths": 0, "serious_injury": 0, "minor_injury": 7, "fatal_crashes": 0, "injured_total": 7, "severity_index": 2.3333, "level": "high", "economic_loss": 406000, "epdo_million": 0.406, "single_count": 1, "multi_count": 2, "single_pct": 33.3, "multi_pct": 66.7, "pattern": "multiple", "top_cause": "ขับรถเร็วเกินอัตรากำหนด", "road_feature": "ทางตรง+ไม่มีความลาดชัน", "crash_pattern": "ชนท้าย", "road_type": "ทางหลวง", "speed_limit": 90, "road_label": "บางบอน - โรงพยาบาลบางปะกอก 8", "road_label_source": "nearest_road", "road_ref": "ทล.3242 กม.18.6-18.7", "medoid_raw": [100.402256, 13.660973], "snap_distance_m": 4.56}}, {"type": "Feature", "geometry": {"type": "Point", "coordinates": [100.493131, 13.620163]}, "properties": {"id": "zone_247", "unit_type": "cluster", "centroid": [13.620109, 100.493328], "radius_m": 152.1, "province": "กรุงเทพมหานคร", "road": "พระประแดง - บางแค", "route_code": "3902", "km_min": 4.5, "km_max": 5.2, "accident_count": 4, "deaths": 1, "serious_injury": 0, "minor_injury": 5, "fatal_crashes": 1, "injured_total": 5, "severity_index": 1.5, "level": "medium", "economic_loss": 6990000, "epdo_million": 6.99, "single_count": 2, "multi_count": 2, "single_pct": 50.0, "multi_pct": 50.0, "pattern": "mixed", "top_cause": "ขับรถเร็วเกินอัตราที่กำหนด", "road_feature": "ทางตรง+ที่ราบ", "crash_pattern": "พลิกคว่ำ/ตกถนนในทางตรง", "road_type": "ทางหลวง", "speed_limit": 90, "road_label": "พระประแดง - บางแค", "road_label_source": "record", "road_ref": "ทล.3902 กม.4.5-5.2", "medoid_raw": [100.493135, 13.62011], "snap_distance_m": 5.91}}, {"type": "Feature", "geometry": {"type": "Point", "coordinates": [100.492035, 13.620124]}, "properties": {"id": "zone_248", "unit_type": "cluster", "centroid": [13.62011, 100.492456], "radius_m": 260.3, "province": "กรุงเทพมหานคร", "road": "ไม่ระบุ", "route_code": "3902", "km_min": 4.9, "km_max": 5.3, "accident_count": 12, "deaths": 0, "serious_injury": 0, "minor_injury": 18, "fatal_crashes": 0, "injured_total": 18, "severity_index": 1.5, "level": "medium", "economic_loss": 1044000, "epdo_million": 1.044, "single_count": 3, "multi_count": 9, "single_pct": 25.0, "multi_pct": 75.0, "pattern": "multiple", "top_cause": "ขับรถเร็วเกินอัตรากำหนด", "road_feature": "ทางตรง+ไม่มีความลาดชัน", "crash_pattern": "ชนท้าย", "road_type": "ทางหลวง", "speed_limit": 90, "road_label": "พระประแดง - บางแค", "road_label_source": "nearest_road", "road_ref": "ทล.3902 กม.4.9-5.3", "medoid_raw": [100.492036, 13.62007], "snap_distance_m": 6.01}}, {"type": "Feature", "geometry": {"type": "Point", "coordinates": [100.538405, 13.768071]}, "properties": {"id": "zone_249", "unit_type": "cluster", "centroid": [13.767882, 100.538262], "radius_m": 127.9, "province": "กรุงเทพมหานคร", "road": "พญาไท-ศรีนครินทร์", "route_code": "E002S016|U", "km_min": 0.9, "km_max": 1.1, "accident_count": 12, "deaths": 0, "serious_injury": 0, "minor_injury": 6, "fatal_crashes": 0, "injured_total": 6, "severity_index": 0.5, "level": "low", "economic_loss": 348000, "epdo_million": 0.348, "single_count": 0, "multi_count": 12, "single_pct": 0.0, "multi_pct": 100.0, "pattern": "multiple", "top_cause": "ขับรถกระชั้นชิด", "road_feature": "ทางโค้งกว้าง", "crash_pattern": "ชนท้าย", "road_type": "การทางพิเศษ", "speed_limit": 100, "road_label": "พญาไท-ศรีนครินทร์", "road_label_source": "record", "road_ref": "ทางพิเศษสายE002S016|U กม.0.9-1.1", "medoid_raw": [100.538422, 13.768084], "snap_distance_m": 2.34}}, {"type": "Feature", "geometry": {"type": "Point", "coordinates": [100.519263, 13.701348]}, "properties": {"id": "zone_250", "unit_type": "cluster", "centroid": [13.701314, 100.519263], "radius_m": 111.1, "province": "กรุงเทพมหานคร", "road": "พญาไท-บางโคล่", "route_code": "E002S007|I", "km_min": 1.2, "km_max": 1.4, "accident_count": 6, "deaths": 0, "serious_injury": 0, "minor_injury": 3, "fatal_crashes": 0, "injured_total": 3, "severity_index": 0.5, "level": "low", "economic_loss": 174000, "epdo_million": 0.174, "single_count": 2, "multi_count": 4, "single_pct": 33.3, "multi_pct": 66.7, "pattern": "multiple", "top_cause": "ไม่ระบุ", "road_feature": "ทางตรง", "crash_pattern": "ชนท้าย", "road_type": "การทางพิเศษ", "speed_limit": 100, "road_label": "พญาไท-บางโคล่", "road_label_source": "record", "road_ref": "ทางพิเศษสายE002S007|I กม.1.2-1.4", "medoid_raw": [100.519346, 13.701388], "snap_distance_m": 10.01}}, {"type": "Feature", "geometry": {"type": "Point", "coordinates": [100.630792, 13.855876]}, "properties": {"id": "zone_251", "unit_type": "cluster", "centroid": [13.856014, 100.630809], "radius_m": 49.3, "province": "กรุงเทพมหานคร", "road": "คลองประปา - คันนายาว", "route_code": "304", "km_min": 15.034, "km_max": 15.93, "accident_count": 3, "deaths": 0, "serious_injury": 0, "minor_injury": 0, "fatal_crashes": 0, "injured_total": 0, "severity_index": 0.0, "level": "low", "economic_loss": 0, "epdo_million": 0.0, "single_count": 3, "multi_count": 0, "single_pct": 100.0, "multi_pct": 0.0, "pattern": "single", "top_cause": "บรรทุกเกินอัตรา", "road_feature": "ทางตรง+ไม่มีความลาดชัน", "crash_pattern": "ไม่มีรายละเอียด", "road_type": "ทางหลวง", "speed_limit": 90, "road_label": "คลองประปา - คันนายาว", "road_label_source": "record", "road_ref": "ทล.304 กม.15-15.9", "medoid_raw": [100.630928, 13.856107], "snap_distance_m": 29.59}}, {"type": "Feature", "geometry": {"type": "Point", "coordinates": [100.51244, 13.621757]}, "properties": {"id": "zone_252", "unit_type": "cluster", "centroid": [13.621995, 100.513016], "radius_m": 395.2, "province": "กรุงเทพมหานคร", "road": "ไม่ระบุ", "route_code": "3902", "km_min": 2.347, "km_max": 3.7, "accident_count": 9, "deaths": 0, "serious_injury": 0, "minor_injury": 15, "fatal_crashes": 0, "injured_total": 15, "severity_index": 1.6667, "level": "medium", "economic_loss": 870000, "epdo_million": 0.87, "single_count": 4, "multi_count": 5, "single_pct": 44.4, "multi_pct": 55.6, "pattern": "mixed", "top_cause": "ขับรถเร็วเกินอัตรากำหนด", "road_feature": "ทางตรง+ไม่มีความลาดชัน", "crash_pattern": "ชนท้าย", "road_type": "ทางหลวง", "speed_limit": 90, "road_label": "พระประแดง - บางแค", "road_label_source": "nearest_road", "road_ref": "ทล.3902 กม.2.3-3.7", "medoid_raw": [100.512448, 13.621724], "snap_distance_m": 3.77}}, {"type": "Feature", "geometry": {"type": "Point", "coordinates": [100.724521, 13.818367]}, "properties": {"id": "zone_253", "unit_type": "cluster", "centroid": [13.818355, 100.724758], "radius_m": 113.0, "province": "กรุงเทพมหานคร", "road": "แยกเข้ามีนบุรี - คลองหลวงแพ่ง", "route_code": "304", "km_min": 27.0, "km_max": 27.118, "accident_count": 4, "deaths": 0, "serious_injury": 2, "minor_injury": 0, "fatal_crashes": 0, "injured_total": 2, "severity_index": 0.5, "level": "low", "economic_loss": 4000000, "epdo_million": 4.0, "single_count": 4, "multi_count": 0, "single_pct": 100.0, "multi_pct": 0.0, "pattern": "single", "top_cause": "ขับรถเร็วเกินอัตรากำหนด", "road_feature": "ทางโค้งกว้าง+ไม่มีความลาดชัน", "crash_pattern": "พลิกคว่ำ/ตกถนนในทางโค้ง", "road_type": "ทางหลวง", "speed_limit": 90, "road_label": "แยกเข้ามีนบุรี - คลองหลวงแพ่ง", "road_label_source": "record", "road_ref": "ทล.304 กม.27-27.1", "medoid_raw": [100.724533, 13.81833], "snap_distance_m": 4.31}}, {"type": "Feature", "geometry": {"type": "Point", "coordinates": [100.61881, 13.741262]}, "properties": {"id": "zone_254", "unit_type": "cluster", "centroid": [13.741349, 100.618366], "radius_m": 195.1, "province": "กรุงเทพมหานคร", "road": "พญาไท-ศรีนครินทร์", "route_code": "E002S016|I", "km_min": 10.5, "km_max": 10.7, "accident_count": 4, "deaths": 0, "serious_injury": 0, "minor_injury": 9, "fatal_crashes": 0, "injured_total": 9, "severity_index": 2.25, "level": "high", "economic_loss": 522000, "epdo_million": 0.522, "single_count": 1, "multi_count": 3, "single_pct": 25.0, "multi_pct": 75.0, "pattern": "multiple", "top_cause": "เบครกระทันหัน", "road_feature": "ทางตรง", "crash_pattern": "ชนท้าย", "road_type": "การทางพิเศษ", "speed_limit": 100, "road_label": "พญาไท-ศรีนครินทร์", "road_label_source": "record", "road_ref": "ทางพิเศษสายE002S016|I กม.10.5-10.7", "medoid_raw": [100.618814, 13.741292], "snap_distance_m": 3.36}}, {"type": "Feature", "geometry": {"type": "Point", "coordinates": [100.55773, 13.782015]}, "properties": {"id": "zone_255", "unit_type": "cluster", "centroid": [13.781834, 100.557777], "radius_m": 106.3, "province": "กรุงเทพมหานคร", "road": "ดินแดง - งามวงศ์วาน", "route_code": "31", "km_min": 7.135, "km_max": 7.255, "accident_count": 3, "deaths": 2, "serious_injury": 0, "minor_injury": 1, "fatal_crashes": 1, "injured_total": 1, "severity_index": 0.6667, "level": "low", "economic_loss": 13458000, "epdo_million": 13.458, "single_count": 3, "multi_count": 0, "single_pct": 100.0, "multi_pct": 0.0, "pattern": "single", "top_cause": "ขับรถเร็วเกินอัตราที่กำหนด", "road_feature": "ทางตรง+ที่ราบ", "crash_pattern": "พลิกคว่ำ/ตกถนนในทางตรง", "road_type": "ทางหลวง", "speed_limit": 90, "road_label": "ดินแดง - งามวงศ์วาน", "road_label_source": "record", "road_ref": "ทล.31 กม.7.1-7.3", "medoid_raw": [100.557716, 13.782023], "snap_distance_m": 1.75}}, {"type": "Feature", "geometry": {"type": "Point", "coordinates": [100.847938, 13.805911]}, "properties": {"id": "zone_256", "unit_type": "cluster", "centroid": [13.806, 100.847915], "radius_m": 60.0, "province": "กรุงเทพมหานคร", "road": "ไม่ระบุ", "route_code": "304", "km_min": 40.54, "km_max": 40.65, "accident_count": 3, "deaths": 0, "serious_injury": 0, "minor_injury": 1, "fatal_crashes": 0, "injured_total": 1, "severity_index": 0.3333, "level": "low", "economic_loss": 58000, "epdo_million": 0.058, "single_count": 1, "multi_count": 2, "single_pct": 33.3, "multi_pct": 66.7, "pattern": "multiple", "top_cause": "ขับรถเร็วเกินอัตรากำหนด", "road_feature": "ทางตรง+ไม่มีความลาดชัน", "crash_pattern": "ชนท้าย", "road_type": "ทางหลวง", "speed_limit": 90, "road_label": "แยกเข้ามีนบุรี - คลองหลวงแพ่ง", "road_label_source": "nearest_road", "road_ref": "ทล.304 กม.40.5-40.6", "medoid_raw": [100.847946, 13.805997], "snap_distance_m": 9.6}}, {"type": "Feature", "geometry": {"type": "Point", "coordinates": [100.529599, 13.693854]}, "properties": {"id": "zone_257", "unit_type": "cluster", "centroid": [13.693756, 100.529704], "radius_m": 30.7, "province": "กรุงเทพมหานคร", "road": "ดาวคะนอง-ท่าเรือ", "route_code": "E001S003|U", "km_min": 23.5, "km_max": 23.5, "accident_count": 5, "deaths": 0, "serious_injury": 0, "minor_injury": 1, "fatal_crashes": 0, "injured_total": 1, "severity_index": 0.2, "level": "low", "economic_loss": 58000, "epdo_million": 0.058, "single_count": 0, "multi_count": 5, "single_pct": 0.0, "multi_pct": 100.0, "pattern": "multiple", "top_cause": "ขับรถกระชั้นชิด", "road_feature": "ทางตรง", "crash_pattern": "ชนท้าย", "road_type": "การทางพิเศษ", "speed_limit": 100, "road_label": "ดาวคะนอง-ท่าเรือ", "road_label_source": "record", "road_ref": "ทางพิเศษสายE001S003|U กม.23.5", "medoid_raw": [100.529611, 13.69382], "snap_distance_m": 4.0}}, {"type": "Feature", "geometry": {"type": "Point", "coordinates": [100.51984, 13.712681]}, "properties": {"id": "zone_258", "unit_type": "cluster", "centroid": [13.712877, 100.519909], "radius_m": 113.9, "province": "กรุงเทพมหานคร", "road": "พญาไท-บางโคล่", "route_code": "E002S007|U", "km_min": 2.5, "km_max": 2.7, "accident_count": 6, "deaths": 0, "serious_injury": 0, "minor_injury": 7, "fatal_crashes": 0, "injured_total": 7, "severity_index": 1.1667, "level": "medium", "economic_loss": 406000, "epdo_million": 0.406, "single_count": 0, "multi_count": 6, "single_pct": 0.0, "multi_pct": 100.0, "pattern": "multiple", "top_cause": "ไม่ระบุ", "road_feature": "ทางตรง", "crash_pattern": "ชนด้านข้าง", "road_type": "การทางพิเศษ", "speed_limit": 100, "road_label": "พญาไท-บางโคล่", "road_label_source": "record", "road_ref": "ทางพิเศษสายE002S007|U กม.2.5-2.7", "medoid_raw": [100.519789, 13.712687], "snap_distance_m": 5.55}}, {"type": "Feature", "geometry": {"type": "Point", "coordinates": [100.53364, 13.843695]}, "properties": {"id": "zone_259", "unit_type": "cluster", "centroid": [13.843683, 100.533528], "radius_m": 101.2, "province": "กรุงเทพมหานคร", "road": "แจ้งวัฒนะ-พญาไท", "route_code": "E002S014|U", "km_min": 18.5, "km_max": 18.7, "accident_count": 5, "deaths": 0, "serious_injury": 0, "minor_injury": 0, "fatal_crashes": 0, "injured_total": 0, "severity_index": 0.0, "level": "low", "economic_loss": 0, "epdo_million": 0.0, "single_count": 1, "multi_count": 4, "single_pct": 20.0, "multi_pct": 80.0, "pattern": "multiple", "top_cause": "ไม่ระบุ", "road_feature": "ทางแยกต่างระดับ/Ramps", "crash_pattern": "ชนด้านข้าง", "road_type": "การทางพิเศษ", "speed_limit": 100, "road_label": "แจ้งวัฒนะ-พญาไท", "road_label_source": "record", "road_ref": "ทางพิเศษสายE002S014|U กม.18.5-18.7", "medoid_raw": [100.533672, 13.843701], "snap_distance_m": 3.52}}, {"type": "Feature", "geometry": {"type": "Point", "coordinates": [100.410309, 13.795574]}, "properties": {"id": "zone_260", "unit_type": "cluster", "centroid": [13.795394, 100.410206], "radius_m": 130.6, "province": "กรุงเทพมหานคร", "road": "บางแค - คลองมหาสวัสดิ์", "route_code": "3901", "km_min": 30.98, "km_max": 31.7, "accident_count": 4, "deaths": 0, "serious_injury": 0, "minor_injury": 2, "fatal_crashes": 0, "injured_total": 2, "severity_index": 0.5, "level": "low", "economic_loss": 116000, "epdo_million": 0.116, "single_count": 0, "multi_count": 4, "single_pct": 0.0, "multi_pct": 100.0, "pattern": "multiple", "top_cause": "ขับรถเร็วเกินอัตราที่กำหนด", "road_feature": "ทางตรง+ที่ราบ", "crash_pattern": "ชนท้าย", "road_type": "ทางหลวง", "speed_limit": 90, "road_label": "บางแค - คลองมหาสวัสดิ์", "road_label_source": "record", "road_ref": "ทล.3901 กม.31-31.7", "medoid_raw": [100.410226, 13.795581], "snap_distance_m": 9.0}}, {"type": "Feature", "geometry": {"type": "Point", "coordinates": [100.522836, 13.697284]}, "properties": {"id": "zone_261", "unit_type": "cluster", "centroid": [13.697483, 100.522674], "radius_m": 194.9, "province": "กรุงเทพมหานคร", "road": "พญาไท-บางโคล่", "route_code": "E002S007|I", "km_min": 0.7, "km_max": 0.9, "accident_count": 7, "deaths": 0, "serious_injury": 0, "minor_injury": 5, "fatal_crashes": 0, "injured_total": 5, "severity_index": 0.7143, "level": "low", "economic_loss": 290000, "epdo_million": 0.29, "single_count": 2, "multi_count": 5, "single_pct": 28.6, "multi_pct": 71.4, "pattern": "multiple", "top_cause": "ขับรถกระชั้นชิด", "road_feature": "ทางตรง", "crash_pattern": "ชนท้าย", "road_type": "การทางพิเศษ", "speed_limit": 100, "road_label": "พญาไท-บางโคล่", "road_label_source": "record", "road_ref": "ทางพิเศษสายE002S007|I กม.0.7-0.9", "medoid_raw": [100.522866, 13.697316], "snap_distance_m": 4.81}}, {"type": "Feature", "geometry": {"type": "Point", "coordinates": [100.555026, 13.755053]}, "properties": {"id": "zone_262", "unit_type": "cluster", "centroid": [13.754926, 100.555598], "radius_m": 296.1, "province": "กรุงเทพมหานคร", "road": "พญาไท-ศรีนครินทร์", "route_code": "E002S016|U", "km_min": 3.2, "km_max": 3.7, "accident_count": 6, "deaths": 0, "serious_injury": 0, "minor_injury": 0, "fatal_crashes": 0, "injured_total": 0, "severity_index": 0.0, "level": "low", "economic_loss": 0, "epdo_million": 0.0, "single_count": 1, "multi_count": 5, "single_pct": 16.7, "multi_pct": 83.3, "pattern": "multiple", "top_cause": "ขับรถกระชั้นชิด", "road_feature": "ทางตรง", "crash_pattern": "ชนท้าย", "road_type": "การทางพิเศษ", "speed_limit": 100, "road_label": "พญาไท-ศรีนครินทร์", "road_label_source": "record", "road_ref": "ทางพิเศษสายE002S016|U กม.3.2-3.7", "medoid_raw": [100.555014, 13.754999], "snap_distance_m": 6.14}}, {"type": "Feature", "geometry": {"type": "Point", "coordinates": [100.534199, 13.695336]}, "properties": {"id": "zone_263", "unit_type": "cluster", "centroid": [13.695288, 100.534218], "radius_m": 0.0, "province": "กรุงเทพมหานคร", "road": "ดาวคะนอง-ท่าเรือ", "route_code": "E001S003|I", "km_min": 23.0, "km_max": 23.0, "accident_count": 9, "deaths": 0, "serious_injury": 0, "minor_injury": 2, "fatal_crashes": 0, "injured_total": 2, "severity_index": 0.2222, "level": "low", "economic_loss": 116000, "epdo_million": 0.116, "single_count": 0, "multi_count": 9, "single_pct": 0.0, "multi_pct": 100.0, "pattern": "multiple", "top_cause": "ไม่ระบุ", "road_feature": "ทางตรง", "crash_pattern": "ชนท้าย", "road_type": "การทางพิเศษ", "speed_limit": 100, "road_label": "ดาวคะนอง-ท่าเรือ", "road_label_source": "record", "road_ref": "ทางพิเศษสายE001S003|I กม.23", "medoid_raw": [100.534218, 13.695288], "snap_distance_m": 5.72}}, {"type": "Feature", "geometry": {"type": "Point", "coordinates": [100.598005, 13.750142]}, "properties": {"id": "zone_264", "unit_type": "cluster", "centroid": [13.75013, 100.598326], "radius_m": 199.6, "province": "กรุงเทพมหานคร", "road": "พญาไท-ศรีนครินทร์", "route_code": "E002S016|I", "km_min": 8.0, "km_max": 8.4, "accident_count": 9, "deaths": 0, "serious_injury": 0, "minor_injury": 9, "fatal_crashes": 0, "injured_total": 9, "severity_index": 1.0, "level": "medium", "economic_loss": 522000, "epdo_million": 0.522, "single_count": 1, "multi_count": 8, "single_pct": 11.1, "multi_pct": 88.9, "pattern": "multiple", "top_cause": "ขับรถกระชั้นชิด", "road_feature": "ทางตรง", "crash_pattern": "ชนท้าย", "road_type": "การทางพิเศษ", "speed_limit": 100, "road_label": "พญาไท-ศรีนครินทร์", "road_label_source": "record", "road_ref": "ทางพิเศษสายE002S016|I กม.8-8.4", "medoid_raw": [100.598028, 13.750209], "snap_distance_m": 7.85}}, {"type": "Feature", "geometry": {"type": "Point", "coordinates": [100.627028, 13.741223]}, "properties": {"id": "zone_265", "unit_type": "cluster", "centroid": [13.74104, 100.626926], "radius_m": 95.8, "province": "กรุงเทพมหานคร", "road": "พญาไท-ศรีนครินทร์", "route_code": "E002S016|U", "km_min": 11.5, "km_max": 11.6, "accident_count": 5, "deaths": 0, "serious_injury": 0, "minor_injury": 1, "fatal_crashes": 0, "injured_total": 1, "severity_index": 0.2, "level": "low", "economic_loss": 58000, "epdo_million": 0.058, "single_count": 1, "multi_count": 4, "single_pct": 20.0, "multi_pct": 80.0, "pattern": "multiple", "top_cause": "ไม่ระบุ", "road_feature": "ทางตรง", "crash_pattern": "ชนท้าย", "road_type": "การทางพิเศษ", "speed_limit": 100, "road_label": "พญาไท-ศรีนครินทร์", "road_label_source": "record", "road_ref": "ทางพิเศษสายE002S016|U กม.11.5-11.6", "medoid_raw": [100.62703, 13.741214], "snap_distance_m": 1.02}}, {"type": "Feature", "geometry": {"type": "Point", "coordinates": [100.550409, 13.813675]}, "properties": {"id": "zone_266", "unit_type": "cluster", "centroid": [13.814086, 100.550376], "radius_m": 253.6, "province": "กรุงเทพมหานคร", "road": "แจ้งวัฒนะ-พญาไท", "route_code": "E002S014|I", "km_min": 14.6, "km_max": 14.9, "accident_count": 9, "deaths": 0, "serious_injury": 0, "minor_injury": 6, "fatal_crashes": 0, "injured_total": 6, "severity_index": 0.6667, "level": "low", "economic_loss": 348000, "epdo_million": 0.348, "single_count": 2, "multi_count": 7, "single_pct": 22.2, "multi_pct": 77.8, "pattern": "multiple", "top_cause": "ไม่ระบุ", "road_feature": "ทางโค้งกว้าง", "crash_pattern": "ชนท้าย", "road_type": "การทางพิเศษ", "speed_limit": 100, "road_label": "แจ้งวัฒนะ-พญาไท", "road_label_source": "record", "road_ref": "ทางพิเศษสายE002S014|I กม.14.6-14.9", "medoid_raw": [100.550481, 13.813672], "snap_distance_m": 7.78}}, {"type": "Feature", "geometry": {"type": "Point", "coordinates": [100.716351, 13.812704]}, "properties": {"id": "zone_267", "unit_type": "cluster", "centroid": [13.812747, 100.716397], "radius_m": 170.2, "province": "กรุงเทพมหานคร", "road": "คันนายาว - แยกเข้ามีนบุรี", "route_code": "304", "km_min": 25.78, "km_max": 26.075, "accident_count": 6, "deaths": 1, "serious_injury": 1, "minor_injury": 1, "fatal_crashes": 1, "injured_total": 2, "severity_index": 0.5, "level": "low", "economic_loss": 8758000, "epdo_million": 8.758, "single_count": 5, "multi_count": 1, "single_pct": 83.3, "multi_pct": 16.7, "pattern": "single", "top_cause": "ขับรถเร็วเกินอัตรากำหนด", "road_feature": "ทางตรง+ไม่มีความลาดชัน", "crash_pattern": "พลิกคว่ำ/ตกถนนในทางตรง", "road_type": "ทางหลวง", "speed_limit": 90, "road_label": "คันนายาว - แยกเข้ามีนบุรี", "road_label_source": "record", "road_ref": "ทล.304 กม.25.8-26.1", "medoid_raw": [100.716351, 13.812698], "snap_distance_m": 0.67}}, {"type": "Feature", "geometry": {"type": "Point", "coordinates": [100.716462, 13.812703]}, "properties": {"id": "zone_268", "unit_type": "cluster", "centroid": [13.812848, 100.717056], "radius_m": 198.9, "province": "กรุงเทพมหานคร", "road": "ไม่ระบุ", "route_code": "304", "km_min": 25.912, "km_max": 26.12, "accident_count": 3, "deaths": 0, "serious_injury": 0, "minor_injury": 1, "fatal_crashes": 0, "injured_total": 1, "severity_index": 0.3333, "level": "low", "economic_loss": 58000, "epdo_million": 0.058, "single_count": 3, "multi_count": 0, "single_pct": 100.0, "multi_pct": 0.0, "pattern": "single", "top_cause": "ขับรถเร็วเกินอัตรากำหนด", "road_feature": "ทางตรง+ไม่มีความลาดชัน", "crash_pattern": "พลิกคว่ำ/ตกถนนในทางตรง", "road_type": "ทางหลวง", "speed_limit": 90, "road_label": "คันนายาว - แยกเข้ามีนบุรี", "road_label_source": "nearest_road", "road_ref": "ทล.304 กม.25.9-26.1", "medoid_raw": [100.716462, 13.812697], "snap_distance_m": 0.67}}, {"type": "Feature", "geometry": {"type": "Point", "coordinates": [100.591744, 13.902376]}, "properties": {"id": "zone_269", "unit_type": "cluster", "centroid": [13.901921, 100.591472], "radius_m": 375.0, "province": "กรุงเทพมหานคร", "road": "งามวงศ์วาน - ดอนเมือง", "route_code": "31", "km_min": 21.279, "km_max": 21.85, "accident_count": 5, "deaths": 1, "serious_injury": 0, "minor_injury": 0, "fatal_crashes": 1, "injured_total": 0, "severity_index": 0.2, "level": "low", "economic_loss": 6700000, "epdo_million": 6.7, "single_count": 4, "multi_count": 1, "single_pct": 80.0, "multi_pct": 20.0, "pattern": "single", "top_cause": "ขับรถเร็วเกินอัตรากำหนด", "road_feature": "ทางตรง+ไม่มีความลาดชัน", "crash_pattern": "พลิกคว่ำ/ตกถนนในทางตรง", "road_type": "ทางหลวง", "speed_limit": 90, "road_label": "งามวงศ์วาน - ดอนเมือง", "road_label_source": "record", "road_ref": "ทล.31 กม.21.3-21.9", "medoid_raw": [100.591735, 13.90238], "snap_distance_m": 1.07}}, {"type": "Feature", "geometry": {"type": "Point", "coordinates": [100.517622, 13.732235]}, "properties": {"id": "zone_270", "unit_type": "cluster", "centroid": [13.731856, 100.517637], "radius_m": 91.5, "province": "กรุงเทพมหานคร", "road": "พญาไท-บางโคล่", "route_code": "E002S007|U", "km_min": 4.7, "km_max": 4.8, "accident_count": 4, "deaths": 0, "serious_injury": 0, "minor_injury": 0, "fatal_crashes": 0, "injured_total": 0, "severity_index": 0.0, "level": "low", "economic_loss": 0, "epdo_million": 0.0, "single_count": 1, "multi_count": 3, "single_pct": 25.0, "multi_pct": 75.0, "pattern": "multiple", "top_cause": "ขับรถกระชั้นชิด", "road_feature": "ทางตรง", "crash_pattern": "ชนท้าย", "road_type": "การทางพิเศษ", "speed_limit": 100, "road_label": "พญาไท-บางโคล่", "road_label_source": "record", "road_ref": "ทางพิเศษสายE002S007|U กม.4.7-4.8", "medoid_raw": [100.51752, 13.732252], "snap_distance_m": 11.18}}, {"type": "Feature", "geometry": {"type": "Point", "coordinates": [100.522679, 13.752357]}, "properties": {"id": "zone_271", "unit_type": "cluster", "centroid": [13.752909, 100.522786], "radius_m": 401.2, "province": "กรุงเทพมหานคร", "road": "พญาไท-บางโคล่", "route_code": "E002S007|U", "km_min": 6.9, "km_max": 7.5, "accident_count": 10, "deaths": 0, "serious_injury": 0, "minor_injury": 4, "fatal_crashes": 0, "injured_total": 4, "severity_index": 0.4, "level": "low", "economic_loss": 232000, "epdo_million": 0.232, "single_count": 4, "multi_count": 6, "single_pct": 40.0, "multi_pct": 60.0, "pattern": "multiple", "top_cause": "ขับรถกระชั้นชิด", "road_feature": "ทางตรง", "crash_pattern": "ชนท้าย", "road_type": "การทางพิเศษ", "speed_limit": 100, "road_label": "พญาไท-บางโคล่", "road_label_source": "record", "road_ref": "ทางพิเศษสายE002S007|U กม.6.9-7.5", "medoid_raw": [100.522644, 13.752365], "snap_distance_m": 3.88}}, {"type": "Feature", "geometry": {"type": "Point", "coordinates": [100.607286, 13.930268]}, "properties": {"id": "zone_272", "unit_type": "cluster", "centroid": [13.930225, 100.607304], "radius_m": 39.5, "province": "กรุงเทพมหานคร", "road": "งามวงศ์วาน - ดอนเมือง", "route_code": "31", "km_min": 25.075, "km_max": 25.3, "accident_count": 3, "deaths": 0, "serious_injury": 0, "minor_injury": 1, "fatal_crashes": 0, "injured_total": 1, "severity_index": 0.3333, "level": "low", "economic_loss": 58000, "epdo_million": 0.058, "single_count": 2, "multi_count": 1, "single_pct": 66.7, "multi_pct": 33.3, "pattern": "single", "top_cause": "แสงสว่างไม่เพียงพอหรือทัศนวิสัยกลางคืนไม่ดี", "road_feature": "สถานี/จุดขึ้นลงระบบขนส่งสาธารณะ+ที่ราบ", "crash_pattern": "ชนสิ่งกีดขวาง (บนผิวจราจร)", "road_type": "ทางหลวง", "speed_limit": 90, "road_label": "งามวงศ์วาน - ดอนเมือง", "road_label_source": "record", "road_ref": "ทล.31 กม.25.1-25.3", "medoid_raw": [100.607309, 13.930256], "snap_distance_m": 2.82}}, {"type": "Feature", "geometry": {"type": "Point", "coordinates": [100.616157, 13.863733]}, "properties": {"id": "zone_273", "unit_type": "cluster", "centroid": [13.863826, 100.615861], "radius_m": 149.9, "province": "กรุงเทพมหานคร", "road": "คลองประปา - คันนายาว", "route_code": "304", "km_min": 13.235, "km_max": 13.286, "accident_count": 3, "deaths": 0, "serious_injury": 0, "minor_injury": 1, "fatal_crashes": 0, "injured_total": 1, "severity_index": 0.3333, "level": "low", "economic_loss": 58000, "epdo_million": 0.058, "single_count": 3, "multi_count": 0, "single_pct": 100.0, "multi_pct": 0.0, "pattern": "single", "top_cause": "ความเมื่อยล้า", "road_feature": "ทางตรง+ที่ราบ", "crash_pattern": "พลิกคว่ำ/ตกถนนในทางตรง", "road_type": "ทางหลวง", "speed_limit": 90, "road_label": "คลองประปา - คันนายาว", "road_label_source": "record", "road_ref": "ทล.304 กม.13.2-13.3", "medoid_raw": [100.616145, 13.863713], "snap_distance_m": 2.57}}, {"type": "Feature", "geometry": {"type": "Point", "coordinates": [100.616569, 13.863507]}, "properties": {"id": "zone_274", "unit_type": "cluster", "centroid": [13.863463, 100.616543], "radius_m": 0.0, "province": "กรุงเทพมหานคร", "road": "ไม่ระบุ", "route_code": "304", "km_min": 13.286, "km_max": 13.286, "accident_count": 4, "deaths": 0, "serious_injury": 0, "minor_injury": 0, "fatal_crashes": 0, "injured_total": 0, "severity_index": 0.0, "level": "low", "economic_loss": 0, "epdo_million": 0.0, "single_count": 4, "multi_count": 0, "single_pct": 100.0, "multi_pct": 0.0, "pattern": "single", "top_cause": "สูญเสียการควบคุม", "road_feature": "ทางตรง+ไม่มีความลาดชัน", "crash_pattern": "พลิกคว่ำ/ตกถนนในทางตรง", "road_type": "ทางหลวง", "speed_limit": 90, "road_label": "คลองประปา - คันนายาว", "road_label_source": "nearest_road", "road_ref": "ทล.304 กม.13.3", "medoid_raw": [100.616543, 13.863463], "snap_distance_m": 5.64}}, {"type": "Feature", "geometry": {"type": "Point", "coordinates": [100.816174, 13.809149]}, "properties": {"id": "zone_275", "unit_type": "cluster", "centroid": [13.809057, 100.816126], "radius_m": 150.0, "province": "กรุงเทพมหานคร", "road": "ไม่ระบุ", "route_code": "304", "km_min": 37.0, "km_max": 37.26, "accident_count": 5, "deaths": 0, "serious_injury": 1, "minor_injury": 1, "fatal_crashes": 0, "injured_total": 2, "severity_index": 0.4, "level": "low", "economic_loss": 2058000, "epdo_million": 2.058, "single_count": 3, "multi_count": 2, "single_pct": 60.0, "multi_pct": 40.0, "pattern": "single", "top_cause": "ขับรถเร็วเกินอัตรากำหนด", "road_feature": "ทางตรง+ไม่มีความลาดชัน", "crash_pattern": "พลิกคว่ำ/ตกถนนในทางตรง", "road_type": "ทางหลวง", "speed_limit": 90, "road_label": "แยกเข้ามีนบุรี - คลองหลวงแพ่ง", "road_label_source": "nearest_road", "road_ref": "ทล.304 กม.37-37.3", "medoid_raw": [100.816163, 13.809053], "snap_distance_m": 10.74}}, {"type": "Feature", "geometry": {"type": "Point", "coordinates": [100.833962, 13.807502]}, "properties": {"id": "zone_276", "unit_type": "cluster", "centroid": [13.80745, 100.834453], "radius_m": 160.0, "province": "กรุงเทพมหานคร", "road": "แยกเข้ามีนบุรี - คลองหลวงแพ่ง", "route_code": "304", "km_min": 39.08, "km_max": 39.24, "accident_count": 3, "deaths": 0, "serious_injury": 0, "minor_injury": 1, "fatal_crashes": 0, "injured_total": 1, "severity_index": 0.3333, "level": "low", "economic_loss": 58000, "epdo_million": 0.058, "single_count": 2, "multi_count": 1, "single_pct": 66.7, "multi_pct": 33.3, "pattern": "single", "top_cause": "ขับรถเร็วเกินอัตราที่กำหนด", "road_feature": "ทางตรง+ไม่มีความลาดชัน", "crash_pattern": "พลิกคว่ำ/ตกถนนในทางตรง", "road_type": "ทางหลวง", "speed_limit": 90, "road_label": "แยกเข้ามีนบุรี - คลองหลวงแพ่ง", "road_label_source": "record", "road_ref": "ทล.304 กม.39.1-39.2", "medoid_raw": [100.833961, 13.807493], "snap_distance_m": 1.01}}, {"type": "Feature", "geometry": {"type": "Point", "coordinates": [100.834054, 13.807492]}, "properties": {"id": "zone_277", "unit_type": "cluster", "centroid": [13.807446, 100.834058], "radius_m": 68.1, "province": "กรุงเทพมหานคร", "road": "ไม่ระบุ", "route_code": "304", "km_min": 39.09, "km_max": 39.15, "accident_count": 4, "deaths": 0, "serious_injury": 0, "minor_injury": 0, "fatal_crashes": 0, "injured_total": 0, "severity_index": 0.0, "level": "low", "economic_loss": 0, "epdo_million": 0.0, "single_count": 3, "multi_count": 1, "single_pct": 75.0, "multi_pct": 25.0, "pattern": "single", "top_cause": "หลับใน", "road_feature": "ทางตรง+ไม่มีความลาดชัน", "crash_pattern": "พลิกคว่ำ/ตกถนนในทางตรง", "road_type": "ทางหลวง", "speed_limit": 90, "road_label": "แยกเข้ามีนบุรี - คลองหลวงแพ่ง", "road_label_source": "nearest_road", "road_ref": "ทล.304 กม.39.1", "medoid_raw": [100.834053, 13.807482], "snap_distance_m": 1.12}}, {"type": "Feature", "geometry": {"type": "Point", "coordinates": [100.647743, 13.665059]}, "properties": {"id": "zone_278", "unit_type": "cluster", "centroid": [13.665067, 100.647898], "radius_m": 96.9, "province": "กรุงเทพมหานคร", "road": "บางนา-ชลบุรี", "route_code": "E004S009|U", "km_min": 4.5, "km_max": 4.6, "accident_count": 6, "deaths": 0, "serious_injury": 0, "minor_injury": 6, "fatal_crashes": 0, "injured_total": 6, "severity_index": 1.0, "level": "medium", "economic_loss": 348000, "epdo_million": 0.348, "single_count": 1, "multi_count": 5, "single_pct": 16.7, "multi_pct": 83.3, "pattern": "multiple", "top_cause": "ขับรถกระชั้นชิด", "road_feature": "ทางตรง", "crash_pattern": "ชนท้าย", "road_type": "การทางพิเศษ", "speed_limit": 100, "road_label": "บางนา-ชลบุรี", "road_label_source": "record", "road_ref": "ทางพิเศษสายE004S009|U กม.4.5-4.6", "medoid_raw": [100.647743, 13.665058], "snap_distance_m": 0.11}}, {"type": "Feature", "geometry": {"type": "Point", "coordinates": [100.510454, 13.819705]}, "properties": {"id": "zone_279", "unit_type": "cluster", "centroid": [13.819736, 100.510336], "radius_m": 67.6, "province": "กรุงเทพมหานคร", "road": "พระราม7 - แคราย", "route_code": "306", "km_min": 0.645, "km_max": 0.73, "accident_count": 3, "deaths": 0, "serious_injury": 0, "minor_injury": 1, "fatal_crashes": 0, "injured_total": 1, "severity_index": 0.3333, "level": "low", "economic_loss": 58000, "epdo_million": 0.058, "single_count": 3, "multi_count": 0, "single_pct": 100.0, "multi_pct": 0.0, "pattern": "single", "top_cause": "ขับรถเร็วเกินอัตรากำหนด", "road_feature": "ทางตรง+ไม่มีความลาดชัน", "crash_pattern": "พลิกคว่ำ/ตกถนนในทางตรง", "road_type": "ทางหลวง", "speed_limit": 90, "road_label": "พระราม7 - แคราย", "road_label_source": "record", "road_ref": "ทล.306 กม.0.6-0.7", "medoid_raw": [100.51045, 13.819694], "snap_distance_m": 1.3}}, {"type": "Feature", "geometry": {"type": "Point", "coordinates": [100.549085, 13.82125]}, "properties": {"id": "zone_280", "unit_type": "cluster", "centroid": [13.821027, 100.549121], "radius_m": 352.1, "province": "กรุงเทพมหานคร", "road": "แจ้งวัฒนะ-พญาไท", "route_code": "E002S014|U", "km_min": 15.2, "km_max": 15.7, "accident_count": 9, "deaths": 0, "serious_injury": 0, "minor_injury": 4, "fatal_crashes": 0, "injured_total": 4, "severity_index": 0.4444, "level": "low", "economic_loss": 232000, "epdo_million": 0.232, "single_count": 4, "multi_count": 5, "single_pct": 44.4, "multi_pct": 55.6, "pattern": "mixed", "top_cause": "ไม่ระบุ", "road_feature": "ทางโค้งกว้าง", "crash_pattern": "ชนสิ่งกีดขวาง (บนผิวจราจร)", "road_type": "การทางพิเศษ", "speed_limit": 100, "road_label": "แจ้งวัฒนะ-พญาไท", "road_label_source": "record", "road_ref": "ทางพิเศษสายE002S014|U กม.15.2-15.7", "medoid_raw": [100.549021, 13.821222], "snap_distance_m": 7.58}}, {"type": "Feature", "geometry": {"type": "Point", "coordinates": [100.53758, 13.821384]}, "properties": {"id": "zone_281", "unit_type": "cluster", "centroid": [13.821462, 100.537547], "radius_m": 194.9, "province": "กรุงเทพมหานคร", "road": "หมอชิต-กาญจนาฯ", "route_code": "E002S018|I", "km_min": 15.3, "km_max": 15.6, "accident_count": 7, "deaths": 0, "serious_injury": 0, "minor_injury": 4, "fatal_crashes": 0, "injured_total": 4, "severity_index": 0.5714, "level": "low", "economic_loss": 232000, "epdo_million": 0.232, "single_count": 5, "multi_count": 2, "single_pct": 71.4, "multi_pct": 28.6, "pattern": "single", "top_cause": "ไม่ระบุ", "road_feature": "ทางตรง", "crash_pattern": "พลิกคว่ำ/ตกถนนในทางตรง", "road_type": "การทางพิเศษ", "speed_limit": 100, "road_label": "หมอชิต-กาญจนาฯ", "road_label_source": "record", "road_ref": "ทางพิเศษสายE002S018|I กม.15.3-15.6", "medoid_raw": [100.537579, 13.821372], "snap_distance_m": 1.34}}, {"type": "Feature", "geometry": {"type": "Point", "coordinates": [100.518153, 13.734901]}, "properties": {"id": "zone_282", "unit_type": "cluster", "centroid": [13.735118, 100.518349], "radius_m": 121.8, "province": "กรุงเทพมหานคร", "road": "พญาไท-บางโคล่", "route_code": "E002S007|U", "km_min": 5.1, "km_max": 5.2, "accident_count": 4, "deaths": 0, "serious_injury": 0, "minor_injury": 5, "fatal_crashes": 0, "injured_total": 5, "severity_index": 1.25, "level": "medium", "economic_loss": 290000, "epdo_million": 0.29, "single_count": 2, "multi_count": 2, "single_pct": 50.0, "multi_pct": 50.0, "pattern": "mixed", "top_cause": "ไม่ระบุ", "road_feature": "ทางสามแยก (Y)", "crash_pattern": "ชนด้านข้าง", "road_type": "การทางพิเศษ", "speed_limit": 100, "road_label": "พญาไท-บางโคล่", "road_label_source": "record", "road_ref": "ทางพิเศษสายE002S007|U กม.5.1-5.2", "medoid_raw": [100.5182, 13.734886], "snap_distance_m": 5.34}}, {"type": "Feature", "geometry": {"type": "Point", "coordinates": [100.405635, 13.651009]}, "properties": {"id": "zone_283", "unit_type": "cluster", "centroid": [13.650782, 100.40561], "radius_m": 65.4, "province": "กรุงเทพมหานคร", "road": "ไม่ระบุ", "route_code": "3901", "km_min": 16.93, "km_max": 17.0, "accident_count": 3, "deaths": 0, "serious_injury": 0, "minor_injury": 4, "fatal_crashes": 0, "injured_total": 4, "severity_index": 1.3333, "level": "medium", "economic_loss": 232000, "epdo_million": 0.232, "single_count": 1, "multi_count": 2, "single_pct": 33.3, "multi_pct": 66.7, "pattern": "multiple", "top_cause": "ขับรถเร็วเกินอัตรากำหนด", "road_feature": "ทางตรง+ไม่มีความลาดชัน", "crash_pattern": "ชนท้าย", "road_type": "ทางหลวง", "speed_limit": 90, "road_label": "พระประแดง - บางแค", "road_label_source": "nearest_road", "road_ref": "ทล.3901 กม.16.9-17", "medoid_raw": [100.405565, 13.650977], "snap_distance_m": 8.36}}, {"type": "Feature", "geometry": {"type": "Point", "coordinates": [100.433757, 13.62672]}, "properties": {"id": "zone_284", "unit_type": "cluster", "centroid": [13.626788, 100.433181], "radius_m": 187.7, "province": "กรุงเทพมหานคร", "road": "พระประแดง - บางแค", "route_code": "9", "km_min": 11.1, "km_max": 12.4, "accident_count": 3, "deaths": 0, "serious_injury": 0, "minor_injury": 6, "fatal_crashes": 0, "injured_total": 6, "severity_index": 2.0, "level": "high", "economic_loss": 348000, "epdo_million": 0.348, "single_count": 1, "multi_count": 2, "single_pct": 33.3, "multi_pct": 66.7, "pattern": "multiple", "top_cause": "ขับรถเร็วเกินอัตรากำหนด", "road_feature": "ทางตรง+ไม่มีความลาดชัน", "crash_pattern": "ชนท้าย", "road_type": "ทางหลวง", "speed_limit": 90, "road_label": "พระประแดง - บางแค", "road_label_source": "record", "road_ref": "ทล.9 กม.11.1-12.4", "medoid_raw": [100.433757, 13.626732], "snap_distance_m": 1.33}}, {"type": "Feature", "geometry": {"type": "Point", "coordinates": [100.430968, 13.62696]}, "properties": {"id": "zone_285", "unit_type": "cluster", "centroid": [13.626922, 100.43081], "radius_m": 91.5, "province": "กรุงเทพมหานคร", "road": "ไม่ระบุ", "route_code": "9", "km_min": 12.5, "km_max": 12.6, "accident_count": 4, "deaths": 0, "serious_injury": 0, "minor_injury": 5, "fatal_crashes": 0, "injured_total": 5, "severity_index": 1.25, "level": "medium", "economic_loss": 290000, "epdo_million": 0.29, "single_count": 3, "multi_count": 1, "single_pct": 75.0, "multi_pct": 25.0, "pattern": "single", "top_cause": "ขับรถเร็วเกินอัตรากำหนด", "road_feature": "ทางตรง+ไม่มีความลาดชัน", "crash_pattern": "พลิกคว่ำ/ตกถนนในทางตรง", "road_type": "ทางหลวง", "speed_limit": 90, "road_label": "พระประแดง - บางแค", "road_label_source": "nearest_road", "road_ref": "ทล.9 กม.12.5-12.6", "medoid_raw": [100.430966, 13.626907], "snap_distance_m": 5.9}}, {"type": "Feature", "geometry": {"type": "Point", "coordinates": [100.563861, 13.753377]}, "properties": {"id": "zone_286", "unit_type": "cluster", "centroid": [13.753331, 100.564155], "radius_m": 121.9, "province": "กรุงเทพมหานคร", "road": "พญาไท-ศรีนครินทร์", "route_code": "E002S016|I", "km_min": 4.3, "km_max": 4.5, "accident_count": 4, "deaths": 0, "serious_injury": 0, "minor_injury": 5, "fatal_crashes": 0, "injured_total": 5, "severity_index": 1.25, "level": "medium", "economic_loss": 290000, "epdo_million": 0.29, "single_count": 1, "multi_count": 3, "single_pct": 25.0, "multi_pct": 75.0, "pattern": "multiple", "top_cause": "ไม่ระบุ", "road_feature": "ทางตรง", "crash_pattern": "ชนท้าย", "road_type": "การทางพิเศษ", "speed_limit": 100, "road_label": "พญาไท-ศรีนครินทร์", "road_label_source": "record", "road_ref": "ทางพิเศษสายE002S016|I กม.4.3-4.5", "medoid_raw": [100.563862, 13.75339], "snap_distance_m": 1.45}}, {"type": "Feature", "geometry": {"type": "Point", "coordinates": [100.821218, 13.808433]}, "properties": {"id": "zone_287", "unit_type": "cluster", "centroid": [13.808608, 100.820678], "radius_m": 200.1, "province": "กรุงเทพมหานคร", "road": "แยกเข้ามีนบุรี - คลองหลวงแพ่ง", "route_code": "304", "km_min": 37.5, "km_max": 37.8, "accident_count": 4, "deaths": 1, "serious_injury": 1, "minor_injury": 0, "fatal_crashes": 1, "injured_total": 1, "severity_index": 0.5, "level": "low", "economic_loss": 8700000, "epdo_million": 8.7, "single_count": 3, "multi_count": 1, "single_pct": 75.0, "multi_pct": 25.0, "pattern": "single", "top_cause": "หลับใน", "road_feature": "ทางตรง+ไม่มีความลาดชัน", "crash_pattern": "พลิกคว่ำ/ตกถนนในทางตรง", "road_type": "ทางหลวง", "speed_limit": 90, "road_label": "แยกเข้ามีนบุรี - คลองหลวงแพ่ง", "road_label_source": "record", "road_ref": "ทล.304 กม.37.5-37.8", "medoid_raw": [100.821229, 13.808531], "snap_distance_m": 10.96}}, {"type": "Feature", "geometry": {"type": "Point", "coordinates": [100.504619, 13.620919]}, "properties": {"id": "zone_288", "unit_type": "cluster", "centroid": [13.621016, 100.504692], "radius_m": 183.6, "province": "กรุงเทพมหานคร", "road": "พระประแดง - บางแค", "route_code": "3902", "km_min": 3.57, "km_max": 3.71, "accident_count": 4, "deaths": 1, "serious_injury": 0, "minor_injury": 6, "fatal_crashes": 1, "injured_total": 6, "severity_index": 1.75, "level": "medium", "economic_loss": 7048000, "epdo_million": 7.048, "single_count": 0, "multi_count": 4, "single_pct": 0.0, "multi_pct": 100.0, "pattern": "multiple", "top_cause": "ขับรถเร็วเกินอัตรากำหนด", "road_feature": "ทางตรง+ไม่มีความลาดชัน", "crash_pattern": "ชนท้าย", "road_type": "ทางหลวง", "speed_limit": 90, "road_label": "พระประแดง - บางแค", "road_label_source": "record", "road_ref": "ทล.3902 กม.3.6-3.7", "medoid_raw": [100.504616, 13.620962], "snap_distance_m": 4.79}}, {"type": "Feature", "geometry": {"type": "Point", "coordinates": [100.502974, 13.620936]}, "properties": {"id": "zone_289", "unit_type": "cluster", "centroid": [13.620911, 100.503223], "radius_m": 709.6, "province": "กรุงเทพมหานคร", "road": "ไม่ระบุ", "route_code": "3902", "km_min": 3.2, "km_max": 4.678, "accident_count": 34, "deaths": 2, "serious_injury": 0, "minor_injury": 50, "fatal_crashes": 2, "injured_total": 50, "severity_index": 1.5294, "level": "medium", "economic_loss": 16300000, "epdo_million": 16.3, "single_count": 5, "multi_count": 29, "single_pct": 14.7, "multi_pct": 85.3, "pattern": "multiple", "top_cause": "ขับรถเร็วเกินอัตรากำหนด", "road_feature": "ทางตรง+ไม่มีความลาดชัน", "crash_pattern": "ชนท้าย", "road_type": "ทางหลวง", "speed_limit": 90, "road_label": "พระประแดง - บางแค", "road_label_source": "nearest_road", "road_ref": "ทล.3902 กม.3.2-4.7", "medoid_raw": [100.502979, 13.620878], "snap_distance_m": 6.47}}, {"type": "Feature", "geometry": {"type": "Point", "coordinates": [100.605157, 13.742651]}, "properties": {"id": "zone_290", "unit_type": "cluster", "centroid": [13.742685, 100.605185], "radius_m": 101.5, "province": "กรุงเทพมหานคร", "road": "รามอินทรา-อาจณรงค์", "route_code": "E003S008|I", "km_min": 5.0, "km_max": 5.2, "accident_count": 3, "deaths": 0, "serious_injury": 0, "minor_injury": 2, "fatal_crashes": 0, "injured_total": 2, "severity_index": 0.6667, "level": "low", "economic_loss": 116000, "epdo_million": 0.116, "single_count": 2, "multi_count": 1, "single_pct": 66.7, "multi_pct": 33.3, "pattern": "single", "top_cause": "ไม่ระบุ", "road_feature": "ทางสามแยก (Y)", "crash_pattern": "ชนสิ่งกีดขวาง (บนผิวจราจร)", "road_type": "การทางพิเศษ", "speed_limit": 100, "road_label": "รามอินทรา-อาจณรงค์", "road_label_source": "record", "road_ref": "ทางพิเศษสายE003S008|I กม.5-5.2", "medoid_raw": [100.605149, 13.742651], "snap_distance_m": 0.86}}, {"type": "Feature", "geometry": {"type": "Point", "coordinates": [100.51771, 13.725128]}, "properties": {"id": "zone_291", "unit_type": "cluster", "centroid": [13.725126, 100.517683], "radius_m": 103.4, "province": "กรุงเทพมหานคร", "road": "พญาไท-บางโคล่", "route_code": "E002S007|I", "km_min": 3.9, "km_max": 4.1, "accident_count": 6, "deaths": 0, "serious_injury": 0, "minor_injury": 2, "fatal_crashes": 0, "injured_total": 2, "severity_index": 0.3333, "level": "low", "economic_loss": 116000, "epdo_million": 0.116, "single_count": 0, "multi_count": 6, "single_pct": 0.0, "multi_pct": 100.0, "pattern": "multiple", "top_cause": "ไม่ระบุ", "road_feature": "ทางตรง", "crash_pattern": "ชนท้าย", "road_type": "การทางพิเศษ", "speed_limit": 100, "road_label": "พญาไท-บางโคล่", "road_label_source": "record", "road_ref": "ทางพิเศษสายE002S007|I กม.3.9-4.1", "medoid_raw": [100.517667, 13.725121], "snap_distance_m": 4.71}}, {"type": "Feature", "geometry": {"type": "Point", "coordinates": [100.487123, 13.621135]}, "properties": {"id": "zone_292", "unit_type": "cluster", "centroid": [13.621137, 100.486944], "radius_m": 183.4, "province": "กรุงเทพมหานคร", "road": "ไม่ระบุ", "route_code": "3902", "km_min": 5.6, "km_max": 5.9, "accident_count": 5, "deaths": 1, "serious_injury": 0, "minor_injury": 7, "fatal_crashes": 1, "injured_total": 7, "severity_index": 1.6, "level": "medium", "economic_loss": 7106000, "epdo_million": 7.106, "single_count": 1, "multi_count": 4, "single_pct": 20.0, "multi_pct": 80.0, "pattern": "multiple", "top_cause": "ขับรถเร็วเกินอัตรากำหนด", "road_feature": "ทางตรง+ไม่มีความลาดชัน", "crash_pattern": "ชนท้าย", "road_type": "ทางหลวง", "speed_limit": 90, "road_label": "พระประแดง - บางแค", "road_label_source": "nearest_road", "road_ref": "ทล.3902 กม.5.6-5.9", "medoid_raw": [100.487117, 13.621116], "snap_distance_m": 2.21}}, {"type": "Feature", "geometry": {"type": "Point", "coordinates": [100.923439, 13.809867]}, "properties": {"id": "zone_293", "unit_type": "cluster", "centroid": [13.809884, 100.923101], "radius_m": 180.0, "province": "กรุงเทพมหานคร", "road": "แยกเข้ามีนบุรี - คลองหลวงแพ่ง", "route_code": "304", "km_min": 48.83, "km_max": 49.25, "accident_count": 3, "deaths": 0, "serious_injury": 0, "minor_injury": 0, "fatal_crashes": 0, "injured_total": 0, "severity_index": 0.0, "level": "low", "economic_loss": 0, "epdo_million": 0.0, "single_count": 3, "multi_count": 0, "single_pct": 100.0, "multi_pct": 0.0, "pattern": "single", "top_cause": "หลับใน", "road_feature": "ทางตรง+ไม่มีความลาดชัน", "crash_pattern": "พลิกคว่ำ/ตกถนนในทางตรง", "road_type": "ทางหลวง", "speed_limit": 90, "road_label": "แยกเข้ามีนบุรี - คลองหลวงแพ่ง", "road_label_source": "record", "road_ref": "ทล.304 กม.48.8-49.2", "medoid_raw": [100.923439, 13.809866], "snap_distance_m": 0.11}}, {"type": "Feature", "geometry": {"type": "Point", "coordinates": [100.59708, 13.754534]}, "properties": {"id": "zone_294", "unit_type": "cluster", "centroid": [13.755154, 100.596564], "radius_m": 183.5, "province": "กรุงเทพมหานคร", "road": "รามอินทรา-อาจณรงค์", "route_code": "E003S008|U", "km_min": 6.7, "km_max": 7.0, "accident_count": 5, "deaths": 0, "serious_injury": 0, "minor_injury": 2, "fatal_crashes": 0, "injured_total": 2, "severity_index": 0.4, "level": "low", "economic_loss": 116000, "epdo_million": 0.116, "single_count": 3, "multi_count": 2, "single_pct": 60.0, "multi_pct": 40.0, "pattern": "single", "top_cause": "ไม่ระบุ", "road_feature": "ทางโค้งกว้าง", "crash_pattern": "ชนสิ่งกีดขวาง (บนผิวจราจร)", "road_type": "การทางพิเศษ", "speed_limit": 100, "road_label": "รามอินทรา-อาจณรงค์", "road_label_source": "record", "road_ref": "ทางพิเศษสายE003S008|U กม.6.7-7", "medoid_raw": [100.597058, 13.754514], "snap_distance_m": 3.25}}, {"type": "Feature", "geometry": {"type": "Point", "coordinates": [100.436972, 13.626763]}, "properties": {"id": "zone_295", "unit_type": "cluster", "centroid": [13.626766, 100.436919], "radius_m": 32.5, "province": "กรุงเทพมหานคร", "road": "ไม่ระบุ", "route_code": "3902", "km_min": 11.8, "km_max": 11.85, "accident_count": 3, "deaths": 0, "serious_injury": 0, "minor_injury": 5, "fatal_crashes": 0, "injured_total": 5, "severity_index": 1.6667, "level": "medium", "economic_loss": 290000, "epdo_million": 0.29, "single_count": 0, "multi_count": 3, "single_pct": 0.0, "multi_pct": 100.0, "pattern": "multiple", "top_cause": "ขับรถเร็วเกินอัตรากำหนด", "road_feature": "ทางตรง+ไม่มีความลาดชัน", "crash_pattern": "ชนท้าย", "road_type": "ทางหลวง", "speed_limit": 90, "road_label": "พระประแดง - บางแค", "road_label_source": "nearest_road", "road_ref": "ทล.3902 กม.11.8", "medoid_raw": [100.436974, 13.626807], "snap_distance_m": 4.9}}, {"type": "Feature", "geometry": {"type": "Point", "coordinates": [100.448095, 13.626389]}, "properties": {"id": "zone_296", "unit_type": "cluster", "centroid": [13.626388, 100.447957], "radius_m": 183.0, "province": "กรุงเทพมหานคร", "road": "พระประแดง - บางแค", "route_code": "3902", "km_min": 10.3, "km_max": 10.7, "accident_count": 6, "deaths": 0, "serious_injury": 1, "minor_injury": 9, "fatal_crashes": 0, "injured_total": 10, "severity_index": 1.6667, "level": "medium", "economic_loss": 2522000, "epdo_million": 2.522, "single_count": 0, "multi_count": 6, "single_pct": 0.0, "multi_pct": 100.0, "pattern": "multiple", "top_cause": "ขับรถเร็วเกินอัตรากำหนด", "road_feature": "ทางตรง+ไม่มีความลาดชัน", "crash_pattern": "ชนท้าย", "road_type": "ทางหลวง", "speed_limit": 90, "road_label": "พระประแดง - บางแค", "road_label_source": "record", "road_ref": "ทล.3902 กม.10.3-10.7", "medoid_raw": [100.448094, 13.62636], "snap_distance_m": 3.23}}, {"type": "Feature", "geometry": {"type": "Point", "coordinates": [100.445338, 13.626482]}, "properties": {"id": "zone_297", "unit_type": "cluster", "centroid": [13.626473, 100.445132], "radius_m": 158.2, "province": "กรุงเทพมหานคร", "road": "ไม่ระบุ", "route_code": "3902", "km_min": 10.7, "km_max": 11.0, "accident_count": 5, "deaths": 0, "serious_injury": 0, "minor_injury": 3, "fatal_crashes": 0, "injured_total": 3, "severity_index": 0.6, "level": "low", "economic_loss": 174000, "epdo_million": 0.174, "single_count": 0, "multi_count": 5, "single_pct": 0.0, "multi_pct": 100.0, "pattern": "multiple", "top_cause": "ขับรถเร็วเกินอัตรากำหนด", "road_feature": "ทางตรง+ไม่มีความลาดชัน", "crash_pattern": "ชนท้าย", "road_type": "ทางหลวง", "speed_limit": 90, "road_label": "พระประแดง - บางแค", "road_label_source": "nearest_road", "road_ref": "ทล.3902 กม.10.7-11", "medoid_raw": [100.445336, 13.626436], "snap_distance_m": 5.12}}, {"type": "Feature", "geometry": {"type": "Point", "coordinates": [100.441929, 13.626597]}, "properties": {"id": "zone_298", "unit_type": "cluster", "centroid": [13.626606, 100.4411], "radius_m": 181.8, "province": "กรุงเทพมหานคร", "road": "ไม่ระบุ", "route_code": "9", "km_min": 11.2, "km_max": 11.4, "accident_count": 4, "deaths": 1, "serious_injury": 0, "minor_injury": 10, "fatal_crashes": 1, "injured_total": 10, "severity_index": 2.75, "level": "high", "economic_loss": 7280000, "epdo_million": 7.28, "single_count": 1, "multi_count": 3, "single_pct": 25.0, "multi_pct": 75.0, "pattern": "multiple", "top_cause": "ขับรถเร็วเกินอัตรากำหนด", "road_feature": "ทางตรง+ไม่มีความลาดชัน", "crash_pattern": "ชนท้าย", "road_type": "ทางหลวง", "speed_limit": 90, "road_label": "พระประแดง - บางแค", "road_label_source": "nearest_road", "road_ref": "ทล.9 กม.11.2-11.4", "medoid_raw": [100.441928, 13.626579], "snap_distance_m": 2.0}}, {"type": "Feature", "geometry": {"type": "Point", "coordinates": [100.474033, 13.625066]}, "properties": {"id": "zone_299", "unit_type": "cluster", "centroid": [13.625038, 100.473479], "radius_m": 477.9, "province": "กรุงเทพมหานคร", "road": "ไม่ระบุ", "route_code": "9", "km_min": 6.15, "km_max": 7.925, "accident_count": 11, "deaths": 0, "serious_injury": 0, "minor_injury": 6, "fatal_crashes": 0, "injured_total": 6, "severity_index": 0.5455, "level": "low", "economic_loss": 348000, "epdo_million": 0.348, "single_count": 3, "multi_count": 8, "single_pct": 27.3, "multi_pct": 72.7, "pattern": "multiple", "top_cause": "ขับรถเร็วเกินอัตรากำหนด", "road_feature": "ทางตรง+ไม่มีความลาดชัน", "crash_pattern": "ชนท้าย", "road_type": "ทางหลวง", "speed_limit": 90, "road_label": "พระประแดง - บางแค", "road_label_source": "nearest_road", "road_ref": "ทล.9 กม.6.2-7.9", "medoid_raw": [100.474014, 13.625007], "snap_distance_m": 6.87}}, {"type": "Feature", "geometry": {"type": "Point", "coordinates": [100.600015, 13.752235]}, "properties": {"id": "zone_300", "unit_type": "cluster", "centroid": [13.75219, 100.600026], "radius_m": 103.1, "province": "กรุงเทพมหานคร", "road": "รามอินทรา-อาจณรงค์", "route_code": "E003S008|I", "km_min": 6.3, "km_max": 6.5, "accident_count": 3, "deaths": 0, "serious_injury": 0, "minor_injury": 0, "fatal_crashes": 0, "injured_total": 0, "severity_index": 0.0, "level": "low", "economic_loss": 0, "epdo_million": 0.0, "single_count": 1, "multi_count": 2, "single_pct": 33.3, "multi_pct": 66.7, "pattern": "multiple", "top_cause": "ไม่ระบุ", "road_feature": "ทางตรง", "crash_pattern": "ชนท้าย", "road_type": "การทางพิเศษ", "speed_limit": 100, "road_label": "รามอินทรา-อาจณรงค์", "road_label_source": "record", "road_ref": "ทางพิเศษสายE003S008|I กม.6.3-6.5", "medoid_raw": [100.6, 13.752209], "snap_distance_m": 3.31}}, {"type": "Feature", "geometry": {"type": "Point", "coordinates": [100.590265, 13.702053]}, "properties": {"id": "zone_301", "unit_type": "cluster", "centroid": [13.702369, 100.590248], "radius_m": 195.1, "province": "กรุงเทพมหานคร", "road": "บางนา-ท่าเรือ", "route_code": "E001S002|I", "km_min": 13.9, "km_max": 14.2, "accident_count": 3, "deaths": 0, "serious_injury": 0, "minor_injury": 3, "fatal_crashes": 0, "injured_total": 3, "severity_index": 1.0, "level": "medium", "economic_loss": 174000, "epdo_million": 0.174, "single_count": 2, "multi_count": 1, "single_pct": 66.7, "multi_pct": 33.3, "pattern": "single", "top_cause": "ไม่ระบุ", "road_feature": "ทางตรง", "crash_pattern": "อื่นๆ", "road_type": "การทางพิเศษ", "speed_limit": 100, "road_label": "บางนา-ท่าเรือ", "road_label_source": "record", "road_ref": "ทางพิเศษสายE001S002|I กม.13.9-14.2", "medoid_raw": [100.59022, 13.702035], "snap_distance_m": 5.26}}, {"type": "Feature", "geometry": {"type": "Point", "coordinates": [100.604488, 13.722126]}, "properties": {"id": "zone_302", "unit_type": "cluster", "centroid": [13.72211, 100.604492], "radius_m": 24.7, "province": "กรุงเทพมหานคร", "road": "รามอินทรา-อาจณรงค์", "route_code": "E003S008|U", "km_min": 2.8, "km_max": 2.8, "accident_count": 5, "deaths": 0, "serious_injury": 0, "minor_injury": 1, "fatal_crashes": 0, "injured_total": 1, "severity_index": 0.2, "level": "low", "economic_loss": 58000, "epdo_million": 0.058, "single_count": 4, "multi_count": 1, "single_pct": 80.0, "multi_pct": 20.0, "pattern": "single", "top_cause": "ไม่ระบุ", "road_feature": "ทางโค้งกว้าง", "crash_pattern": "ชนสิ่งกีดขวาง (บนผิวจราจร)", "road_type": "การทางพิเศษ", "speed_limit": 100, "road_label": "รามอินทรา-อาจณรงค์", "road_label_source": "record", "road_ref": "ทางพิเศษสายE003S008|U กม.2.8", "medoid_raw": [100.604537, 13.722105], "snap_distance_m": 5.79}}, {"type": "Feature", "geometry": {"type": "Point", "coordinates": [100.607243, 13.778286]}, "properties": {"id": "zone_303", "unit_type": "cluster", "centroid": [13.777986, 100.60718], "radius_m": 101.9, "province": "กรุงเทพมหานคร", "road": "รามอินทรา-อาจณรงค์", "route_code": "E003S008|I", "km_min": 9.8, "km_max": 9.9, "accident_count": 3, "deaths": 0, "serious_injury": 0, "minor_injury": 1, "fatal_crashes": 0, "injured_total": 1, "severity_index": 0.3333, "level": "low", "economic_loss": 58000, "epdo_million": 0.058, "single_count": 0, "multi_count": 3, "single_pct": 0.0, "multi_pct": 100.0, "pattern": "multiple", "top_cause": "ไม่ระบุ", "road_feature": "ทางแยกต่างระดับ/Ramps", "crash_pattern": "ชนท้าย", "road_type": "การทางพิเศษ", "speed_limit": 100, "road_label": "รามอินทรา-อาจณรงค์", "road_label_source": "record", "road_ref": "ทางพิเศษสายE003S008|I กม.9.8-9.9", "medoid_raw": [100.60723, 13.778288], "snap_distance_m": 1.42}}, {"type": "Feature", "geometry": {"type": "Point", "coordinates": [100.538117, 13.791311]}, "properties": {"id": "zone_304", "unit_type": "cluster", "centroid": [13.791496, 100.538138], "radius_m": 305.1, "province": "กรุงเทพมหานคร", "road": "แจ้งวัฒนะ-พญาไท", "route_code": "E002S014|I", "km_min": 11.5, "km_max": 12.0, "accident_count": 11, "deaths": 0, "serious_injury": 0, "minor_injury": 3, "fatal_crashes": 0, "injured_total": 3, "severity_index": 0.2727, "level": "low", "economic_loss": 174000, "epdo_million": 0.174, "single_count": 2, "multi_count": 9, "single_pct": 18.2, "multi_pct": 81.8, "pattern": "multiple", "top_cause": "ไม่ระบุ", "road_feature": "ทางร่วม", "crash_pattern": "ชนด้านข้าง", "road_type": "การทางพิเศษ", "speed_limit": 100, "road_label": "แจ้งวัฒนะ-พญาไท", "road_label_source": "record", "road_ref": "ทางพิเศษสายE002S014|I กม.11.5-12", "medoid_raw": [100.538124, 13.791308], "snap_distance_m": 0.83}}, {"type": "Feature", "geometry": {"type": "Point", "coordinates": [100.604132, 13.735513]}, "properties": {"id": "zone_305", "unit_type": "cluster", "centroid": [13.736111, 100.604102], "radius_m": 199.6, "province": "กรุงเทพมหานคร", "road": "รามอินทรา-อาจณรงค์", "route_code": "E003S008|I", "km_min": 4.3, "km_max": 4.5, "accident_count": 3, "deaths": 0, "serious_injury": 0, "minor_injury": 2, "fatal_crashes": 0, "injured_total": 2, "severity_index": 0.6667, "level": "low", "economic_loss": 116000, "epdo_million": 0.116, "single_count": 2, "multi_count": 1, "single_pct": 66.7, "multi_pct": 33.3, "pattern": "single", "top_cause": "ไม่ระบุ", "road_feature": "ทางตรง", "crash_pattern": "อื่นๆ", "road_type": "การทางพิเศษ", "speed_limit": 100, "road_label": "รามอินทรา-อาจณรงค์", "road_label_source": "record", "road_ref": "ทางพิเศษสายE003S008|I กม.4.3-4.5", "medoid_raw": [100.604102, 13.735513], "snap_distance_m": 3.24}}, {"type": "Feature", "geometry": {"type": "Point", "coordinates": [100.554089, 13.71303]}, "properties": {"id": "zone_306", "unit_type": "cluster", "centroid": [13.712935, 100.553774], "radius_m": 100.2, "province": "กรุงเทพมหานคร", "road": "ดาวคะนอง-ท่าเรือ", "route_code": "E001S003|I", "km_min": 20.0, "km_max": 20.1, "accident_count": 4, "deaths": 0, "serious_injury": 0, "minor_injury": 2, "fatal_crashes": 0, "injured_total": 2, "severity_index": 0.5, "level": "low", "economic_loss": 116000, "epdo_million": 0.116, "single_count": 2, "multi_count": 2, "single_pct": 50.0, "multi_pct": 50.0, "pattern": "mixed", "top_cause": "ไม่ระบุ", "road_feature": "ทางโค้งกว้าง", "crash_pattern": "ชนท้าย", "road_type": "การทางพิเศษ", "speed_limit": 100, "road_label": "ดาวคะนอง-ท่าเรือ", "road_label_source": "record", "road_ref": "ทางพิเศษสายE001S003|I กม.20-20.1", "medoid_raw": [100.554019, 13.713023], "snap_distance_m": 7.6}}, {"type": "Feature", "geometry": {"type": "Point", "coordinates": [100.566288, 13.711544]}, "properties": {"id": "zone_307", "unit_type": "cluster", "centroid": [13.71159, 100.566272], "radius_m": 31.7, "province": "กรุงเทพมหานคร", "road": "บางนา-ท่าเรือ", "route_code": "E001S002|U", "km_min": 11.0, "km_max": 11.0, "accident_count": 3, "deaths": 0, "serious_injury": 0, "minor_injury": 1, "fatal_crashes": 0, "injured_total": 1, "severity_index": 0.3333, "level": "low", "economic_loss": 58000, "epdo_million": 0.058, "single_count": 0, "multi_count": 3, "single_pct": 0.0, "multi_pct": 100.0, "pattern": "multiple", "top_cause": "ไม่ระบุ", "road_feature": "ทางตรง", "crash_pattern": "ชนท้าย", "road_type": "การทางพิเศษ", "speed_limit": 100, "road_label": "บางนา-ท่าเรือ", "road_label_source": "record", "road_ref": "ทางพิเศษสายE001S002|U กม.11", "medoid_raw": [100.566299, 13.711499], "snap_distance_m": 5.14}}, {"type": "Feature", "geometry": {"type": "Point", "coordinates": [100.436966, 13.792153]}, "properties": {"id": "zone_308", "unit_type": "cluster", "centroid": [13.792445, 100.436424], "radius_m": 198.5, "province": "กรุงเทพมหานคร", "road": "หมอชิต-กาญจนาฯ", "route_code": "E002S018|I", "km_min": 2.9, "km_max": 3.1, "accident_count": 3, "deaths": 0, "serious_injury": 0, "minor_injury": 1, "fatal_crashes": 0, "injured_total": 1, "severity_index": 0.3333, "level": "low", "economic_loss": 58000, "epdo_million": 0.058, "single_count": 1, "multi_count": 2, "single_pct": 33.3, "multi_pct": 66.7, "pattern": "multiple", "top_cause": "ไม่ระบุ", "road_feature": "ทางตรง", "crash_pattern": "ชนท้าย", "road_type": "การทางพิเศษ", "speed_limit": 100, "road_label": "หมอชิต-กาญจนาฯ", "road_label_source": "record", "road_ref": "ทางพิเศษสายE002S018|I กม.2.9-3.1", "medoid_raw": [100.436935, 13.792117], "snap_distance_m": 5.22}}, {"type": "Feature", "geometry": {"type": "Point", "coordinates": [100.596542, 13.708851]}, "properties": {"id": "zone_309", "unit_type": "cluster", "centroid": [13.708511, 100.596456], "radius_m": 294.2, "province": "กรุงเทพมหานคร", "road": "รามอินทรา-อาจณรงค์", "route_code": "E003S008|U", "km_min": 0.8, "km_max": 1.2, "accident_count": 5, "deaths": 0, "serious_injury": 0, "minor_injury": 2, "fatal_crashes": 0, "injured_total": 2, "severity_index": 0.4, "level": "low", "economic_loss": 116000, "epdo_million": 0.116, "single_count": 0, "multi_count": 5, "single_pct": 0.0, "multi_pct": 100.0, "pattern": "multiple", "top_cause": "ไม่ระบุ", "road_feature": "ทางตรง", "crash_pattern": "ชนท้าย", "road_type": "การทางพิเศษ", "speed_limit": 100, "road_label": "รามอินทรา-อาจณรงค์", "road_label_source": "record", "road_ref": "ทางพิเศษสายE003S008|U กม.0.8-1.2", "medoid_raw": [100.596491, 13.708848], "snap_distance_m": 5.52}}, {"type": "Feature", "geometry": {"type": "Point", "coordinates": [100.605876, 13.747003]}, "properties": {"id": "zone_310", "unit_type": "cluster", "centroid": [13.747197, 100.606157], "radius_m": 183.3, "province": "กรุงเทพมหานคร", "road": "พญาไท-ศรีนครินทร์", "route_code": "E002S016|I", "km_min": 9.0, "km_max": 9.3, "accident_count": 3, "deaths": 0, "serious_injury": 0, "minor_injury": 1, "fatal_crashes": 0, "injured_total": 1, "severity_index": 0.3333, "level": "low", "economic_loss": 58000, "epdo_million": 0.058, "single_count": 0, "multi_count": 3, "single_pct": 0.0, "multi_pct": 100.0, "pattern": "multiple", "top_cause": "ไม่ระบุ", "road_feature": "ทางแยกต่างระดับ/Ramps", "crash_pattern": "ชนท้าย", "road_type": "การทางพิเศษ", "speed_limit": 100, "road_label": "พญาไท-ศรีนครินทร์", "road_label_source": "record", "road_ref": "ทางพิเศษสายE002S016|I กม.9-9.3", "medoid_raw": [100.605871, 13.746993], "snap_distance_m": 1.24}}, {"type": "Feature", "geometry": {"type": "Point", "coordinates": [100.605039, 13.746321]}, "properties": {"id": "zone_311", "unit_type": "cluster", "centroid": [13.746326, 100.605118], "radius_m": 0.0, "province": "กรุงเทพมหานคร", "road": "รามอินทรา-อาจณรงค์", "route_code": "E003S008|U", "km_min": 5.5, "km_max": 5.5, "accident_count": 4, "deaths": 0, "serious_injury": 0, "minor_injury": 0, "fatal_crashes": 0, "injured_total": 0, "severity_index": 0.0, "level": "low", "economic_loss": 0, "epdo_million": 0.0, "single_count": 0, "multi_count": 4, "single_pct": 0.0, "multi_pct": 100.0, "pattern": "multiple", "top_cause": "ไม่ระบุ", "road_feature": "ทางตรง", "crash_pattern": "ชนท้าย", "road_type": "การทางพิเศษ", "speed_limit": 100, "road_label": "รามอินทรา-อาจณรงค์", "road_label_source": "record", "road_ref": "ทางพิเศษสายE003S008|U กม.5.5", "medoid_raw": [100.605118, 13.746326], "snap_distance_m": 8.55}}, {"type": "Feature", "geometry": {"type": "Point", "coordinates": [100.662362, 13.838708]}, "properties": {"id": "zone_312", "unit_type": "cluster", "centroid": [13.838971, 100.661901], "radius_m": 190.3, "province": "กรุงเทพมหานคร", "road": "คลองประปา - คันนายาว", "route_code": "304", "km_min": 18.864, "km_max": 18.939, "accident_count": 3, "deaths": 0, "serious_injury": 1, "minor_injury": 0, "fatal_crashes": 0, "injured_total": 1, "severity_index": 0.3333, "level": "low", "economic_loss": 2000000, "epdo_million": 2.0, "single_count": 3, "multi_count": 0, "single_pct": 100.0, "multi_pct": 0.0, "pattern": "single", "top_cause": "เครื่องยนต์ขัดข้อง", "road_feature": "ทางตรง+ที่ราบ", "crash_pattern": "พลิกคว่ำ/ตกถนนในทางตรง", "road_type": "ทางหลวง", "speed_limit": 90, "road_label": "คลองประปา - คันนายาว", "road_label_source": "record", "road_ref": "ทล.304 กม.18.9", "medoid_raw": [100.66237, 13.838721], "snap_distance_m": 1.68}}, {"type": "Feature", "geometry": {"type": "Point", "coordinates": [100.610424, 13.936099]}, "properties": {"id": "zone_313", "unit_type": "cluster", "centroid": [13.936123, 100.610624], "radius_m": 171.1, "province": "กรุงเทพมหานคร", "road": "งามวงศ์วาน - ดอนเมือง", "route_code": "31", "km_min": 25.88, "km_max": 26.05, "accident_count": 3, "deaths": 0, "serious_injury": 0, "minor_injury": 2, "fatal_crashes": 0, "injured_total": 2, "severity_index": 0.6667, "level": "low", "economic_loss": 116000, "epdo_million": 0.116, "single_count": 2, "multi_count": 1, "single_pct": 66.7, "multi_pct": 33.3, "pattern": "single", "top_cause": "ไม่คุ้นเคยเส้นทาง/ขับรถไม่ชำนาญ", "road_feature": "ทางตรง+ไม่มีความลาดชัน", "crash_pattern": "ชนท้าย", "road_type": "ทางหลวง", "speed_limit": 90, "road_label": "งามวงศ์วาน - ดอนเมือง", "road_label_source": "record", "road_ref": "ทล.31 กม.25.9-26.1", "medoid_raw": [100.610467, 13.936075], "snap_distance_m": 5.35}}, {"type": "Feature", "geometry": {"type": "Point", "coordinates": [100.570722, 13.712857]}, "properties": {"id": "zone_314", "unit_type": "cluster", "centroid": [13.712847, 100.570724], "radius_m": 0.0, "province": "กรุงเทพมหานคร", "road": "บางนา-ท่าเรือ", "route_code": "E001S002|I", "km_min": 11.5, "km_max": 11.5, "accident_count": 4, "deaths": 0, "serious_injury": 0, "minor_injury": 0, "fatal_crashes": 0, "injured_total": 0, "severity_index": 0.0, "level": "low", "economic_loss": 0, "epdo_million": 0.0, "single_count": 0, "multi_count": 4, "single_pct": 0.0, "multi_pct": 100.0, "pattern": "multiple", "top_cause": "ไม่ระบุ", "road_feature": "ทางตรง", "crash_pattern": "ชนท้าย", "road_type": "การทางพิเศษ", "speed_limit": 100, "road_label": "บางนา-ท่าเรือ", "road_label_source": "record", "road_ref": "ทางพิเศษสายE001S002|I กม.11.5", "medoid_raw": [100.570724, 13.712847], "snap_distance_m": 1.13}}, {"type": "Feature", "geometry": {"type": "Point", "coordinates": [100.605015, 13.770592]}, "properties": {"id": "zone_315", "unit_type": "cluster", "centroid": [13.770458, 100.605127], "radius_m": 67.5, "province": "กรุงเทพมหานคร", "road": "รามอินทรา-อาจณรงค์", "route_code": "E003S008|U", "km_min": 8.9, "km_max": 9.0, "accident_count": 4, "deaths": 0, "serious_injury": 0, "minor_injury": 4, "fatal_crashes": 0, "injured_total": 4, "severity_index": 1.0, "level": "medium", "economic_loss": 232000, "epdo_million": 0.232, "single_count": 0, "multi_count": 4, "single_pct": 0.0, "multi_pct": 100.0, "pattern": "multiple", "top_cause": "ไม่ระบุ", "road_feature": "ทางแยกต่างระดับ/Ramps", "crash_pattern": "ชนท้าย", "road_type": "การทางพิเศษ", "speed_limit": 100, "road_label": "รามอินทรา-อาจณรงค์", "road_label_source": "record", "road_ref": "ทางพิเศษสายE003S008|U กม.8.9-9", "medoid_raw": [100.605, 13.770604], "snap_distance_m": 2.1}}, {"type": "Feature", "geometry": {"type": "Point", "coordinates": [100.509637, 13.807892]}, "properties": {"id": "zone_316", "unit_type": "cluster", "centroid": [13.807882, 100.509683], "radius_m": 202.5, "province": "กรุงเทพมหานคร", "road": "หมอชิต-กาญจนาฯ", "route_code": "E002S018|I", "km_min": 11.7, "km_max": 12.0, "accident_count": 5, "deaths": 0, "serious_injury": 0, "minor_injury": 1, "fatal_crashes": 0, "injured_total": 1, "severity_index": 0.2, "level": "low", "economic_loss": 58000, "epdo_million": 0.058, "single_count": 3, "multi_count": 2, "single_pct": 60.0, "multi_pct": 40.0, "pattern": "single", "top_cause": "ไม่ระบุ", "road_feature": "ทางตรง", "crash_pattern": "ชนสิ่งกีดขวาง (บนผิวจราจร)", "road_type": "การทางพิเศษ", "speed_limit": 100, "road_label": "หมอชิต-กาญจนาฯ", "road_label_source": "record", "road_ref": "ทางพิเศษสายE002S018|I กม.11.7-12", "medoid_raw": [100.509637, 13.807892], "snap_distance_m": 0.0}}, {"type": "Feature", "geometry": {"type": "Point", "coordinates": [100.502965, 13.801693]}, "properties": {"id": "zone_317", "unit_type": "cluster", "centroid": [13.801946, 100.503237], "radius_m": 192.6, "province": "กรุงเทพมหานคร", "road": "หมอชิต-กาญจนาฯ", "route_code": "E002S018|U", "km_min": 10.8, "km_max": 11.0, "accident_count": 7, "deaths": 0, "serious_injury": 0, "minor_injury": 1, "fatal_crashes": 0, "injured_total": 1, "severity_index": 0.1429, "level": "low", "economic_loss": 58000, "epdo_million": 0.058, "single_count": 6, "multi_count": 1, "single_pct": 85.7, "multi_pct": 14.3, "pattern": "single", "top_cause": "ไม่ระบุ", "road_feature": "ทางตรง", "crash_pattern": "ชนสิ่งกีดขวาง (บนผิวจราจร)", "road_type": "การทางพิเศษ", "speed_limit": 100, "road_label": "หมอชิต-กาญจนาฯ", "road_label_source": "record", "road_ref": "ทางพิเศษสายE002S018|U กม.10.8-11", "medoid_raw": [100.502986, 13.801667], "snap_distance_m": 3.67}}, {"type": "Feature", "geometry": {"type": "Point", "coordinates": [100.39495, 13.777535]}, "properties": {"id": "zone_318", "unit_type": "cluster", "centroid": [13.777667, 100.3948], "radius_m": 181.9, "province": "กรุงเทพมหานคร", "road": "อรุณอมรินทร์ - พุทธมณฑลสาย4", "route_code": "338", "km_min": 4.13, "km_max": 4.4, "accident_count": 4, "deaths": 0, "serious_injury": 0, "minor_injury": 3, "fatal_crashes": 0, "injured_total": 3, "severity_index": 0.75, "level": "low", "economic_loss": 174000, "epdo_million": 0.174, "single_count": 0, "multi_count": 4, "single_pct": 0.0, "multi_pct": 100.0, "pattern": "multiple", "top_cause": "ขับรถเร็วเกินอัตรากำหนด", "road_feature": "ทางตรง+ไม่มีความลาดชัน", "crash_pattern": "ชนท้าย", "road_type": "ทางหลวง", "speed_limit": 90, "road_label": "อรุณอมรินทร์ - พุทธมณฑลสาย4", "road_label_source": "record", "road_ref": "ทล.338 กม.4.1-4.4", "medoid_raw": [100.394944, 13.777535], "snap_distance_m": 0.65}}, {"type": "Feature", "geometry": {"type": "Point", "coordinates": [100.394649, 13.791814]}, "properties": {"id": "zone_319", "unit_type": "cluster", "centroid": [13.791917, 100.394522], "radius_m": 141.6, "province": "กรุงเทพมหานคร", "road": "อรุณอมรินทร์ - พุทธมณฑลสาย4", "route_code": "338", "km_min": 5.023, "km_max": 6.065, "accident_count": 4, "deaths": 0, "serious_injury": 0, "minor_injury": 7, "fatal_crashes": 0, "injured_total": 7, "severity_index": 1.75, "level": "medium", "economic_loss": 406000, "epdo_million": 0.406, "single_count": 1, "multi_count": 3, "single_pct": 25.0, "multi_pct": 75.0, "pattern": "multiple", "top_cause": "ขับรถเร็วเกินอัตรากำหนด", "road_feature": "ทางตรง+ไม่มีความลาดชัน", "crash_pattern": "ชนท้าย", "road_type": "ทางหลวง", "speed_limit": 90, "road_label": "อรุณอมรินทร์ - พุทธมณฑลสาย4", "road_label_source": "record", "road_ref": "ทล.338 กม.5-6.1", "medoid_raw": [100.394682, 13.791814], "snap_distance_m": 3.56}}, {"type": "Feature", "geometry": {"type": "Point", "coordinates": [100.418372, 13.939303]}, "properties": {"id": "zone_320", "unit_type": "cluster", "centroid": [13.939263, 100.418356], "radius_m": 151.2, "province": "นนทบุรี", "road": "คลองบางไผ่ - คลองบางหลวง", "route_code": "3901", "km_min": 47.5, "km_max": 48.7, "accident_count": 3, "deaths": 0, "serious_injury": 0, "minor_injury": 4, "fatal_crashes": 0, "injured_total": 4, "severity_index": 1.3333, "level": "medium", "economic_loss": 232000, "epdo_million": 0.232, "single_count": 1, "multi_count": 2, "single_pct": 33.3, "multi_pct": 66.7, "pattern": "multiple", "top_cause": "ขับรถเร็วเกินอัตรากำหนด", "road_feature": "ทางแยกรูปตัว Y+ที่ราบ", "crash_pattern": "ชนท้าย", "road_type": "ทางหลวง", "speed_limit": 90, "road_label": "คลองบางไผ่ - คลองบางหลวง", "road_label_source": "record", "road_ref": "ทล.3901 กม.47.5-48.7", "medoid_raw": [100.418338, 13.939252], "snap_distance_m": 6.75}}, {"type": "Feature", "geometry": {"type": "Point", "coordinates": [100.422548, 13.941914]}, "properties": {"id": "zone_321", "unit_type": "cluster", "centroid": [13.941934, 100.422546], "radius_m": 128.6, "province": "นนทบุรี", "road": "บางบัวทอง - บางคูวัด", "route_code": "345", "km_min": 0.31, "km_max": 0.55, "accident_count": 5, "deaths": 0, "serious_injury": 0, "minor_injury": 0, "fatal_crashes": 0, "injured_total": 0, "severity_index": 0.0, "level": "low", "economic_loss": 0, "epdo_million": 0.0, "single_count": 5, "multi_count": 0, "single_pct": 100.0, "multi_pct": 0.0, "pattern": "single", "top_cause": "ขับรถเร็วเกินอัตราที่กำหนด", "road_feature": "ทางตรง+ที่ราบ", "crash_pattern": "พลิกคว่ำ/ตกถนนในทางตรง", "road_type": "ทางหลวง", "speed_limit": 90, "road_label": "บางบัวทอง - บางคูวัด", "road_label_source": "record", "road_ref": "ทล.345 กม.0.3-0.6", "medoid_raw": [100.422561, 13.94188], "snap_distance_m": 4.03}}, {"type": "Feature", "geometry": {"type": "Point", "coordinates": [100.44975, 13.902141]}, "properties": {"id": "zone_322", "unit_type": "cluster", "centroid": [13.901702, 100.449817], "radius_m": 147.0, "province": "นนทบุรี", "road": "ถนนราชพฤกษ์ (กม.ที่ 11+000 - 28+000)", "route_code": "นบ.3021", "km_min": 24.55, "km_max": 25.2, "accident_count": 3, "deaths": 0, "serious_injury": 0, "minor_injury": 3, "fatal_crashes": 0, "injured_total": 3, "severity_index": 1.0, "level": "medium", "economic_loss": 174000, "epdo_million": 0.174, "single_count": 0, "multi_count": 3, "single_pct": 0.0, "multi_pct": 100.0, "pattern": "multiple", "top_cause": "อุปกรณ์ยานพาหนะบกพร่อง (ระบุ)", "road_feature": "ทางตรง+ไม่มีความลาดชัน/ที่ราบ", "crash_pattern": "ชนท้าย (ช่องจราจรเดียวกัน)", "road_type": "ทางหลวงชนบท", "speed_limit": 80, "road_label": "ถนนราชพฤกษ์ (กม.ที่ 11+000 - 28+000)", "road_label_source": "record", "road_ref": "ทช.นบ.3021 กม.24.6-25.2", "medoid_raw": [100.449784, 13.902142], "snap_distance_m": 3.67}}, {"type": "Feature", "geometry": {"type": "Point", "coordinates": [100.378141, 13.908484]}, "properties": {"id": "zone_323", "unit_type": "cluster", "centroid": [13.908425, 100.377871], "radius_m": 60.0, "province": "นนทบุรี", "road": "แยกทางหลวงหมายเลข 9 (กม.ที่ 42+500) - บ้านหนองเพรางาย", "route_code": "นบ.1002", "km_min": 3.25, "km_max": 3.31, "accident_count": 4, "deaths": 0, "serious_injury": 2, "minor_injury": 2, "fatal_crashes": 0, "injured_total": 4, "severity_index": 1.0, "level": "medium", "economic_loss": 4116000, "epdo_million": 4.116, "single_count": 0, "multi_count": 4, "single_pct": 0.0, "multi_pct": 100.0, "pattern": "multiple", "top_cause": "ขับรถเร็วเกินอัตรากำหนด", "road_feature": "ทางตรง+ไม่มีความลาดชัน", "crash_pattern": "เฉี่ยวชนรถข้างเคียง (ช่องจราจรคู่ขนานกัน)", "road_type": "ทางหลวงชนบท", "speed_limit": 80, "road_label": "แยกทางหลวงหมายเลข 9 (กม.ที่ 42+500) - บ้านหนองเพรางาย", "road_label_source": "record", "road_ref": "ทช.นบ.1002 กม.3.2-3.3", "medoid_raw": [100.378143, 13.908478], "snap_distance_m": 0.7}}, {"type": "Feature", "geometry": {"type": "Point", "coordinates": [100.40135, 13.932343]}, "properties": {"id": "zone_324", "unit_type": "cluster", "centroid": [13.932394, 100.401243], "radius_m": 160.9, "province": "นนทบุรี", "road": "บางบัวทอง - ไทรน้อย", "route_code": "3215", "km_min": 15.43, "km_max": 15.7, "accident_count": 3, "deaths": 0, "serious_injury": 1, "minor_injury": 0, "fatal_crashes": 0, "injured_total": 1, "severity_index": 0.3333, "level": "low", "economic_loss": 2000000, "epdo_million": 2.0, "single_count": 3, "multi_count": 0, "single_pct": 100.0, "multi_pct": 0.0, "pattern": "single", "top_cause": "เมาสุรา", "road_feature": "ทางตรง+ที่ราบ", "crash_pattern": "พลิกคว่ำ/ตกถนนในทางตรง", "road_type": "ทางหลวง", "speed_limit": 90, "road_label": "บางบัวทอง - ไทรน้อย", "road_label_source": "record", "road_ref": "ทล.3215 กม.15.4-15.7", "medoid_raw": [100.401366, 13.93237], "snap_distance_m": 3.46}}, {"type": "Feature", "geometry": {"type": "Point", "coordinates": [100.378232, 13.947294]}, "properties": {"id": "zone_325", "unit_type": "cluster", "centroid": [13.947287, 100.378186], "radius_m": 51.1, "province": "นนทบุรี", "road": "บางบัวทอง - ไทรน้อย", "route_code": "3215", "km_min": 18.51, "km_max": 18.6, "accident_count": 3, "deaths": 0, "serious_injury": 0, "minor_injury": 1, "fatal_crashes": 0, "injured_total": 1, "severity_index": 0.3333, "level": "low", "economic_loss": 58000, "epdo_million": 0.058, "single_count": 1, "multi_count": 2, "single_pct": 33.3, "multi_pct": 66.7, "pattern": "multiple", "top_cause": "หลับใน", "road_feature": "ทางแยกรูปตัว T+ที่ราบ", "crash_pattern": "ชนในทิศทางตรงกันข้าม (ไม่ใช่การแซง)", "road_type": "ทางหลวง", "speed_limit": 90, "road_label": "บางบัวทอง - ไทรน้อย", "road_label_source": "record", "road_ref": "ทล.3215 กม.18.5-18.6", "medoid_raw": [100.378236, 13.947301], "snap_distance_m": 0.89}}, {"type": "Feature", "geometry": {"type": "Point", "coordinates": [100.407097, 13.903352]}, "properties": {"id": "zone_326", "unit_type": "cluster", "centroid": [13.902924, 100.407008], "radius_m": 150.5, "province": "นนทบุรี", "road": "คลองบางไผ่ - คลองบางหลวง", "route_code": "3901", "km_min": 43.595, "km_max": 44.35, "accident_count": 3, "deaths": 0, "serious_injury": 1, "minor_injury": 2, "fatal_crashes": 0, "injured_total": 3, "severity_index": 1.0, "level": "medium", "economic_loss": 2116000, "epdo_million": 2.116, "single_count": 2, "multi_count": 1, "single_pct": 66.7, "multi_pct": 33.3, "pattern": "single", "top_cause": "ความเมื่อยล้า", "road_feature": "ทางตรง+ไม่มีความลาดชัน", "crash_pattern": "พลิกคว่ำ/ตกถนนในทางตรง", "road_type": "ทางหลวง", "speed_limit": 90, "road_label": "คลองบางไผ่ - คลองบางหลวง", "road_label_source": "record", "road_ref": "ทล.3901 กม.43.6-44.4", "medoid_raw": [100.407063, 13.903348], "snap_distance_m": 3.7}}, {"type": "Feature", "geometry": {"type": "Point", "coordinates": [100.35828, 13.959946]}, "properties": {"id": "zone_327", "unit_type": "cluster", "centroid": [13.959898, 100.358289], "radius_m": 20.0, "province": "นนทบุรี", "road": "บางบัวทอง - ไทรน้อย", "route_code": "3215", "km_min": 21.1, "km_max": 21.135, "accident_count": 4, "deaths": 0, "serious_injury": 0, "minor_injury": 0, "fatal_crashes": 0, "injured_total": 0, "severity_index": 0.0, "level": "low", "economic_loss": 0, "epdo_million": 0.0, "single_count": 4, "multi_count": 0, "single_pct": 100.0, "multi_pct": 0.0, "pattern": "single", "top_cause": "ขับรถเร็วเกินอัตราที่กำหนด", "road_feature": "ทางตรง+ที่ราบ", "crash_pattern": "พลิกคว่ำ/ตกถนนในทางตรง", "road_type": "ทางหลวง", "speed_limit": 90, "road_label": "บางบัวทอง - ไทรน้อย", "road_label_source": "record", "road_ref": "ทล.3215 กม.21.1", "medoid_raw": [100.35826, 13.959916], "snap_distance_m": 3.97}}, {"type": "Feature", "geometry": {"type": "Point", "coordinates": [100.328517, 13.978907]}, "properties": {"id": "zone_328", "unit_type": "cluster", "centroid": [13.978731, 100.328795], "radius_m": 120.1, "province": "นนทบุรี", "road": "บางบัวทอง - ไทรน้อย", "route_code": "3215", "km_min": 24.84, "km_max": 24.97, "accident_count": 3, "deaths": 0, "serious_injury": 0, "minor_injury": 1, "fatal_crashes": 0, "injured_total": 1, "severity_index": 0.3333, "level": "low", "economic_loss": 58000, "epdo_million": 0.058, "single_count": 1, "multi_count": 2, "single_pct": 33.3, "multi_pct": 66.7, "pattern": "multiple", "top_cause": "ความเมื่อยล้า", "road_feature": "ทางตรง+ที่ราบ", "crash_pattern": "พลิกคว่ำ/ตกถนนในทางตรง", "road_type": "ทางหลวง", "speed_limit": 90, "road_label": "บางบัวทอง - ไทรน้อย", "road_label_source": "record", "road_ref": "ทล.3215 กม.24.8-25", "medoid_raw": [100.32851, 13.978911], "snap_distance_m": 0.88}}, {"type": "Feature", "geometry": {"type": "Point", "coordinates": [100.528417, 13.928265]}, "properties": {"id": "zone_329", "unit_type": "cluster", "centroid": [13.928358, 100.528587], "radius_m": 204.2, "province": "นนทบุรี", "road": "แคราย - คลองบ้านใหม่", "route_code": "306", "km_min": 16.91, "km_max": 17.05, "accident_count": 5, "deaths": 0, "serious_injury": 0, "minor_injury": 1, "fatal_crashes": 0, "injured_total": 1, "severity_index": 0.2, "level": "low", "economic_loss": 58000, "epdo_million": 0.058, "single_count": 4, "multi_count": 1, "single_pct": 80.0, "multi_pct": 20.0, "pattern": "single", "top_cause": "ขับรถเร็วเกินอัตราที่กำหนด", "road_feature": "ทางตรง+ที่ราบ", "crash_pattern": "พลิกคว่ำ/ตกถนนในทางตรง", "road_type": "ทางหลวง", "speed_limit": 90, "road_label": "แคราย - คลองบ้านใหม่", "road_label_source": "record", "road_ref": "ทล.306 กม.16.9-17.1", "medoid_raw": [100.528435, 13.928246], "snap_distance_m": 2.87}}, {"type": "Feature", "geometry": {"type": "Point", "coordinates": [100.530211, 13.929773]}, "properties": {"id": "zone_330", "unit_type": "cluster", "centroid": [13.929497, 100.529967], "radius_m": 149.1, "province": "นนทบุรี", "road": "ไม่ระบุ", "route_code": "306", "km_min": 17.0, "km_max": 17.3, "accident_count": 3, "deaths": 1, "serious_injury": 0, "minor_injury": 0, "fatal_crashes": 1, "injured_total": 0, "severity_index": 0.3333, "level": "low", "economic_loss": 6700000, "epdo_million": 6.7, "single_count": 2, "multi_count": 1, "single_pct": 66.7, "multi_pct": 33.3, "pattern": "single", "top_cause": "ขับรถเร็วเกินอัตรากำหนด", "road_feature": "ทางตรง+ไม่มีความลาดชัน", "crash_pattern": "พลิกคว่ำ/ตกถนนในทางตรง", "road_type": "ทางหลวง", "speed_limit": 90, "road_label": "แคราย - คลองบ้านใหม่", "road_label_source": "nearest_road", "road_ref": "ทล.306 กม.17-17.3", "medoid_raw": [100.530243, 13.929737], "snap_distance_m": 5.29}}, {"type": "Feature", "geometry": {"type": "Point", "coordinates": [100.533684, 13.866785]}, "properties": {"id": "zone_331", "unit_type": "cluster", "centroid": [13.866619, 100.533793], "radius_m": 160.2, "province": "นนทบุรี", "road": "แจ้งวัฒนะ-พญาไท", "route_code": "E002S014|I", "km_min": 21.0, "km_max": 21.3, "accident_count": 5, "deaths": 0, "serious_injury": 0, "minor_injury": 0, "fatal_crashes": 0, "injured_total": 0, "severity_index": 0.0, "level": "low", "economic_loss": 0, "epdo_million": 0.0, "single_count": 0, "multi_count": 5, "single_pct": 0.0, "multi_pct": 100.0, "pattern": "multiple", "top_cause": "ไม่ระบุ", "road_feature": "ทางตรง", "crash_pattern": "ชนด้านข้าง", "road_type": "การทางพิเศษ", "speed_limit": 100, "road_label": "แจ้งวัฒนะ-พญาไท", "road_label_source": "record", "road_ref": "ทางพิเศษสายE002S014|I กม.21-21.3", "medoid_raw": [100.53362, 13.866802], "snap_distance_m": 7.16}}, {"type": "Feature", "geometry": {"type": "Point", "coordinates": [100.34945, 13.949494]}, "properties": {"id": "zone_332", "unit_type": "cluster", "centroid": [13.949081, 100.350056], "radius_m": 159.6, "province": "นนทบุรี", "road": "แยกทางหลวงหมายเลข 9 (กม.ที่ 43+490) - อำเภอไทรน้อย", "route_code": "นบ.1013", "km_min": 7.75, "km_max": 7.91, "accident_count": 4, "deaths": 0, "serious_injury": 4, "minor_injury": 0, "fatal_crashes": 0, "injured_total": 4, "severity_index": 1.0, "level": "medium", "economic_loss": 8000000, "epdo_million": 8.0, "single_count": 2, "multi_count": 2, "single_pct": 50.0, "multi_pct": 50.0, "pattern": "mixed", "top_cause": "ขับรถเร็วเกินอัตรากำหนด", "road_feature": "ทางสามแยก(T)", "crash_pattern": "อื่นๆ (ระบุ)", "road_type": "ทางหลวงชนบท", "speed_limit": 80, "road_label": "แยกทางหลวงหมายเลข 9 (กม.ที่ 43+490) - อำเภอไทรน้อย", "road_label_source": "record", "road_ref": "ทช.นบ.1013 กม.7.8-7.9", "medoid_raw": [100.349458, 13.949504], "snap_distance_m": 1.41}}, {"type": "Feature", "geometry": {"type": "Point", "coordinates": [100.41529, 13.874313]}, "properties": {"id": "zone_333", "unit_type": "cluster", "centroid": [13.87441, 100.41584], "radius_m": 265.1, "province": "นนทบุรี", "road": "สะพานพระนั่งเกล้า - ต่างระดับบางใหญ่", "route_code": "302", "km_min": 18.0, "km_max": 18.5, "accident_count": 4, "deaths": 1, "serious_injury": 0, "minor_injury": 1, "fatal_crashes": 1, "injured_total": 1, "severity_index": 0.5, "level": "low", "economic_loss": 6758000, "epdo_million": 6.758, "single_count": 2, "multi_count": 2, "single_pct": 50.0, "multi_pct": 50.0, "pattern": "mixed", "top_cause": "เมาสุรา", "road_feature": "ทางตรง+ที่ราบ", "crash_pattern": "พลิกคว่ำ/ตกถนนในทางโค้ง", "road_type": "ทางหลวง", "speed_limit": 90, "road_label": "สะพานพระนั่งเกล้า - ต่างระดับบางใหญ่", "road_label_source": "record", "road_ref": "ทล.302 กม.18-18.5", "medoid_raw": [100.415284, 13.874386], "snap_distance_m": 8.14}}, {"type": "Feature", "geometry": {"type": "Point", "coordinates": [100.543231, 13.90114]}, "properties": {"id": "zone_334", "unit_type": "cluster", "centroid": [13.900837, 100.543092], "radius_m": 114.7, "province": "นนทบุรี", "road": "บางปะอิน-แจ้งวัฒนะ", "route_code": "E005S012|I", "km_min": 0.6, "km_max": 0.8, "accident_count": 3, "deaths": 0, "serious_injury": 0, "minor_injury": 1, "fatal_crashes": 0, "injured_total": 1, "severity_index": 0.3333, "level": "low", "economic_loss": 58000, "epdo_million": 0.058, "single_count": 0, "multi_count": 3, "single_pct": 0.0, "multi_pct": 100.0, "pattern": "multiple", "top_cause": "เบรคกระทันหัน", "road_feature": "ทางแยกต่างระดับ/Ramps", "crash_pattern": "ชนท้าย", "road_type": "การทางพิเศษ", "speed_limit": 100, "road_label": "บางปะอิน-แจ้งวัฒนะ", "road_label_source": "record", "road_ref": "ทางพิเศษสายE005S012|I กม.0.6-0.8", "medoid_raw": [100.543283, 13.901127], "snap_distance_m": 5.8}}, {"type": "Feature", "geometry": {"type": "Point", "coordinates": [100.533053, 13.858304]}, "properties": {"id": "zone_335", "unit_type": "cluster", "centroid": [13.858607, 100.533044], "radius_m": 100.2, "province": "นนทบุรี", "road": "แจ้งวัฒนะ-พญาไท", "route_code": "E002S014|U", "km_min": 20.0, "km_max": 20.1, "accident_count": 3, "deaths": 0, "serious_injury": 0, "minor_injury": 4, "fatal_crashes": 0, "injured_total": 4, "severity_index": 1.3333, "level": "medium", "economic_loss": 232000, "epdo_million": 0.232, "single_count": 0, "multi_count": 3, "single_pct": 0.0, "multi_pct": 100.0, "pattern": "multiple", "top_cause": "ไม่ระบุ", "road_feature": "ทางสามแยก (Y)", "crash_pattern": "พลิกคว่ำ/ตกถนนในทางตรง", "road_type": "การทางพิเศษ", "speed_limit": 100, "road_label": "แจ้งวัฒนะ-พญาไท", "road_label_source": "record", "road_ref": "ทางพิเศษสายE002S014|U กม.20-20.1", "medoid_raw": [100.533048, 13.858307], "snap_distance_m": 0.63}}, {"type": "Feature", "geometry": {"type": "Point", "coordinates": [100.515828, 13.859711]}, "properties": {"id": "zone_336", "unit_type": "cluster", "centroid": [13.859712, 100.516599], "radius_m": 241.5, "province": "นนทบุรี", "road": "แยกพงษ์เพชร - สะพานพระนั่งเกล้า", "route_code": "302", "km_min": 6.725, "km_max": 7.0, "accident_count": 5, "deaths": 0, "serious_injury": 0, "minor_injury": 0, "fatal_crashes": 0, "injured_total": 0, "severity_index": 0.0, "level": "low", "economic_loss": 0, "epdo_million": 0.0, "single_count": 5, "multi_count": 0, "single_pct": 100.0, "multi_pct": 0.0, "pattern": "single", "top_cause": "ขับรถเร็วเกินอัตรากำหนด", "road_feature": "ทางตรง+ไม่มีความลาดชัน", "crash_pattern": "พลิกคว่ำ/ตกถนนในทางตรง", "road_type": "ทางหลวง", "speed_limit": 90, "road_label": "แยกพงษ์เพชร - สะพานพระนั่งเกล้า", "road_label_source": "record", "road_ref": "ทล.302 กม.6.7-7", "medoid_raw": [100.515844, 13.859811], "snap_distance_m": 11.25}}, {"type": "Feature", "geometry": {"type": "Point", "coordinates": [100.513426, 13.860081]}, "properties": {"id": "zone_337", "unit_type": "cluster", "centroid": [13.8601, 100.513424], "radius_m": 38.4, "province": "นนทบุรี", "road": "แยกพงษ์เพชร - สะพานพระนั่งเกล้า", "route_code": "302", "km_min": 7.22, "km_max": 7.3, "accident_count": 3, "deaths": 0, "serious_injury": 0, "minor_injury": 0, "fatal_crashes": 0, "injured_total": 0, "severity_index": 0.0, "level": "low", "economic_loss": 0, "epdo_million": 0.0, "single_count": 3, "multi_count": 0, "single_pct": 100.0, "multi_pct": 0.0, "pattern": "single", "top_cause": "ขับรถเร็วเกินอัตรากำหนด", "road_feature": "ทางตรง+ไม่มีความลาดชัน", "crash_pattern": "พลิกคว่ำ/ตกถนนในทางตรง", "road_type": "ทางหลวง", "speed_limit": 90, "road_label": "แยกพงษ์เพชร - สะพานพระนั่งเกล้า", "road_label_source": "record", "road_ref": "ทล.302 กม.7.2-7.3", "medoid_raw": [100.513433, 13.86013], "snap_distance_m": 5.5}}, {"type": "Feature", "geometry": {"type": "Point", "coordinates": [100.410009, 13.872241]}, "properties": {"id": "zone_338", "unit_type": "cluster", "centroid": [13.872417, 100.410022], "radius_m": 174.7, "province": "นนทบุรี", "road": "คลองมหาสวัสดิ์ - คลองบางไผ่", "route_code": "3901", "km_min": 40.9, "km_max": 41.503, "accident_count": 3, "deaths": 0, "serious_injury": 0, "minor_injury": 1, "fatal_crashes": 0, "injured_total": 1, "severity_index": 0.3333, "level": "low", "economic_loss": 58000, "epdo_million": 0.058, "single_count": 3, "multi_count": 0, "single_pct": 100.0, "multi_pct": 0.0, "pattern": "single", "top_cause": "ไม่คุ้นเคยกับการขับขี่ด้านซ้าย เช่น กรณีชาวต่างชาติ", "road_feature": "ทางตรง+ที่ราบ", "crash_pattern": "พลิกคว่ำ/ตกถนนในทางตรง", "road_type": "ทางหลวง", "speed_limit": 90, "road_label": "คลองมหาสวัสดิ์ - คลองบางไผ่", "road_label_source": "record", "road_ref": "ทล.3901 กม.40.9-41.5", "medoid_raw": [100.409972, 13.872238], "snap_distance_m": 4.01}}, {"type": "Feature", "geometry": {"type": "Point", "coordinates": [100.408038, 13.893211]}, "properties": {"id": "zone_339", "unit_type": "cluster", "centroid": [13.893458, 100.408176], "radius_m": 165.0, "province": "นนทบุรี", "road": "คลองบางไผ่ - คลองบางหลวง", "route_code": "9", "km_min": 43.6, "km_max": 43.9, "accident_count": 5, "deaths": 0, "serious_injury": 0, "minor_injury": 1, "fatal_crashes": 0, "injured_total": 1, "severity_index": 0.2, "level": "low", "economic_loss": 58000, "epdo_million": 0.058, "single_count": 4, "multi_count": 1, "single_pct": 80.0, "multi_pct": 20.0, "pattern": "single", "top_cause": "ขับรถเร็วเกินอัตรากำหนด", "road_feature": "ทางตรง+ไม่มีความลาดชัน", "crash_pattern": "พลิกคว่ำ/ตกถนนในทางตรง", "road_type": "ทางหลวง", "speed_limit": 90, "road_label": "คลองบางไผ่ - คลองบางหลวง", "road_label_source": "record", "road_ref": "ทล.9 กม.43.6-43.9", "medoid_raw": [100.408131, 13.893219], "snap_distance_m": 10.08}}, {"type": "Feature", "geometry": {"type": "Point", "coordinates": [100.410456, 13.867163]}, "properties": {"id": "zone_340", "unit_type": "cluster", "centroid": [13.867452, 100.410445], "radius_m": 163.8, "province": "นนทบุรี", "road": "คลองมหาสวัสดิ์ - คลองบางไผ่", "route_code": "3902", "km_min": 40.3, "km_max": 40.9, "accident_count": 4, "deaths": 0, "serious_injury": 1, "minor_injury": 2, "fatal_crashes": 0, "injured_total": 3, "severity_index": 0.75, "level": "low", "economic_loss": 2116000, "epdo_million": 2.116, "single_count": 4, "multi_count": 0, "single_pct": 100.0, "multi_pct": 0.0, "pattern": "single", "top_cause": "แสงสว่างไม่เพียงพอหรือทัศนวิสัยกลางคืนไม่ดี", "road_feature": "ทางตรง+ที่ราบ", "crash_pattern": "พลิกคว่ำ/ตกถนนในทางตรง", "road_type": "ทางหลวง", "speed_limit": 90, "road_label": "คลองมหาสวัสดิ์ - คลองบางไผ่", "road_label_source": "record", "road_ref": "ทล.3902 กม.40.3-40.9", "medoid_raw": [100.410398, 13.867147], "snap_distance_m": 6.51}}, {"type": "Feature", "geometry": {"type": "Point", "coordinates": [100.43544, 13.875959]}, "properties": {"id": "zone_341", "unit_type": "cluster", "centroid": [13.875865, 100.434833], "radius_m": 198.4, "province": "นนทบุรี", "road": "สะพานพระนั่งเกล้า - ต่างระดับบางใหญ่", "route_code": "302", "km_min": 16.1, "km_max": 16.3, "accident_count": 3, "deaths": 2, "serious_injury": 0, "minor_injury": 0, "fatal_crashes": 2, "injured_total": 0, "severity_index": 0.6667, "level": "low", "economic_loss": 13400000, "epdo_million": 13.4, "single_count": 1, "multi_count": 2, "single_pct": 33.3, "multi_pct": 66.7, "pattern": "multiple", "top_cause": "ขับรถเร็วเกินอัตราที่กำหนด", "road_feature": "ทางตรง+ที่ราบ", "crash_pattern": "ชนท้าย", "road_type": "ทางหลวง", "speed_limit": 90, "road_label": "สะพานพระนั่งเกล้า - ต่างระดับบางใหญ่", "road_label_source": "record", "road_ref": "ทล.302 กม.16.1-16.3", "medoid_raw": [100.435444, 13.875909], "snap_distance_m": 5.58}}, {"type": "Feature", "geometry": {"type": "Point", "coordinates": [100.544976, 13.94622]}, "properties": {"id": "zone_342", "unit_type": "cluster", "centroid": [13.946305, 100.545059], "radius_m": 66.0, "province": "นนทบุรี", "road": "แคราย - คลองบ้านใหม่", "route_code": "306", "km_min": 19.76, "km_max": 19.86, "accident_count": 4, "deaths": 0, "serious_injury": 1, "minor_injury": 0, "fatal_crashes": 0, "injured_total": 1, "severity_index": 0.25, "level": "low", "economic_loss": 2000000, "epdo_million": 2.0, "single_count": 2, "multi_count": 2, "single_pct": 50.0, "multi_pct": 50.0, "pattern": "mixed", "top_cause": "ขับรถเร็วเกินอัตรากำหนด", "road_feature": "ทางตรง+ไม่มีความลาดชัน", "crash_pattern": "พลิกคว่ำ/ตกถนนในทางตรง", "road_type": "ทางหลวง", "speed_limit": 90, "road_label": "แคราย - คลองบ้านใหม่", "road_label_source": "record", "road_ref": "ทล.306 กม.19.8-19.9", "medoid_raw": [100.544976, 13.946219], "snap_distance_m": 0.11}}, {"type": "Feature", "geometry": {"type": "Point", "coordinates": [100.41532, 13.924384]}, "properties": {"id": "zone_343", "unit_type": "cluster", "centroid": [13.924389, 100.415248], "radius_m": 23.9, "province": "นนทบุรี", "road": "บางบัวทอง - ไทรน้อย", "route_code": "3215", "km_min": 13.709, "km_max": 13.8, "accident_count": 3, "deaths": 0, "serious_injury": 0, "minor_injury": 2, "fatal_crashes": 0, "injured_total": 2, "severity_index": 0.6667, "level": "low", "economic_loss": 116000, "epdo_million": 0.116, "single_count": 0, "multi_count": 3, "single_pct": 0.0, "multi_pct": 100.0, "pattern": "multiple", "top_cause": "ขับรถเร็วเกินอัตรากำหนด", "road_feature": "ทางยกระดับ+ที่ราบ", "crash_pattern": "ชนท้าย", "road_type": "ทางหลวง", "speed_limit": 90, "road_label": "บางบัวทอง - ไทรน้อย", "road_label_source": "record", "road_ref": "ทล.3215 กม.13.7-13.8", "medoid_raw": [100.415322, 13.924388], "snap_distance_m": 0.49}}, {"type": "Feature", "geometry": {"type": "Point", "coordinates": [100.366936, 13.954379]}, "properties": {"id": "zone_344", "unit_type": "cluster", "centroid": [13.95433, 100.366943], "radius_m": 11.1, "province": "นนทบุรี", "road": "ไม่ระบุ", "route_code": "3215", "km_min": 20.0, "km_max": 20.0, "accident_count": 3, "deaths": 0, "serious_injury": 0, "minor_injury": 0, "fatal_crashes": 0, "injured_total": 0, "severity_index": 0.0, "level": "low", "economic_loss": 0, "epdo_million": 0.0, "single_count": 1, "multi_count": 2, "single_pct": 33.3, "multi_pct": 66.7, "pattern": "multiple", "top_cause": "ขับรถเร็วเกินอัตรากำหนด", "road_feature": "ทางตรง+ไม่มีความลาดชัน", "crash_pattern": "ชนในทิศทางตรงกันข้าม (ไม่ใช่การแซง)", "road_type": "ทางหลวง", "speed_limit": 90, "road_label": "บางบัวทอง - ไทรน้อย", "road_label_source": "nearest_road", "road_ref": "ทล.3215 กม.20", "medoid_raw": [100.366912, 13.954343], "snap_distance_m": 4.77}}, {"type": "Feature", "geometry": {"type": "Point", "coordinates": [100.536514, 13.878207]}, "properties": {"id": "zone_345", "unit_type": "cluster", "centroid": [13.878, 100.536464], "radius_m": 100.2, "province": "นนทบุรี", "road": "แจ้งวัฒนะ-พญาไท", "route_code": "E002S014|U", "km_min": 22.2, "km_max": 22.4, "accident_count": 6, "deaths": 0, "serious_injury": 0, "minor_injury": 0, "fatal_crashes": 0, "injured_total": 0, "severity_index": 0.0, "level": "low", "economic_loss": 0, "epdo_million": 0.0, "single_count": 4, "multi_count": 2, "single_pct": 66.7, "multi_pct": 33.3, "pattern": "single", "top_cause": "ไม่ระบุ", "road_feature": "ทางโค้งกว้าง", "crash_pattern": "ชนสิ่งกีดขวาง (บนผิวจราจร)", "road_type": "การทางพิเศษ", "speed_limit": 100, "road_label": "แจ้งวัฒนะ-พญาไท", "road_label_source": "record", "road_ref": "ทางพิเศษสายE002S014|U กม.22.2-22.4", "medoid_raw": [100.53647, 13.878219], "snap_distance_m": 4.93}}, {"type": "Feature", "geometry": {"type": "Point", "coordinates": [100.537621, 13.88166]}, "properties": {"id": "zone_346", "unit_type": "cluster", "centroid": [13.881582, 100.537688], "radius_m": 259.9, "province": "นนทบุรี", "road": "แจ้งวัฒนะ-พญาไท", "route_code": "E002S014|I", "km_min": 22.5, "km_max": 23.1, "accident_count": 5, "deaths": 0, "serious_injury": 0, "minor_injury": 1, "fatal_crashes": 0, "injured_total": 1, "severity_index": 0.2, "level": "low", "economic_loss": 58000, "epdo_million": 0.058, "single_count": 2, "multi_count": 3, "single_pct": 40.0, "multi_pct": 60.0, "pattern": "multiple", "top_cause": "ไม่ระบุ", "road_feature": "ทางตรง", "crash_pattern": "ชนท้าย", "road_type": "การทางพิเศษ", "speed_limit": 100, "road_label": "แจ้งวัฒนะ-พญาไท", "road_label_source": "record", "road_ref": "ทางพิเศษสายE002S014|I กม.22.5-23.1", "medoid_raw": [100.537527, 13.881693], "snap_distance_m": 10.79}}, {"type": "Feature", "geometry": {"type": "Point", "coordinates": [100.415105, 13.930276]}, "properties": {"id": "zone_347", "unit_type": "cluster", "centroid": [13.92994, 100.414751], "radius_m": 158.1, "province": "นนทบุรี", "road": "ไม่ระบุ", "route_code": "9", "km_min": 46.53, "km_max": 48.2, "accident_count": 3, "deaths": 0, "serious_injury": 0, "minor_injury": 1, "fatal_crashes": 0, "injured_total": 1, "severity_index": 0.3333, "level": "low", "economic_loss": 58000, "epdo_million": 0.058, "single_count": 1, "multi_count": 2, "single_pct": 33.3, "multi_pct": 66.7, "pattern": "multiple", "top_cause": "ขับรถเร็วเกินอัตรากำหนด", "road_feature": "ทางตรง+ไม่มีความลาดชัน", "crash_pattern": "ชนท้าย", "road_type": "ทางหลวง", "speed_limit": 90, "road_label": "คลองบางไผ่ - คลองบางหลวง", "road_label_source": "nearest_road", "road_ref": "ทล.9 กม.46.5-48.2", "medoid_raw": [100.415053, 13.930283], "snap_distance_m": 5.67}}, {"type": "Feature", "geometry": {"type": "Point", "coordinates": [100.513722, 13.916021]}, "properties": {"id": "zone_348", "unit_type": "cluster", "centroid": [13.916081, 100.513841], "radius_m": 158.1, "province": "นนทบุรี", "road": "ไม่ระบุ", "route_code": "306", "km_min": 14.54, "km_max": 14.99, "accident_count": 3, "deaths": 0, "serious_injury": 0, "minor_injury": 1, "fatal_crashes": 0, "injured_total": 1, "severity_index": 0.3333, "level": "low", "economic_loss": 58000, "epdo_million": 0.058, "single_count": 3, "multi_count": 0, "single_pct": 100.0, "multi_pct": 0.0, "pattern": "single", "top_cause": "ขับรถเร็วเกินอัตรากำหนด", "road_feature": "ทางตรง+ไม่มีความลาดชัน", "crash_pattern": "พลิกคว่ำ/ตกถนนในทางตรง", "road_type": "ทางหลวง", "speed_limit": 90, "road_label": "แคราย - คลองบ้านใหม่", "road_label_source": "nearest_road", "road_ref": "ทล.306 กม.14.5-15", "medoid_raw": [100.513751, 13.915989], "snap_distance_m": 4.74}}, {"type": "Feature", "geometry": {"type": "Point", "coordinates": [100.533336, 13.850975]}, "properties": {"id": "zone_349", "unit_type": "cluster", "centroid": [13.850975, 100.533383], "radius_m": 101.2, "province": "นนทบุรี", "road": "แจ้งวัฒนะ-พญาไท", "route_code": "E002S014|I", "km_min": 19.3, "km_max": 19.5, "accident_count": 4, "deaths": 0, "serious_injury": 0, "minor_injury": 2, "fatal_crashes": 0, "injured_total": 2, "severity_index": 0.5, "level": "low", "economic_loss": 116000, "epdo_million": 0.116, "single_count": 0, "multi_count": 4, "single_pct": 0.0, "multi_pct": 100.0, "pattern": "multiple", "top_cause": "ไม่ระบุ", "road_feature": "ทางตรง", "crash_pattern": "ชนท้าย", "road_type": "การทางพิเศษ", "speed_limit": 100, "road_label": "แจ้งวัฒนะ-พญาไท", "road_label_source": "record", "road_ref": "ทางพิเศษสายE002S014|I กม.19.3-19.5", "medoid_raw": [100.533382, 13.850975], "snap_distance_m": 4.97}}, {"type": "Feature", "geometry": {"type": "Point", "coordinates": [100.54057, 13.891161]}, "properties": {"id": "zone_350", "unit_type": "cluster", "centroid": [13.891211, 100.540666], "radius_m": 179.9, "province": "นนทบุรี", "road": "แจ้งวัฒนะ-พญาไท", "route_code": "E002S014|U", "km_min": 23.8, "km_max": 24.1, "accident_count": 4, "deaths": 0, "serious_injury": 0, "minor_injury": 0, "fatal_crashes": 0, "injured_total": 0, "severity_index": 0.0, "level": "low", "economic_loss": 0, "epdo_million": 0.0, "single_count": 0, "multi_count": 4, "single_pct": 0.0, "multi_pct": 100.0, "pattern": "multiple", "top_cause": "ไม่ระบุ", "road_feature": "ทางตรง", "crash_pattern": "ชนท้าย", "road_type": "การทางพิเศษ", "speed_limit": 100, "road_label": "แจ้งวัฒนะ-พญาไท", "road_label_source": "record", "road_ref": "ทางพิเศษสายE002S014|U กม.23.8-24.1", "medoid_raw": [100.540503, 13.891177], "snap_distance_m": 7.45}}, {"type": "Feature", "geometry": {"type": "Point", "coordinates": [100.541422, 13.894975]}, "properties": {"id": "zone_351", "unit_type": "cluster", "centroid": [13.89526, 100.541628], "radius_m": 111.5, "province": "นนทบุรี", "road": "บางปะอิน-แจ้งวัฒนะ", "route_code": "E005S012|U", "km_min": 0.2, "km_max": 1.0, "accident_count": 3, "deaths": 0, "serious_injury": 0, "minor_injury": 0, "fatal_crashes": 0, "injured_total": 0, "severity_index": 0.0, "level": "low", "economic_loss": 0, "epdo_million": 0.0, "single_count": 3, "multi_count": 0, "single_pct": 100.0, "multi_pct": 0.0, "pattern": "single", "top_cause": "ไม่ระบุ", "road_feature": "ทางตรง", "crash_pattern": "อื่นๆ", "road_type": "การทางพิเศษ", "speed_limit": 100, "road_label": "บางปะอิน-แจ้งวัฒนะ", "road_label_source": "record", "road_ref": "ทางพิเศษสายE005S012|U กม.0.2-1", "medoid_raw": [100.541471, 13.894963], "snap_distance_m": 5.45}}, {"type": "Feature", "geometry": {"type": "Point", "coordinates": [100.545235, 13.916368]}, "properties": {"id": "zone_352", "unit_type": "cluster", "centroid": [13.916361, 100.545317], "radius_m": 35.2, "province": "นนทบุรี", "road": "บางปะอิน-แจ้งวัฒนะ", "route_code": "E005S012|U", "km_min": 2.4, "km_max": 2.5, "accident_count": 3, "deaths": 0, "serious_injury": 0, "minor_injury": 0, "fatal_crashes": 0, "injured_total": 0, "severity_index": 0.0, "level": "low", "economic_loss": 0, "epdo_million": 0.0, "single_count": 3, "multi_count": 0, "single_pct": 100.0, "multi_pct": 0.0, "pattern": "single", "top_cause": "ไม่ระบุ", "road_feature": "ทางตรง", "crash_pattern": "ชนสิ่งกีดขวาง (บนผิวจราจร)", "road_type": "การทางพิเศษ", "speed_limit": 100, "road_label": "บางปะอิน-แจ้งวัฒนะ", "road_label_source": "record", "road_ref": "ทางพิเศษสายE005S012|U กม.2.4-2.5", "medoid_raw": [100.545213, 13.916372], "snap_distance_m": 2.42}}, {"type": "Feature", "geometry": {"type": "Point", "coordinates": [100.552218, 13.925857]}, "properties": {"id": "zone_353", "unit_type": "cluster", "centroid": [13.926002, 100.552339], "radius_m": 106.4, "province": "นนทบุรี", "road": "บางปะอิน-แจ้งวัฒนะ", "route_code": "E005S012|I", "km_min": 3.8, "km_max": 3.9, "accident_count": 5, "deaths": 0, "serious_injury": 0, "minor_injury": 4, "fatal_crashes": 0, "injured_total": 4, "severity_index": 0.8, "level": "low", "economic_loss": 232000, "epdo_million": 0.232, "single_count": 1, "multi_count": 4, "single_pct": 20.0, "multi_pct": 80.0, "pattern": "multiple", "top_cause": "ไม่ระบุ", "road_feature": "ทางตรง", "crash_pattern": "ชนด้านข้าง", "road_type": "การทางพิเศษ", "speed_limit": 100, "road_label": "บางปะอิน-แจ้งวัฒนะ", "road_label_source": "record", "road_ref": "ทางพิเศษสายE005S012|I กม.3.8-3.9", "medoid_raw": [100.55224, 13.925836], "snap_distance_m": 3.33}}, {"type": "Feature", "geometry": {"type": "Point", "coordinates": [100.411167, 13.80754]}, "properties": {"id": "zone_354", "unit_type": "cluster", "centroid": [13.807569, 100.411176], "radius_m": 126.2, "province": "นนทบุรี", "road": "คลองมหาสวัสดิ์ - คลองบางไผ่", "route_code": "9", "km_min": 33.7, "km_max": 33.82, "accident_count": 3, "deaths": 0, "serious_injury": 0, "minor_injury": 0, "fatal_crashes": 0, "injured_total": 0, "severity_index": 0.0, "level": "low", "economic_loss": 0, "epdo_million": 0.0, "single_count": 2, "multi_count": 1, "single_pct": 66.7, "multi_pct": 33.3, "pattern": "single", "top_cause": "ขับรถเร็วเกินอัตรากำหนด", "road_feature": "ทางตรง+ไม่มีความลาดชัน", "crash_pattern": "พลิกคว่ำ/ตกถนนในทางตรง", "road_type": "ทางหลวง", "speed_limit": 90, "road_label": "คลองมหาสวัสดิ์ - คลองบางไผ่", "road_label_source": "record", "road_ref": "ทล.9 กม.33.7-33.8", "medoid_raw": [100.411221, 13.807536], "snap_distance_m": 5.85}}, {"type": "Feature", "geometry": {"type": "Point", "coordinates": [100.450269, 13.891706]}, "properties": {"id": "zone_355", "unit_type": "cluster", "centroid": [13.891467, 100.450252], "radius_m": 185.1, "province": "นนทบุรี", "road": "ถนนราชพฤกษ์ (กม.ที่ 11+000 - 28+000)", "route_code": "นบ.3021", "km_min": 21.78, "km_max": 24.45, "accident_count": 3, "deaths": 1, "serious_injury": 1, "minor_injury": 1, "fatal_crashes": 1, "injured_total": 2, "severity_index": 1.0, "level": "medium", "economic_loss": 8758000, "epdo_million": 8.758, "single_count": 2, "multi_count": 1, "single_pct": 66.7, "multi_pct": 33.3, "pattern": "single", "top_cause": "โรคประจำตัว", "road_feature": "ทางตรง+ไม่มีความลาดชัน", "crash_pattern": "ไม่ระบุ", "road_type": "ทางหลวงชนบท", "speed_limit": 80, "road_label": "ถนนราชพฤกษ์ (กม.ที่ 11+000 - 28+000)", "road_label_source": "record", "road_ref": "ทช.นบ.3021 กม.21.8-24.4", "medoid_raw": [100.450313, 13.891707], "snap_distance_m": 4.75}}, {"type": "Feature", "geometry": {"type": "Point", "coordinates": [100.071757, 14.043627]}, "properties": {"id": "zone_356", "unit_type": "cluster", "centroid": [14.043705, 100.071803], "radius_m": 10.3, "province": "นครปฐม", "road": "ลำลูกบัว - หนองกระทุ่ม", "route_code": "346", "km_min": 64.7, "km_max": 64.738, "accident_count": 3, "deaths": 0, "serious_injury": 0, "minor_injury": 1, "fatal_crashes": 0, "injured_total": 1, "severity_index": 0.3333, "level": "low", "economic_loss": 58000, "epdo_million": 0.058, "single_count": 3, "multi_count": 0, "single_pct": 100.0, "multi_pct": 0.0, "pattern": "single", "top_cause": "หลับใน", "road_feature": "ทางตรง+ไม่มีความลาดชัน", "crash_pattern": "พลิกคว่ำ/ตกถนนในทางตรง", "road_type": "ทางหลวง", "speed_limit": 90, "road_label": "ลำลูกบัว - หนองกระทุ่ม", "road_label_source": "record", "road_ref": "ทล.346 กม.64.7", "medoid_raw": [100.07177, 14.043677], "snap_distance_m": 5.73}}, {"type": "Feature", "geometry": {"type": "Point", "coordinates": [100.245829, 13.733986]}, "properties": {"id": "zone_357", "unit_type": "cluster", "centroid": [13.733982, 100.245824], "radius_m": 0.0, "province": "นครปฐม", "road": "อ้อมใหญ่ - นครชัยศรี", "route_code": "4", "km_min": 31.98, "km_max": 31.98, "accident_count": 3, "deaths": 0, "serious_injury": 1, "minor_injury": 2, "fatal_crashes": 0, "injured_total": 3, "severity_index": 1.0, "level": "medium", "economic_loss": 2116000, "epdo_million": 2.116, "single_count": 2, "multi_count": 1, "single_pct": 66.7, "multi_pct": 33.3, "pattern": "single", "top_cause": "ขับรถเร็วเกินอัตราที่กำหนด", "road_feature": "ทางตรง+ที่ราบ", "crash_pattern": "พลิกคว่ำ/ตกถนนในทางตรง", "road_type": "ทางหลวง", "speed_limit": 90, "road_label": "อ้อมใหญ่ - นครชัยศรี", "road_label_source": "record", "road_ref": "ทล.4 กม.32", "medoid_raw": [100.245824, 13.733982], "snap_distance_m": 0.7}}, {"type": "Feature", "geometry": {"type": "Point", "coordinates": [100.265179, 13.78544]}, "properties": {"id": "zone_358", "unit_type": "cluster", "centroid": [13.785331, 100.26535], "radius_m": 340.1, "province": "นครปฐม", "road": "พุทธมณฑลสาย4 - นครชัยศรี", "route_code": "338", "km_min": 22.075, "km_max": 23.2, "accident_count": 9, "deaths": 0, "serious_injury": 0, "minor_injury": 5, "fatal_crashes": 0, "injured_total": 5, "severity_index": 0.5556, "level": "low", "economic_loss": 290000, "epdo_million": 0.29, "single_count": 2, "multi_count": 7, "single_pct": 22.2, "multi_pct": 77.8, "pattern": "multiple", "top_cause": "ขับรถเร็วเกินอัตราที่กำหนด", "road_feature": "ทางตรง+ที่ราบ", "crash_pattern": "ชนท้าย", "road_type": "ทางหลวง", "speed_limit": 90, "road_label": "พุทธมณฑลสาย4 - นครชัยศรี", "road_label_source": "record", "road_ref": "ทล.338 กม.22.1-23.2", "medoid_raw": [100.26518, 13.7854], "snap_distance_m": 4.45}}, {"type": "Feature", "geometry": {"type": "Point", "coordinates": [100.270324, 13.78562]}, "properties": {"id": "zone_359", "unit_type": "cluster", "centroid": [13.785559, 100.270287], "radius_m": 10.7, "province": "นครปฐม", "road": "พุทธมณฑลสาย4 - นครชัยศรี", "route_code": "338", "km_min": 21.75, "km_max": 21.81, "accident_count": 4, "deaths": 0, "serious_injury": 0, "minor_injury": 0, "fatal_crashes": 0, "injured_total": 0, "severity_index": 0.0, "level": "low", "economic_loss": 0, "epdo_million": 0.0, "single_count": 2, "multi_count": 2, "single_pct": 50.0, "multi_pct": 50.0, "pattern": "mixed", "top_cause": "ไม่คุ้นเคยกับการขับขี่ด้านซ้าย เช่น กรณีชาวต่างชาติ", "road_feature": "ทางตรง+ที่ราบ", "crash_pattern": "พลิกคว่ำ/ตกถนนในทางตรง", "road_type": "ทางหลวง", "speed_limit": 90, "road_label": "พุทธมณฑลสาย4 - นครชัยศรี", "road_label_source": "record", "road_ref": "ทล.338 กม.21.8", "medoid_raw": [100.270326, 13.785574], "snap_distance_m": 5.12}}, {"type": "Feature", "geometry": {"type": "Point", "coordinates": [100.275331, 13.785656]}, "properties": {"id": "zone_360", "unit_type": "cluster", "centroid": [13.785678, 100.275531], "radius_m": 128.3, "province": "นครปฐม", "road": "พุทธมณฑลสาย4 - นครชัยศรี", "route_code": "338", "km_min": 21.275, "km_max": 21.7, "accident_count": 3, "deaths": 0, "serious_injury": 0, "minor_injury": 0, "fatal_crashes": 0, "injured_total": 0, "severity_index": 0.0, "level": "low", "economic_loss": 0, "epdo_million": 0.0, "single_count": 1, "multi_count": 2, "single_pct": 33.3, "multi_pct": 66.7, "pattern": "multiple", "top_cause": "ขับรถเร็วเกินอัตราที่กำหนด", "road_feature": "ทางตรง+ที่ราบ", "crash_pattern": "ชนท้าย", "road_type": "ทางหลวง", "speed_limit": 90, "road_label": "พุทธมณฑลสาย4 - นครชัยศรี", "road_label_source": "record", "road_ref": "ทล.338 กม.21.3-21.7", "medoid_raw": [100.275331, 13.785647], "snap_distance_m": 1.0}}, {"type": "Feature", "geometry": {"type": "Point", "coordinates": [100.071251, 13.953228]}, "properties": {"id": "zone_361", "unit_type": "cluster", "centroid": [13.953357, 100.071454], "radius_m": 105.2, "province": "นครปฐม", "road": "นครปฐม - ดอนตูม", "route_code": "375", "km_min": 58.0, "km_max": 58.135, "accident_count": 5, "deaths": 0, "serious_injury": 0, "minor_injury": 0, "fatal_crashes": 0, "injured_total": 0, "severity_index": 0.0, "level": "low", "economic_loss": 0, "epdo_million": 0.0, "single_count": 5, "multi_count": 0, "single_pct": 100.0, "multi_pct": 0.0, "pattern": "single", "top_cause": "ขับรถเร็วเกินอัตราที่กำหนด", "road_feature": "ทางตรง+ที่ราบ", "crash_pattern": "พลิกคว่ำ/ตกถนนในทางตรง", "road_type": "ทางหลวง", "speed_limit": 90, "road_label": "นครปฐม - ดอนตูม", "road_label_source": "record", "road_ref": "ทล.375 กม.58-58.1", "medoid_raw": [100.071211, 13.953268], "snap_distance_m": 6.2}}, {"type": "Feature", "geometry": {"type": "Point", "coordinates": [100.071588, 13.811623]}, "properties": {"id": "zone_362", "unit_type": "cluster", "centroid": [13.811597, 100.071912], "radius_m": 169.3, "province": "นครปฐม", "road": "พระประโทน - สระกระเทียม", "route_code": "4", "km_min": 54.9, "km_max": 55.13, "accident_count": 5, "deaths": 0, "serious_injury": 0, "minor_injury": 1, "fatal_crashes": 0, "injured_total": 1, "severity_index": 0.2, "level": "low", "economic_loss": 58000, "epdo_million": 0.058, "single_count": 4, "multi_count": 1, "single_pct": 80.0, "multi_pct": 20.0, "pattern": "single", "top_cause": "ถนนลื่น (เนื่องจากสภาพอากาศ)", "road_feature": "ทางตรง+ที่ราบ", "crash_pattern": "พลิกคว่ำ/ตกถนนในทางตรง", "road_type": "ทางหลวง", "speed_limit": 90, "road_label": "พระประโทน - สระกระเทียม", "road_label_source": "record", "road_ref": "ทล.4 กม.54.9-55.1", "medoid_raw": [100.071593, 13.811599], "snap_distance_m": 2.72}}, {"type": "Feature", "geometry": {"type": "Point", "coordinates": [100.084994, 13.964983]}, "properties": {"id": "zone_363", "unit_type": "cluster", "centroid": [13.965309, 100.08562], "radius_m": 243.7, "province": "นครปฐม", "road": "ดอนตูม - ลำลูกบัว", "route_code": "375", "km_min": 60.0, "km_max": 60.4, "accident_count": 5, "deaths": 0, "serious_injury": 0, "minor_injury": 0, "fatal_crashes": 0, "injured_total": 0, "severity_index": 0.0, "level": "low", "economic_loss": 0, "epdo_million": 0.0, "single_count": 3, "multi_count": 2, "single_pct": 60.0, "multi_pct": 40.0, "pattern": "single", "top_cause": "ขับรถเร็วเกินอัตราที่กำหนด", "road_feature": "ทางตรง+ไม่มีความลาดชัน", "crash_pattern": "ชนท้าย", "road_type": "ทางหลวง", "speed_limit": 90, "road_label": "ดอนตูม - ลำลูกบัว", "road_label_source": "record", "road_ref": "ทล.375 กม.60-60.4", "medoid_raw": [100.084978, 13.965009], "snap_distance_m": 3.37}}, {"type": "Feature", "geometry": {"type": "Point", "coordinates": [99.992888, 13.80097]}, "properties": {"id": "zone_364", "unit_type": "cluster", "centroid": [13.800862, 99.992884], "radius_m": 10.9, "province": "นครปฐม", "road": "พระประโทน - สระกระเทียม", "route_code": "4", "km_min": 63.6, "km_max": 63.608, "accident_count": 3, "deaths": 0, "serious_injury": 0, "minor_injury": 5, "fatal_crashes": 0, "injured_total": 5, "severity_index": 1.6667, "level": "medium", "economic_loss": 290000, "epdo_million": 0.29, "single_count": 2, "multi_count": 1, "single_pct": 66.7, "multi_pct": 33.3, "pattern": "single", "top_cause": "ขับรถเร็วเกินอัตราที่กำหนด", "road_feature": "ทางตรง+ที่ราบ", "crash_pattern": "พลิกคว่ำ/ตกถนนในทางตรง", "road_type": "ทางหลวง", "speed_limit": 90, "road_label": "พระประโทน - สระกระเทียม", "road_label_source": "record", "road_ref": "ทล.4 กม.63.6", "medoid_raw": [99.992914, 13.800876], "snap_distance_m": 10.82}}, {"type": "Feature", "geometry": {"type": "Point", "coordinates": [100.060195, 13.765588]}, "properties": {"id": "zone_365", "unit_type": "cluster", "centroid": [13.766009, 100.060105], "radius_m": 140.2, "province": "นครปฐม", "road": "ถนนศูนย์ราชการ", "route_code": "นฐ.5022", "km_min": 1.4, "km_max": 1.55, "accident_count": 3, "deaths": 2, "serious_injury": 0, "minor_injury": 1, "fatal_crashes": 2, "injured_total": 1, "severity_index": 1.0, "level": "medium", "economic_loss": 13458000, "epdo_million": 13.458, "single_count": 3, "multi_count": 0, "single_pct": 100.0, "multi_pct": 0.0, "pattern": "single", "top_cause": "ขับรถเร็วเกินอัตรากำหนด", "road_feature": "ทางโค้งกว้าง+ไม่มีความลาดชัน/ที่ราบ", "crash_pattern": "เสียหลัก ตกถนนโค้งซ้าย", "road_type": "ทางหลวงชนบท", "speed_limit": 80, "road_label": "ถนนศูนย์ราชการ", "road_label_source": "record", "road_ref": "ทช.นฐ.5022 กม.1.4-1.6", "medoid_raw": [100.060211, 13.765602], "snap_distance_m": 2.33}}, {"type": "Feature", "geometry": {"type": "Point", "coordinates": [100.108432, 13.974261]}, "properties": {"id": "zone_366", "unit_type": "cluster", "centroid": [13.97426, 100.108398], "radius_m": 49.0, "province": "นครปฐม", "road": "ดอนตูม - บางเลน", "route_code": "3296", "km_min": 1.55, "km_max": 1.64, "accident_count": 3, "deaths": 0, "serious_injury": 0, "minor_injury": 6, "fatal_crashes": 0, "injured_total": 6, "severity_index": 2.0, "level": "high", "economic_loss": 348000, "epdo_million": 0.348, "single_count": 2, "multi_count": 1, "single_pct": 66.7, "multi_pct": 33.3, "pattern": "single", "top_cause": "ขับรถเร็วเกินอัตรากำหนด", "road_feature": "ทางตรง+ไม่มีความลาดชัน", "crash_pattern": "พลิกคว่ำ/ตกถนนในทางโค้ง", "road_type": "ทางหลวง", "speed_limit": 90, "road_label": "ดอนตูม - บางเลน", "road_label_source": "record", "road_ref": "ทล.3296 กม.1.6", "medoid_raw": [100.108453, 13.974209], "snap_distance_m": 6.21}}, {"type": "Feature", "geometry": {"type": "Point", "coordinates": [100.248668, 14.160725]}, "properties": {"id": "zone_367", "unit_type": "cluster", "centroid": [14.160692, 100.248669], "radius_m": 0.0, "province": "นครปฐม", "road": "ลาดบัวหลวง - สองพี่น้อง", "route_code": "3422", "km_min": 4.6, "km_max": 4.6, "accident_count": 3, "deaths": 0, "serious_injury": 0, "minor_injury": 0, "fatal_crashes": 0, "injured_total": 0, "severity_index": 0.0, "level": "low", "economic_loss": 0, "epdo_million": 0.0, "single_count": 2, "multi_count": 1, "single_pct": 66.7, "multi_pct": 33.3, "pattern": "single", "top_cause": "ขับรถเร็วเกินอัตรากำหนด", "road_feature": "ไม่ระบุ", "crash_pattern": "พลิกคว่ำ/ตกถนนในทางตรง", "road_type": "ทางหลวง", "speed_limit": 90, "road_label": "ลาดบัวหลวง - สองพี่น้อง", "road_label_source": "record", "road_ref": "ทล.3422 กม.4.6", "medoid_raw": [100.248669, 14.160692], "snap_distance_m": 3.67}}, {"type": "Feature", "geometry": {"type": "Point", "coordinates": [100.142326, 13.808745]}, "properties": {"id": "zone_368", "unit_type": "cluster", "centroid": [13.808792, 100.141923], "radius_m": 164.3, "province": "นครปฐม", "road": "นครชัยศรี - พระประโทน", "route_code": "4", "km_min": 47.2, "km_max": 47.485, "accident_count": 3, "deaths": 1, "serious_injury": 0, "minor_injury": 1, "fatal_crashes": 1, "injured_total": 1, "severity_index": 0.6667, "level": "low", "economic_loss": 6758000, "epdo_million": 6.758, "single_count": 2, "multi_count": 1, "single_pct": 66.7, "multi_pct": 33.3, "pattern": "single", "top_cause": "ขับรถเร็วเกินอัตราที่กำหนด", "road_feature": "ทางตรง+ที่ราบ", "crash_pattern": "พลิกคว่ำ/ตกถนนในทางตรง", "road_type": "ทางหลวง", "speed_limit": 90, "road_label": "นครชัยศรี - พระประโทน", "road_label_source": "record", "road_ref": "ทล.4 กม.47.2-47.5", "medoid_raw": [100.142246, 13.808767], "snap_distance_m": 8.98}}, {"type": "Feature", "geometry": {"type": "Point", "coordinates": [99.963587, 13.79654]}, "properties": {"id": "zone_369", "unit_type": "cluster", "centroid": [13.796573, 99.963063], "radius_m": 195.5, "province": "นครปฐม", "road": "พระประโทน - สระกระเทียม", "route_code": "4", "km_min": 66.77, "km_max": 67.04, "accident_count": 3, "deaths": 0, "serious_injury": 0, "minor_injury": 2, "fatal_crashes": 0, "injured_total": 2, "severity_index": 0.6667, "level": "low", "economic_loss": 116000, "epdo_million": 0.116, "single_count": 3, "multi_count": 0, "single_pct": 100.0, "multi_pct": 0.0, "pattern": "single", "top_cause": "ยางรถยนต์ชำรุด", "road_feature": "ทางตรง+ที่ราบ", "crash_pattern": "พลิกคว่ำ/ตกถนนในทางตรง", "road_type": "ทางหลวง", "speed_limit": 90, "road_label": "พระประโทน - สระกระเทียม", "road_label_source": "record", "road_ref": "ทล.4 กม.66.8-67", "medoid_raw": [99.963582, 13.796615], "snap_distance_m": 8.36}}, {"type": "Feature", "geometry": {"type": "Point", "coordinates": [100.234855, 13.780473]}, "properties": {"id": "zone_370", "unit_type": "cluster", "centroid": [13.780408, 100.234953], "radius_m": 24.7, "province": "นครปฐม", "road": "ไม่ระบุ", "route_code": "338", "km_min": 28.332, "km_max": 28.4, "accident_count": 4, "deaths": 0, "serious_injury": 0, "minor_injury": 3, "fatal_crashes": 0, "injured_total": 3, "severity_index": 0.75, "level": "low", "economic_loss": 174000, "epdo_million": 0.174, "single_count": 0, "multi_count": 4, "single_pct": 0.0, "multi_pct": 100.0, "pattern": "multiple", "top_cause": "คน/รถ/สัตว์ตัดหน้ากระชั้นชิด", "road_feature": "ทางตรง+ไม่มีความลาดชัน", "crash_pattern": "ชนท้าย", "road_type": "ทางหลวง", "speed_limit": 90, "road_label": "พุทธมณฑลสาย4 - นครชัยศรี", "road_label_source": "nearest_road", "road_ref": "ทล.338 กม.28.3-28.4", "medoid_raw": [100.234868, 13.780425], "snap_distance_m": 5.52}}, {"type": "Feature", "geometry": {"type": "Point", "coordinates": [100.240751, 13.781927]}, "properties": {"id": "zone_371", "unit_type": "cluster", "centroid": [13.781993, 100.240941], "radius_m": 134.7, "province": "นครปฐม", "road": "ไม่ระบุ", "route_code": "338", "km_min": 25.5, "km_max": 27.85, "accident_count": 4, "deaths": 0, "serious_injury": 1, "minor_injury": 3, "fatal_crashes": 0, "injured_total": 4, "severity_index": 1.0, "level": "medium", "economic_loss": 2174000, "epdo_million": 2.174, "single_count": 3, "multi_count": 1, "single_pct": 75.0, "multi_pct": 25.0, "pattern": "single", "top_cause": "เมาสุรา", "road_feature": "ทางตรง+ไม่มีความลาดชัน", "crash_pattern": "ชนสิ่งกีดขวาง (บนผิวจราจร)", "road_type": "ทางหลวง", "speed_limit": 90, "road_label": "พุทธมณฑลสาย4 - นครชัยศรี", "road_label_source": "nearest_road", "road_ref": "ทล.338 กม.25.5-27.9", "medoid_raw": [100.240742, 13.78196], "snap_distance_m": 3.8}}, {"type": "Feature", "geometry": {"type": "Point", "coordinates": [99.988322, 14.083048]}, "properties": {"id": "zone_372", "unit_type": "cluster", "centroid": [14.082971, 99.988414], "radius_m": 185.1, "province": "นครปฐม", "road": "กำแพงแสน - ทุ่งคอก", "route_code": "321", "km_min": 34.247, "km_max": 34.586, "accident_count": 3, "deaths": 2, "serious_injury": 2, "minor_injury": 2, "fatal_crashes": 2, "injured_total": 4, "severity_index": 2.0, "level": "high", "economic_loss": 17516000, "epdo_million": 17.516, "single_count": 0, "multi_count": 3, "single_pct": 0.0, "multi_pct": 100.0, "pattern": "multiple", "top_cause": "คน/รถ/สัตว์ตัดหน้ากระชั้นชิด", "road_feature": "ทางตรง+ไม่มีความลาดชัน", "crash_pattern": "ชนท้าย", "road_type": "ทางหลวง", "speed_limit": 90, "road_label": "กำแพงแสน - ทุ่งคอก", "road_label_source": "record", "road_ref": "ทล.321 กม.34.2-34.6", "medoid_raw": [99.988409, 14.083053], "snap_distance_m": 9.4}}, {"type": "Feature", "geometry": {"type": "Point", "coordinates": [100.078517, 13.959501]}, "properties": {"id": "zone_373", "unit_type": "cluster", "centroid": [13.959917, 100.078557], "radius_m": 132.2, "province": "นครปฐม", "road": "ไม่ระบุ", "route_code": "375", "km_min": 8.22, "km_max": 59.08, "accident_count": 3, "deaths": 0, "serious_injury": 0, "minor_injury": 0, "fatal_crashes": 0, "injured_total": 0, "severity_index": 0.0, "level": "low", "economic_loss": 0, "epdo_million": 0.0, "single_count": 3, "multi_count": 0, "single_pct": 100.0, "multi_pct": 0.0, "pattern": "single", "top_cause": "ขับรถเร็วเกินอัตรากำหนด", "road_feature": "ทางตรง+ไม่มีความลาดชัน", "crash_pattern": "พลิกคว่ำ/ตกถนนในทางตรง", "road_type": "ทางหลวง", "speed_limit": 90, "road_label": "ดอนตูม - ลำลูกบัว", "road_label_source": "nearest_road", "road_ref": "ทล.375 กม.8.2-59.1", "medoid_raw": [100.078493, 13.959526], "snap_distance_m": 3.8}}, {"type": "Feature", "geometry": {"type": "Point", "coordinates": [100.065967, 13.923491]}, "properties": {"id": "zone_374", "unit_type": "cluster", "centroid": [13.923435, 100.066019], "radius_m": 48.8, "province": "นครปฐม", "road": "ไม่ระบุ", "route_code": "375", "km_min": 54.652, "km_max": 54.732, "accident_count": 3, "deaths": 1, "serious_injury": 0, "minor_injury": 2, "fatal_crashes": 1, "injured_total": 2, "severity_index": 1.0, "level": "medium", "economic_loss": 6816000, "epdo_million": 6.816, "single_count": 3, "multi_count": 0, "single_pct": 100.0, "multi_pct": 0.0, "pattern": "single", "top_cause": "ขับรถเร็วเกินอัตรากำหนด", "road_feature": "ทางตรง+ไม่มีความลาดชัน", "crash_pattern": "พลิกคว่ำ/ตกถนนในทางตรง", "road_type": "ทางหลวง", "speed_limit": 90, "road_label": "นครปฐม - ดอนตูม", "road_label_source": "nearest_road", "road_ref": "ทล.375 กม.54.7", "medoid_raw": [100.066026, 13.923483], "snap_distance_m": 6.43}}, {"type": "Feature", "geometry": {"type": "Point", "coordinates": [100.176511, 13.780384]}, "properties": {"id": "zone_375", "unit_type": "cluster", "centroid": [13.780165, 100.176517], "radius_m": 117.6, "province": "นครปฐม", "road": "นครชัยศรี - พระประโทน", "route_code": "4", "km_min": 41.78, "km_max": 41.95, "accident_count": 3, "deaths": 3, "serious_injury": 3, "minor_injury": 9, "fatal_crashes": 1, "injured_total": 12, "severity_index": 4.3333, "level": "high", "economic_loss": 26622000, "epdo_million": 26.622, "single_count": 0, "multi_count": 3, "single_pct": 0.0, "multi_pct": 100.0, "pattern": "multiple", "top_cause": "ขับรถเร็วเกินอัตรากำหนด", "road_feature": "ทางตรง+ไม่มีความลาดชัน", "crash_pattern": "ชนในทิศทางตรงกันข้าม (ไม่ใช่การแซง)", "road_type": "ทางหลวง", "speed_limit": 90, "road_label": "นครชัยศรี - พระประโทน", "road_label_source": "record", "road_ref": "ทล.4 กม.41.8-42", "medoid_raw": [100.176457, 13.780357], "snap_distance_m": 6.56}}, {"type": "Feature", "geometry": {"type": "Point", "coordinates": [100.328004, 13.776416]}, "properties": {"id": "zone_376", "unit_type": "cluster", "centroid": [13.776279, 100.328112], "radius_m": 49.6, "province": "นครปฐม", "road": "ไม่ระบุ", "route_code": "3310", "km_min": 7.95, "km_max": 8.0, "accident_count": 3, "deaths": 1, "serious_injury": 0, "minor_injury": 2, "fatal_crashes": 1, "injured_total": 2, "severity_index": 1.0, "level": "medium", "economic_loss": 6816000, "epdo_million": 6.816, "single_count": 2, "multi_count": 1, "single_pct": 66.7, "multi_pct": 33.3, "pattern": "single", "top_cause": "ขับรถเร็วเกินอัตรากำหนด", "road_feature": "ไม่ระบุ", "crash_pattern": "พลิกคว่ำ/ตกถนนในทางตรง", "road_type": "ทางหลวง", "speed_limit": 90, "road_label": "กระทุ่มล้ม - พุทธมณฑล", "road_label_source": "nearest_road", "road_ref": "ทล.3310 กม.8", "medoid_raw": [100.328077, 13.776418], "snap_distance_m": 7.89}}, {"type": "Feature", "geometry": {"type": "Point", "coordinates": [100.271079, 13.709261]}, "properties": {"id": "zone_377", "unit_type": "cluster", "centroid": [13.709281, 100.270938], "radius_m": 95.0, "province": "นครปฐม", "road": "ไม่ระบุ", "route_code": "4", "km_min": 28.039, "km_max": 28.135, "accident_count": 4, "deaths": 0, "serious_injury": 0, "minor_injury": 1, "fatal_crashes": 0, "injured_total": 1, "severity_index": 0.25, "level": "low", "economic_loss": 58000, "epdo_million": 0.058, "single_count": 4, "multi_count": 0, "single_pct": 100.0, "multi_pct": 0.0, "pattern": "single", "top_cause": "ขับรถเร็วเกินอัตรากำหนด", "road_feature": "ทางตรง+ไม่มีความลาดชัน", "crash_pattern": "พลิกคว่ำ/ตกถนนในทางตรง", "road_type": "ทางหลวง", "speed_limit": 90, "road_label": "อ้อมใหญ่ - นครชัยศรี", "road_label_source": "nearest_road", "road_ref": "ทล.4 กม.28-28.1", "medoid_raw": [100.271152, 13.70926], "snap_distance_m": 7.89}}, {"type": "Feature", "geometry": {"type": "Point", "coordinates": [99.974352, 13.798429]}, "properties": {"id": "zone_378", "unit_type": "cluster", "centroid": [13.798305, 99.974108], "radius_m": 194.0, "province": "นครปฐม", "road": "พระประโทน - สระกระเทียม", "route_code": "4", "km_min": 65.5, "km_max": 65.8, "accident_count": 3, "deaths": 3, "serious_injury": 2, "minor_injury": 8, "fatal_crashes": 1, "injured_total": 10, "severity_index": 3.6667, "level": "high", "economic_loss": 24564000, "epdo_million": 24.564, "single_count": 1, "multi_count": 2, "single_pct": 33.3, "multi_pct": 66.7, "pattern": "multiple", "top_cause": "ขับรถเร็วเกินอัตราที่กำหนด", "road_feature": "ทางตรง+ไม่มีความลาดชัน", "crash_pattern": "ชนท้าย", "road_type": "ทางหลวง", "speed_limit": 90, "road_label": "พระประโทน - สระกระเทียม", "road_label_source": "record", "road_ref": "ทล.4 กม.65.5-65.8", "medoid_raw": [99.974363, 13.79837], "snap_distance_m": 6.67}}, {"type": "Feature", "geometry": {"type": "Point", "coordinates": [100.02861, 13.804057]}, "properties": {"id": "zone_379", "unit_type": "cluster", "centroid": [13.804107, 100.028277], "radius_m": 176.0, "province": "นครปฐม", "road": "พระประโทน - สระกระเทียม", "route_code": "4", "km_min": 59.75, "km_max": 60.0, "accident_count": 3, "deaths": 0, "serious_injury": 0, "minor_injury": 1, "fatal_crashes": 0, "injured_total": 1, "severity_index": 0.3333, "level": "low", "economic_loss": 58000, "epdo_million": 0.058, "single_count": 1, "multi_count": 2, "single_pct": 33.3, "multi_pct": 66.7, "pattern": "multiple", "top_cause": "ขับรถเร็วเกินอัตรากำหนด", "road_feature": "ทางตรง+ไม่มีความลาดชัน", "crash_pattern": "ชนท้าย", "road_type": "ทางหลวง", "speed_limit": 90, "road_label": "พระประโทน - สระกระเทียม", "road_label_source": "record", "road_ref": "ทล.4 กม.59.8-60", "medoid_raw": [100.028606, 13.804119], "snap_distance_m": 6.91}}, {"type": "Feature", "geometry": {"type": "Point", "coordinates": [100.615643, 13.988484]}, "properties": {"id": "zone_380", "unit_type": "cluster", "centroid": [13.988726, 100.615565], "radius_m": 100.9, "province": "ปทุมธานี", "road": "สนามกีฬาธูปะเตมีย์ - ต่างระดับคลองหลวง", "route_code": "1", "km_min": 32.0, "km_max": 32.1, "accident_count": 3, "deaths": 1, "serious_injury": 0, "minor_injury": 14, "fatal_crashes": 1, "injured_total": 14, "severity_index": 5.0, "level": "high", "economic_loss": 7512000, "epdo_million": 7.512, "single_count": 1, "multi_count": 2, "single_pct": 33.3, "multi_pct": 66.7, "pattern": "multiple", "top_cause": "ขับรถเร็วเกินอัตราที่กำหนด", "road_feature": "ทางตรง+ที่ราบ", "crash_pattern": "ชนท้าย", "road_type": "ทางหลวง", "speed_limit": 90, "road_label": "สนามกีฬาธูปะเตมีย์ - ต่างระดับคลองหลวง", "road_label_source": "record", "road_ref": "ทล.1 กม.32-32.1", "medoid_raw": [100.615609, 13.988478], "snap_distance_m": 3.73}}, {"type": "Feature", "geometry": {"type": "Point", "coordinates": [100.703647, 14.010102]}, "properties": {"id": "zone_381", "unit_type": "cluster", "centroid": [14.010261, 100.704028], "radius_m": 1786.8, "province": "ปทุมธานี", "road": "บางปะอิน - แขวงรามอินทรา", "route_code": "9", "km_min": 20.0, "km_max": 23.5, "accident_count": 103, "deaths": 2, "serious_injury": 0, "minor_injury": 46, "fatal_crashes": 2, "injured_total": 46, "severity_index": 0.466, "level": "low", "economic_loss": 16068000, "epdo_million": 16.068, "single_count": 53, "multi_count": 50, "single_pct": 51.5, "multi_pct": 48.5, "pattern": "mixed", "top_cause": "ขับรถเร็วเกินอัตรากำหนด", "road_feature": "ทางตรง+ไม่มีความลาดชัน", "crash_pattern": "ชนท้าย", "road_type": "ทางหลวง", "speed_limit": 90, "road_label": "บางปะอิน - แขวงรามอินทรา", "road_label_source": "record", "road_ref": "ทล.9 กม.20-23.5", "medoid_raw": [100.703627, 14.010094], "snap_distance_m": 2.33}}, {"type": "Feature", "geometry": {"type": "Point", "coordinates": [100.712032, 13.991729]}, "properties": {"id": "zone_382", "unit_type": "cluster", "centroid": [13.992071, 100.711949], "radius_m": 279.0, "province": "ปทุมธานี", "road": "บางปะอิน - แขวงรามอินทรา", "route_code": "9", "km_min": 24.1, "km_max": 24.9, "accident_count": 10, "deaths": 0, "serious_injury": 0, "minor_injury": 3, "fatal_crashes": 0, "injured_total": 3, "severity_index": 0.3, "level": "low", "economic_loss": 174000, "epdo_million": 0.174, "single_count": 1, "multi_count": 9, "single_pct": 10.0, "multi_pct": 90.0, "pattern": "multiple", "top_cause": "ขับรถเร็วเกินอัตรากำหนด", "road_feature": "ทางตรง+ไม่มีความลาดชัน", "crash_pattern": "ชนท้าย", "road_type": "ทางหลวง", "speed_limit": 90, "road_label": "บางปะอิน - แขวงรามอินทรา", "road_label_source": "record", "road_ref": "ทล.9 กม.24.1-24.9", "medoid_raw": [100.71202, 13.991724], "snap_distance_m": 1.41}}, {"type": "Feature", "geometry": {"type": "Point", "coordinates": [100.710026, 13.996773]}, "properties": {"id": "zone_383", "unit_type": "cluster", "centroid": [13.996554, 100.710092], "radius_m": 92.1, "province": "ปทุมธานี", "road": "บางปะอิน - แขวงรามอินทรา", "route_code": "9", "km_min": 23.7, "km_max": 23.8, "accident_count": 6, "deaths": 0, "serious_injury": 0, "minor_injury": 1, "fatal_crashes": 0, "injured_total": 1, "severity_index": 0.1667, "level": "low", "economic_loss": 58000, "epdo_million": 0.058, "single_count": 0, "multi_count": 6, "single_pct": 0.0, "multi_pct": 100.0, "pattern": "multiple", "top_cause": "ขับรถเร็วเกินอัตรากำหนด", "road_feature": "ทางตรง+ไม่มีความลาดชัน", "crash_pattern": "ชนท้าย", "road_type": "ทางหลวง", "speed_limit": 90, "road_label": "บางปะอิน - แขวงรามอินทรา", "road_label_source": "record", "road_ref": "ทล.9 กม.23.7-23.8", "medoid_raw": [100.71005, 13.996783], "snap_distance_m": 2.82}}, {"type": "Feature", "geometry": {"type": "Point", "coordinates": [100.712943, 13.989185]}, "properties": {"id": "zone_384", "unit_type": "cluster", "centroid": [13.988917, 100.713015], "radius_m": 203.6, "province": "ปทุมธานี", "road": "ไม่ระบุ", "route_code": "9", "km_min": 24.4, "km_max": 24.8, "accident_count": 4, "deaths": 0, "serious_injury": 0, "minor_injury": 1, "fatal_crashes": 0, "injured_total": 1, "severity_index": 0.25, "level": "low", "economic_loss": 58000, "epdo_million": 0.058, "single_count": 2, "multi_count": 2, "single_pct": 50.0, "multi_pct": 50.0, "pattern": "mixed", "top_cause": "ขับรถเร็วเกินอัตราที่กำหนด", "road_feature": "ทางตรง+ที่ราบ", "crash_pattern": "ชนท้าย", "road_type": "ทางหลวง", "speed_limit": 90, "road_label": "บางปะอิน - แขวงรามอินทรา", "road_label_source": "nearest_road", "road_ref": "ทล.9 กม.24.4-24.8", "medoid_raw": [100.712937, 13.989184], "snap_distance_m": 0.66}}, {"type": "Feature", "geometry": {"type": "Point", "coordinates": [100.704614, 14.008447]}, "properties": {"id": "zone_385", "unit_type": "cluster", "centroid": [14.008386, 100.704572], "radius_m": 1011.1, "province": "ปทุมธานี", "road": "ไม่ระบุ", "route_code": "9", "km_min": 9.25, "km_max": 23.1, "accident_count": 35, "deaths": 1, "serious_injury": 1, "minor_injury": 12, "fatal_crashes": 1, "injured_total": 13, "severity_index": 0.4, "level": "low", "economic_loss": 9396000, "epdo_million": 9.396, "single_count": 17, "multi_count": 18, "single_pct": 48.6, "multi_pct": 51.4, "pattern": "mixed", "top_cause": "ขับรถเร็วเกินอัตรากำหนด", "road_feature": "ทางตรง+ไม่มีความลาดชัน", "crash_pattern": "ชนท้าย", "road_type": "ทางหลวง", "speed_limit": 90, "road_label": "บางปะอิน - แขวงรามอินทรา", "road_label_source": "nearest_road", "road_ref": "ทล.9 กม.9.2-23.1", "medoid_raw": [100.704613, 14.008447], "snap_distance_m": 0.11}}, {"type": "Feature", "geometry": {"type": "Point", "coordinates": [100.711641, 13.992569]}, "properties": {"id": "zone_386", "unit_type": "cluster", "centroid": [13.992817, 100.71149], "radius_m": 95.7, "province": "ปทุมธานี", "road": "ไม่ระบุ", "route_code": "9", "km_min": 24.1, "km_max": 24.2, "accident_count": 3, "deaths": 0, "serious_injury": 0, "minor_injury": 3, "fatal_crashes": 0, "injured_total": 3, "severity_index": 1.0, "level": "medium", "economic_loss": 174000, "epdo_million": 0.174, "single_count": 0, "multi_count": 3, "single_pct": 0.0, "multi_pct": 100.0, "pattern": "multiple", "top_cause": "ขับรถเร็วเกินอัตรากำหนด", "road_feature": "ทางตรง+ไม่มีความลาดชัน", "crash_pattern": "ชนท้าย", "road_type": "ทางหลวง", "speed_limit": 90, "road_label": "บางปะอิน - แขวงรามอินทรา", "road_label_source": "nearest_road", "road_ref": "ทล.9 กม.24.1-24.2", "medoid_raw": [100.711602, 13.992553], "snap_distance_m": 4.57}}, {"type": "Feature", "geometry": {"type": "Point", "coordinates": [100.70908, 13.998384]}, "properties": {"id": "zone_387", "unit_type": "cluster", "centroid": [13.998933, 100.708825], "radius_m": 195.5, "province": "ปทุมธานี", "road": "ไม่ระบุ", "route_code": "9", "km_min": 23.3, "km_max": 23.5, "accident_count": 3, "deaths": 0, "serious_injury": 0, "minor_injury": 0, "fatal_crashes": 0, "injured_total": 0, "severity_index": 0.0, "level": "low", "economic_loss": 0, "epdo_million": 0.0, "single_count": 2, "multi_count": 1, "single_pct": 66.7, "multi_pct": 33.3, "pattern": "single", "top_cause": "ขับรถเร็วเกินอัตรากำหนด", "road_feature": "ทางตรง+ไม่มีความลาดชัน", "crash_pattern": "พลิกคว่ำ/ตกถนนในทางตรง", "road_type": "ทางหลวง", "speed_limit": 90, "road_label": "บางปะอิน - แขวงรามอินทรา", "road_label_source": "nearest_road", "road_ref": "ทล.9 กม.23.3-23.5", "medoid_raw": [100.709094, 13.99839], "snap_distance_m": 1.65}}, {"type": "Feature", "geometry": {"type": "Point", "coordinates": [100.698125, 14.025324]}, "properties": {"id": "zone_388", "unit_type": "cluster", "centroid": [14.025026, 100.698296], "radius_m": 106.3, "province": "ปทุมธานี", "road": "ไม่ระบุ", "route_code": "9", "km_min": 20.3, "km_max": 20.4, "accident_count": 3, "deaths": 1, "serious_injury": 0, "minor_injury": 3, "fatal_crashes": 1, "injured_total": 3, "severity_index": 1.3333, "level": "medium", "economic_loss": 6874000, "epdo_million": 6.874, "single_count": 1, "multi_count": 2, "single_pct": 33.3, "multi_pct": 66.7, "pattern": "multiple", "top_cause": "ขับรถเร็วเกินอัตรากำหนด", "road_feature": "ทางตรง+ไม่มีความลาดชัน", "crash_pattern": "ชนสิ่งกีดขวาง (บนผิวจราจร)", "road_type": "ทางหลวง", "speed_limit": 90, "road_label": "บางปะอิน - แขวงรามอินทรา", "road_label_source": "nearest_road", "road_ref": "ทล.9 กม.20.3-20.4", "medoid_raw": [100.698215, 14.02533], "snap_distance_m": 9.73}}, {"type": "Feature", "geometry": {"type": "Point", "coordinates": [100.79416, 14.042508]}, "properties": {"id": "zone_389", "unit_type": "cluster", "centroid": [14.042432, 100.794067], "radius_m": 49.1, "province": "ปทุมธานี", "road": "วัดนาบุญ - คลอง14", "route_code": "305", "km_min": 19.6, "km_max": 19.651, "accident_count": 4, "deaths": 0, "serious_injury": 0, "minor_injury": 4, "fatal_crashes": 0, "injured_total": 4, "severity_index": 1.0, "level": "medium", "economic_loss": 232000, "epdo_million": 0.232, "single_count": 2, "multi_count": 2, "single_pct": 50.0, "multi_pct": 50.0, "pattern": "mixed", "top_cause": "ขับรถเร็วเกินอัตรากำหนด", "road_feature": "ทางตรง+ไม่มีความลาดชัน", "crash_pattern": "ชนท้าย", "road_type": "ทางหลวง", "speed_limit": 90, "road_label": "วัดนาบุญ - คลอง14", "road_label_source": "record", "road_ref": "ทล.305 กม.19.6-19.7", "medoid_raw": [100.794174, 14.042469], "snap_distance_m": 4.59}}, {"type": "Feature", "geometry": {"type": "Point", "coordinates": [100.746521, 13.958375]}, "properties": {"id": "zone_390", "unit_type": "cluster", "centroid": [13.957951, 100.746495], "radius_m": 94.1, "province": "ปทุมธานี", "road": "แยกทางหลวงหมายเลข 305 (กม.ที่ 15+700) - บ้านลำลูกกา", "route_code": "ปท.3004", "km_min": 7.51, "km_max": 7.6, "accident_count": 4, "deaths": 4, "serious_injury": 0, "minor_injury": 2, "fatal_crashes": 4, "injured_total": 2, "severity_index": 1.5, "level": "medium", "economic_loss": 26916000, "epdo_million": 26.916, "single_count": 0, "multi_count": 4, "single_pct": 0.0, "multi_pct": 100.0, "pattern": "multiple", "top_cause": "ขับรถเร็วเกินอัตรากำหนด", "road_feature": "ทางตรง+ไม่มีความลาดชัน", "crash_pattern": "ชนรถที่จอดบนถนน", "road_type": "ทางหลวงชนบท", "speed_limit": 80, "road_label": "แยกทางหลวงหมายเลข 305 (กม.ที่ 15+700) - บ้านลำลูกกา", "road_label_source": "record", "road_ref": "ทช.ปท.3004 กม.7.5-7.6", "medoid_raw": [100.746485, 13.958374], "snap_distance_m": 3.89}}, {"type": "Feature", "geometry": {"type": "Point", "coordinates": [100.697008, 14.062071]}, "properties": {"id": "zone_391", "unit_type": "cluster", "centroid": [14.062094, 100.697035], "radius_m": 1151.4, "province": "ปทุมธานี", "road": "บางปะอิน - แขวงรามอินทรา", "route_code": "9", "km_min": 15.3, "km_max": 17.4, "accident_count": 81, "deaths": 0, "serious_injury": 13, "minor_injury": 28, "fatal_crashes": 0, "injured_total": 41, "severity_index": 0.5062, "level": "low", "economic_loss": 27624000, "epdo_million": 27.624, "single_count": 20, "multi_count": 61, "single_pct": 24.7, "multi_pct": 75.3, "pattern": "multiple", "top_cause": "ขับรถเร็วเกินอัตรากำหนด", "road_feature": "ทางตรง+ไม่มีความลาดชัน", "crash_pattern": "ชนท้าย", "road_type": "ทางหลวง", "speed_limit": 90, "road_label": "บางปะอิน - แขวงรามอินทรา", "road_label_source": "record", "road_ref": "ทล.9 กม.15.3-17.4", "medoid_raw": [100.697, 14.06207], "snap_distance_m": 0.87}}, {"type": "Feature", "geometry": {"type": "Point", "coordinates": [100.695671, 14.075344]}, "properties": {"id": "zone_392", "unit_type": "cluster", "centroid": [14.075336, 100.695693], "radius_m": 306.9, "province": "ปทุมธานี", "road": "บางปะอิน - แขวงรามอินทรา", "route_code": "9", "km_min": 14.5, "km_max": 15.1, "accident_count": 7, "deaths": 0, "serious_injury": 0, "minor_injury": 6, "fatal_crashes": 0, "injured_total": 6, "severity_index": 0.8571, "level": "low", "economic_loss": 348000, "epdo_million": 0.348, "single_count": 1, "multi_count": 6, "single_pct": 14.3, "multi_pct": 85.7, "pattern": "multiple", "top_cause": "ขับรถเร็วเกินอัตรากำหนด", "road_feature": "ทางตรง+ไม่มีความลาดชัน", "crash_pattern": "ชนท้าย", "road_type": "ทางหลวง", "speed_limit": 90, "road_label": "บางปะอิน - แขวงรามอินทรา", "road_label_source": "record", "road_ref": "ทล.9 กม.14.5-15.1", "medoid_raw": [100.695655, 14.075342], "snap_distance_m": 1.74}}, {"type": "Feature", "geometry": {"type": "Point", "coordinates": [100.696676, 14.065366]}, "properties": {"id": "zone_393", "unit_type": "cluster", "centroid": [14.065439, 100.696708], "radius_m": 809.0, "province": "ปทุมธานี", "road": "ไม่ระบุ", "route_code": "9", "km_min": 14.9, "km_max": 16.4, "accident_count": 31, "deaths": 0, "serious_injury": 0, "minor_injury": 16, "fatal_crashes": 0, "injured_total": 16, "severity_index": 0.5161, "level": "low", "economic_loss": 928000, "epdo_million": 0.928, "single_count": 7, "multi_count": 24, "single_pct": 22.6, "multi_pct": 77.4, "pattern": "multiple", "top_cause": "ขับรถเร็วเกินอัตรากำหนด", "road_feature": "ทางตรง+ไม่มีความลาดชัน", "crash_pattern": "ชนท้าย", "road_type": "ทางหลวง", "speed_limit": 90, "road_label": "บางปะอิน - แขวงรามอินทรา", "road_label_source": "nearest_road", "road_ref": "ทล.9 กม.14.9-16.4", "medoid_raw": [100.69667, 14.065365], "snap_distance_m": 0.66}}, {"type": "Feature", "geometry": {"type": "Point", "coordinates": [100.697595, 14.058092]}, "properties": {"id": "zone_394", "unit_type": "cluster", "centroid": [14.057567, 100.697626], "radius_m": 199.6, "province": "ปทุมธานี", "road": "ไม่ระบุ", "route_code": "9", "km_min": 16.325, "km_max": 16.9, "accident_count": 3, "deaths": 0, "serious_injury": 0, "minor_injury": 1, "fatal_crashes": 0, "injured_total": 1, "severity_index": 0.3333, "level": "low", "economic_loss": 58000, "epdo_million": 0.058, "single_count": 2, "multi_count": 1, "single_pct": 66.7, "multi_pct": 33.3, "pattern": "single", "top_cause": "ขับรถเร็วเกินอัตรากำหนด", "road_feature": "ทางตรง+ไม่มีความลาดชัน", "crash_pattern": "พลิกคว่ำ/ตกถนนในทางโค้ง", "road_type": "ทางหลวง", "speed_limit": 90, "road_label": "บางปะอิน - แขวงรามอินทรา", "road_label_source": "nearest_road", "road_ref": "ทล.9 กม.16.3-16.9", "medoid_raw": [100.69768, 14.0581], "snap_distance_m": 9.21}}, {"type": "Feature", "geometry": {"type": "Point", "coordinates": [100.698029, 14.051754]}, "properties": {"id": "zone_395", "unit_type": "cluster", "centroid": [14.051741, 100.698145], "radius_m": 33.9, "province": "ปทุมธานี", "road": "ไม่ระบุ", "route_code": "9", "km_min": 17.4, "km_max": 17.45, "accident_count": 3, "deaths": 0, "serious_injury": 0, "minor_injury": 4, "fatal_crashes": 0, "injured_total": 4, "severity_index": 1.3333, "level": "medium", "economic_loss": 232000, "epdo_million": 0.232, "single_count": 1, "multi_count": 2, "single_pct": 33.3, "multi_pct": 66.7, "pattern": "multiple", "top_cause": "ขับรถเร็วเกินอัตรากำหนด", "road_feature": "ทางตรง+ไม่มีความลาดชัน", "crash_pattern": "ชนท้าย", "road_type": "ทางหลวง", "speed_limit": 90, "road_label": "บางปะอิน - แขวงรามอินทรา", "road_label_source": "nearest_road", "road_ref": "ทล.9 กม.17.4", "medoid_raw": [100.698042, 14.051755], "snap_distance_m": 1.41}}, {"type": "Feature", "geometry": {"type": "Point", "coordinates": [100.676273, 14.118833]}, "properties": {"id": "zone_396", "unit_type": "cluster", "centroid": [14.119269, 100.676182], "radius_m": 257.5, "province": "ปทุมธานี", "road": "บางปะอิน - แขวงรามอินทรา", "route_code": "9", "km_min": 9.2, "km_max": 9.6, "accident_count": 7, "deaths": 0, "serious_injury": 2, "minor_injury": 2, "fatal_crashes": 0, "injured_total": 4, "severity_index": 0.5714, "level": "low", "economic_loss": 4116000, "epdo_million": 4.116, "single_count": 4, "multi_count": 3, "single_pct": 57.1, "multi_pct": 42.9, "pattern": "mixed", "top_cause": "ขับรถเร็วเกินอัตราที่กำหนด", "road_feature": "ทางตรง+ที่ราบ", "crash_pattern": "พลิกคว่ำ/ตกถนนในทางตรง", "road_type": "ทางหลวง", "speed_limit": 90, "road_label": "บางปะอิน - แขวงรามอินทรา", "road_label_source": "record", "road_ref": "ทล.9 กม.9.2-9.6", "medoid_raw": [100.676276, 14.118835], "snap_distance_m": 0.39}}, {"type": "Feature", "geometry": {"type": "Point", "coordinates": [100.684578, 14.104676]}, "properties": {"id": "zone_397", "unit_type": "cluster", "centroid": [14.104811, 100.684403], "radius_m": 582.2, "province": "ปทุมธานี", "road": "บางปะอิน - แขวงรามอินทรา", "route_code": "9", "km_min": 10.72, "km_max": 12.5, "accident_count": 15, "deaths": 0, "serious_injury": 1, "minor_injury": 10, "fatal_crashes": 0, "injured_total": 11, "severity_index": 0.7333, "level": "low", "economic_loss": 2580000, "epdo_million": 2.58, "single_count": 7, "multi_count": 8, "single_pct": 46.7, "multi_pct": 53.3, "pattern": "mixed", "top_cause": "ขับรถเร็วเกินอัตรากำหนด", "road_feature": "ทางตรง+ไม่มีความลาดชัน", "crash_pattern": "ชนท้าย", "road_type": "ทางหลวง", "speed_limit": 90, "road_label": "บางปะอิน - แขวงรามอินทรา", "road_label_source": "record", "road_ref": "ทล.9 กม.10.7-12.5", "medoid_raw": [100.68455, 14.104661], "snap_distance_m": 3.45}}, {"type": "Feature", "geometry": {"type": "Point", "coordinates": [100.687885, 14.098442]}, "properties": {"id": "zone_398", "unit_type": "cluster", "centroid": [14.098621, 100.687846], "radius_m": 94.8, "province": "ปทุมธานี", "road": "บางปะอิน - แขวงรามอินทรา", "route_code": "9", "km_min": 12.0, "km_max": 12.2, "accident_count": 4, "deaths": 0, "serious_injury": 0, "minor_injury": 0, "fatal_crashes": 0, "injured_total": 0, "severity_index": 0.0, "level": "low", "economic_loss": 0, "epdo_million": 0.0, "single_count": 1, "multi_count": 3, "single_pct": 25.0, "multi_pct": 75.0, "pattern": "multiple", "top_cause": "ขับรถเร็วเกินอัตราที่กำหนด", "road_feature": "ทางตรง+ที่ราบ", "crash_pattern": "ชนท้าย", "road_type": "ทางหลวง", "speed_limit": 90, "road_label": "บางปะอิน - แขวงรามอินทรา", "road_label_source": "record", "road_ref": "ทล.9 กม.12-12.2", "medoid_raw": [100.68782, 14.098408], "snap_distance_m": 7.96}}, {"type": "Feature", "geometry": {"type": "Point", "coordinates": [100.682603, 14.107762]}, "properties": {"id": "zone_399", "unit_type": "cluster", "centroid": [14.108298, 100.682414], "radius_m": 193.6, "province": "ปทุมธานี", "road": "ไม่ระบุ", "route_code": "9", "km_min": 10.7, "km_max": 10.9, "accident_count": 3, "deaths": 0, "serious_injury": 0, "minor_injury": 0, "fatal_crashes": 0, "injured_total": 0, "severity_index": 0.0, "level": "low", "economic_loss": 0, "epdo_million": 0.0, "single_count": 2, "multi_count": 1, "single_pct": 66.7, "multi_pct": 33.3, "pattern": "single", "top_cause": "ขับรถเร็วเกินอัตรากำหนด", "road_feature": "ทางตรง+ไม่มีความลาดชัน", "crash_pattern": "พลิกคว่ำ/ตกถนนในทางตรง", "road_type": "ทางหลวง", "speed_limit": 90, "road_label": "บางปะอิน - แขวงรามอินทรา", "road_label_source": "nearest_road", "road_ref": "ทล.9 กม.10.7-10.9", "medoid_raw": [100.682548, 14.107732], "snap_distance_m": 6.8}}, {"type": "Feature", "geometry": {"type": "Point", "coordinates": [100.592854, 13.984586]}, "properties": {"id": "zone_400", "unit_type": "cluster", "centroid": [13.984596, 100.592851], "radius_m": 0.0, "province": "ปทุมธานี", "road": "สะพานคลองเปรม - สะพานข้ามแม่น้ำเจ้าพระยาปทุมธานี", "route_code": "346", "km_min": 2.5, "km_max": 2.5, "accident_count": 3, "deaths": 1, "serious_injury": 0, "minor_injury": 0, "fatal_crashes": 1, "injured_total": 0, "severity_index": 0.3333, "level": "low", "economic_loss": 6700000, "epdo_million": 6.7, "single_count": 3, "multi_count": 0, "single_pct": 100.0, "multi_pct": 0.0, "pattern": "single", "top_cause": "ขับรถเร็วเกินอัตราที่กำหนด", "road_feature": "ทางโค้งปกติ+ที่ราบ", "crash_pattern": "พลิกคว่ำ/ตกถนนในทางโค้ง", "road_type": "ทางหลวง", "speed_limit": 90, "road_label": "สะพานคลองเปรม - สะพานข้ามแม่น้ำเจ้าพระยาปทุมธานี", "road_label_source": "record", "road_ref": "ทล.346 กม.2.5", "medoid_raw": [100.592851, 13.984596], "snap_distance_m": 1.16}}, {"type": "Feature", "geometry": {"type": "Point", "coordinates": [100.592854, 13.984586]}, "properties": {"id": "zone_401", "unit_type": "cluster", "centroid": [13.984596, 100.592851], "radius_m": 0.0, "province": "ปทุมธานี", "road": "ไม่ระบุ", "route_code": "346", "km_min": 2.5, "km_max": 2.5, "accident_count": 4, "deaths": 0, "serious_injury": 0, "minor_injury": 3, "fatal_crashes": 0, "injured_total": 3, "severity_index": 0.75, "level": "low", "economic_loss": 174000, "epdo_million": 0.174, "single_count": 4, "multi_count": 0, "single_pct": 100.0, "multi_pct": 0.0, "pattern": "single", "top_cause": "ขับรถเร็วเกินอัตรากำหนด", "road_feature": "ทางโค้งกว้าง+ไม่มีความลาดชัน", "crash_pattern": "พลิกคว่ำ/ตกถนนในทางตรง", "road_type": "ทางหลวง", "speed_limit": 90, "road_label": "สะพานคลองเปรม - สะพานข้ามแม่น้ำเจ้าพระยาปทุมธานี", "road_label_source": "nearest_road", "road_ref": "ทล.346 กม.2.5", "medoid_raw": [100.592851, 13.984596], "snap_distance_m": 1.16}}, {"type": "Feature", "geometry": {"type": "Point", "coordinates": [100.662577, 14.143577]}, "properties": {"id": "zone_402", "unit_type": "cluster", "centroid": [14.143684, 100.662432], "radius_m": 1544.3, "province": "ปทุมธานี", "road": "บางปะอิน - แขวงรามอินทรา", "route_code": "9", "km_min": 4.86, "km_max": 7.8, "accident_count": 45, "deaths": 0, "serious_injury": 9, "minor_injury": 27, "fatal_crashes": 0, "injured_total": 36, "severity_index": 0.8, "level": "low", "economic_loss": 19566000, "epdo_million": 19.566, "single_count": 15, "multi_count": 30, "single_pct": 33.3, "multi_pct": 66.7, "pattern": "multiple", "top_cause": "ขับรถเร็วเกินอัตราที่กำหนด", "road_feature": "ทางตรง+ที่ราบ", "crash_pattern": "ชนท้าย", "road_type": "ทางหลวง", "speed_limit": 90, "road_label": "บางปะอิน - แขวงรามอินทรา", "road_label_source": "record", "road_ref": "ทล.9 กม.4.9-7.8", "medoid_raw": [100.662549, 14.143562], "snap_distance_m": 3.45}}, {"type": "Feature", "geometry": {"type": "Point", "coordinates": [100.668182, 14.134047]}, "properties": {"id": "zone_403", "unit_type": "cluster", "centroid": [14.134105, 100.668034], "radius_m": 203.2, "province": "ปทุมธานี", "road": "ไม่ระบุ", "route_code": "9", "km_min": 7.5, "km_max": 7.8, "accident_count": 6, "deaths": 3, "serious_injury": 0, "minor_injury": 2, "fatal_crashes": 1, "injured_total": 2, "severity_index": 0.5, "level": "low", "economic_loss": 20216000, "epdo_million": 20.216, "single_count": 3, "multi_count": 3, "single_pct": 50.0, "multi_pct": 50.0, "pattern": "mixed", "top_cause": "ขับรถเร็วเกินอัตรากำหนด", "road_feature": "ทางตรง+ไม่มีความลาดชัน", "crash_pattern": "ชนท้าย", "road_type": "ทางหลวง", "speed_limit": 90, "road_label": "บางปะอิน - แขวงรามอินทรา", "road_label_source": "nearest_road", "road_ref": "ทล.9 กม.7.5-7.8", "medoid_raw": [100.668107, 14.134007], "snap_distance_m": 9.23}}, {"type": "Feature", "geometry": {"type": "Point", "coordinates": [100.698098, 14.036266]}, "properties": {"id": "zone_404", "unit_type": "cluster", "centroid": [14.036617, 100.698258], "radius_m": 1013.6, "province": "ปทุมธานี", "road": "บางปะอิน - แขวงรามอินทรา", "route_code": "9", "km_min": 18.1, "km_max": 20.1, "accident_count": 39, "deaths": 0, "serious_injury": 0, "minor_injury": 12, "fatal_crashes": 0, "injured_total": 12, "severity_index": 0.3077, "level": "low", "economic_loss": 696000, "epdo_million": 0.696, "single_count": 13, "multi_count": 26, "single_pct": 33.3, "multi_pct": 66.7, "pattern": "multiple", "top_cause": "ขับรถเร็วเกินอัตรากำหนด", "road_feature": "ทางตรง+ไม่มีความลาดชัน", "crash_pattern": "ชนท้าย", "road_type": "ทางหลวง", "speed_limit": 90, "road_label": "บางปะอิน - แขวงรามอินทรา", "road_label_source": "record", "road_ref": "ทล.9 กม.18.1-20.1", "medoid_raw": [100.698176, 14.036266], "snap_distance_m": 8.41}}, {"type": "Feature", "geometry": {"type": "Point", "coordinates": [100.698277, 14.048116]}, "properties": {"id": "zone_405", "unit_type": "cluster", "centroid": [14.048128, 100.698183], "radius_m": 101.3, "province": "ปทุมธานี", "road": "บางปะอิน - แขวงรามอินทรา", "route_code": "9", "km_min": 17.7, "km_max": 17.9, "accident_count": 8, "deaths": 0, "serious_injury": 0, "minor_injury": 2, "fatal_crashes": 0, "injured_total": 2, "severity_index": 0.25, "level": "low", "economic_loss": 116000, "epdo_million": 0.116, "single_count": 0, "multi_count": 8, "single_pct": 0.0, "multi_pct": 100.0, "pattern": "multiple", "top_cause": "ขับรถเร็วเกินอัตรากำหนด", "road_feature": "ทางตรง+ไม่มีความลาดชัน", "crash_pattern": "ชนท้าย", "road_type": "ทางหลวง", "speed_limit": 90, "road_label": "บางปะอิน - แขวงรามอินทรา", "road_label_source": "record", "road_ref": "ทล.9 กม.17.7-17.9", "medoid_raw": [100.698191, 14.048116], "snap_distance_m": 9.28}}, {"type": "Feature", "geometry": {"type": "Point", "coordinates": [100.698555, 14.043522]}, "properties": {"id": "zone_406", "unit_type": "cluster", "centroid": [14.043103, 100.698369], "radius_m": 198.3, "province": "ปทุมธานี", "road": "ไม่ระบุ", "route_code": "9", "km_min": 18.2, "km_max": 18.5, "accident_count": 4, "deaths": 0, "serious_injury": 0, "minor_injury": 0, "fatal_crashes": 0, "injured_total": 0, "severity_index": 0.0, "level": "low", "economic_loss": 0, "epdo_million": 0.0, "single_count": 2, "multi_count": 2, "single_pct": 50.0, "multi_pct": 50.0, "pattern": "mixed", "top_cause": "ขับรถเร็วเกินอัตรากำหนด", "road_feature": "ทางตรง+ไม่มีความลาดชัน", "crash_pattern": "ชนท้าย", "road_type": "ทางหลวง", "speed_limit": 90, "road_label": "บางปะอิน - แขวงรามอินทรา", "road_label_source": "nearest_road", "road_ref": "ทล.9 กม.18.2-18.5", "medoid_raw": [100.698471, 14.043522], "snap_distance_m": 9.06}}, {"type": "Feature", "geometry": {"type": "Point", "coordinates": [100.698548, 14.036248]}, "properties": {"id": "zone_407", "unit_type": "cluster", "centroid": [14.035955, 100.69834], "radius_m": 105.1, "province": "ปทุมธานี", "road": "ไม่ระบุ", "route_code": "9", "km_min": 19.1, "km_max": 19.2, "accident_count": 3, "deaths": 0, "serious_injury": 0, "minor_injury": 1, "fatal_crashes": 0, "injured_total": 1, "severity_index": 0.3333, "level": "low", "economic_loss": 58000, "epdo_million": 0.058, "single_count": 0, "multi_count": 3, "single_pct": 0.0, "multi_pct": 100.0, "pattern": "multiple", "top_cause": "ขับรถเร็วเกินอัตรากำหนด", "road_feature": "ทางตรง+ไม่มีความลาดชัน", "crash_pattern": "ชนท้าย", "road_type": "ทางหลวง", "speed_limit": 90, "road_label": "บางปะอิน - แขวงรามอินทรา", "road_label_source": "nearest_road", "road_ref": "ทล.9 กม.19.1-19.2", "medoid_raw": [100.698452, 14.036248], "snap_distance_m": 10.36}}, {"type": "Feature", "geometry": {"type": "Point", "coordinates": [100.747921, 14.050259]}, "properties": {"id": "zone_408", "unit_type": "cluster", "centroid": [14.050319, 100.747915], "radius_m": 100.4, "province": "ปทุมธานี", "road": "ธัญบุรี - คลองระพีพัฒน์", "route_code": "352", "km_min": 4.42, "km_max": 4.6, "accident_count": 3, "deaths": 0, "serious_injury": 0, "minor_injury": 0, "fatal_crashes": 0, "injured_total": 0, "severity_index": 0.0, "level": "low", "economic_loss": 0, "epdo_million": 0.0, "single_count": 3, "multi_count": 0, "single_pct": 100.0, "multi_pct": 0.0, "pattern": "single", "top_cause": "ขับรถเร็วเกินอัตราที่กำหนด", "road_feature": "ทางตรง+ที่ราบ", "crash_pattern": "พลิกคว่ำ/ตกถนนในทางตรง", "road_type": "ทางหลวง", "speed_limit": 90, "road_label": "ธัญบุรี - คลองระพีพัฒน์", "road_label_source": "record", "road_ref": "ทล.352 กม.4.4-4.6", "medoid_raw": [100.747933, 14.050262], "snap_distance_m": 1.34}}, {"type": "Feature", "geometry": {"type": "Point", "coordinates": [100.682758, 14.066641]}, "properties": {"id": "zone_409", "unit_type": "cluster", "centroid": [14.06659, 100.682763], "radius_m": 62.1, "province": "ปทุมธานี", "road": "บ้านพร้าว - คลองห้า", "route_code": "3214", "km_min": 11.8, "km_max": 12.08, "accident_count": 3, "deaths": 0, "serious_injury": 1, "minor_injury": 2, "fatal_crashes": 0, "injured_total": 3, "severity_index": 1.0, "level": "medium", "economic_loss": 2116000, "epdo_million": 2.116, "single_count": 2, "multi_count": 1, "single_pct": 66.7, "multi_pct": 33.3, "pattern": "single", "top_cause": "ขับรถเร็วเกินอัตราที่กำหนด", "road_feature": "ทางตรง+ที่ราบ", "crash_pattern": "พลิกคว่ำ/ตกถนนในทางตรง", "road_type": "ทางหลวง", "speed_limit": 90, "road_label": "บ้านพร้าว - คลองห้า", "road_label_source": "record", "road_ref": "ทล.3214 กม.11.8-12.1", "medoid_raw": [100.68276, 14.066597], "snap_distance_m": 4.9}}, {"type": "Feature", "geometry": {"type": "Point", "coordinates": [100.746439, 13.964378]}, "properties": {"id": "zone_410", "unit_type": "cluster", "centroid": [13.964647, 100.746481], "radius_m": 142.1, "province": "ปทุมธานี", "road": "แยกทางหลวงหมายเลข 305 (กม.ที่ 15+700) - บ้านลำลูกกา", "route_code": "ปท.3004", "km_min": 6.735, "km_max": 7.0, "accident_count": 5, "deaths": 5, "serious_injury": 4, "minor_injury": 2, "fatal_crashes": 5, "injured_total": 6, "severity_index": 2.2, "level": "high", "economic_loss": 41616000, "epdo_million": 41.616, "single_count": 2, "multi_count": 3, "single_pct": 40.0, "multi_pct": 60.0, "pattern": "multiple", "top_cause": "ไม่คุ้นเคยเส้นทาง/ขับรถไม่ชำนาญ", "road_feature": "ทางตรง+ไม่มีความลาดชัน", "crash_pattern": "ชนป้าย/วัสดุงานทาง/วัสดุที่กองอยู่ ชั่วคราว", "road_type": "ทางหลวงชนบท", "speed_limit": 80, "road_label": "แยกทางหลวงหมายเลข 305 (กม.ที่ 15+700) - บ้านลำลูกกา", "road_label_source": "record", "road_ref": "ทช.ปท.3004 กม.6.7-7", "medoid_raw": [100.746476, 13.964378], "snap_distance_m": 3.99}}, {"type": "Feature", "geometry": {"type": "Point", "coordinates": [100.653922, 14.158556]}, "properties": {"id": "zone_411", "unit_type": "cluster", "centroid": [14.158891, 100.653775], "radius_m": 199.1, "province": "ปทุมธานี", "road": "บางปะอิน - แขวงรามอินทรา", "route_code": "9", "km_min": 4.3, "km_max": 4.65, "accident_count": 6, "deaths": 0, "serious_injury": 0, "minor_injury": 3, "fatal_crashes": 0, "injured_total": 3, "severity_index": 0.5, "level": "low", "economic_loss": 174000, "epdo_million": 0.174, "single_count": 2, "multi_count": 4, "single_pct": 33.3, "multi_pct": 66.7, "pattern": "multiple", "top_cause": "ขับรถเร็วเกินอัตราที่กำหนด", "road_feature": "ทางตรง+ที่ราบ", "crash_pattern": "ชนท้าย", "road_type": "ทางหลวง", "speed_limit": 90, "road_label": "บางปะอิน - แขวงรามอินทรา", "road_label_source": "record", "road_ref": "ทล.9 กม.4.3-4.7", "medoid_raw": [100.653926, 14.158558], "snap_distance_m": 0.49}}, {"type": "Feature", "geometry": {"type": "Point", "coordinates": [100.690218, 14.094269]}, "properties": {"id": "zone_412", "unit_type": "cluster", "centroid": [14.094326, 100.690226], "radius_m": 108.7, "province": "ปทุมธานี", "road": "บางปะอิน - แขวงรามอินทรา", "route_code": "9", "km_min": 12.5, "km_max": 12.7, "accident_count": 6, "deaths": 0, "serious_injury": 0, "minor_injury": 3, "fatal_crashes": 0, "injured_total": 3, "severity_index": 0.5, "level": "low", "economic_loss": 174000, "epdo_million": 0.174, "single_count": 3, "multi_count": 3, "single_pct": 50.0, "multi_pct": 50.0, "pattern": "mixed", "top_cause": "ขับรถเร็วเกินอัตราที่กำหนด", "road_feature": "ทางตรง+ที่ราบ", "crash_pattern": "พลิกคว่ำ/ตกถนนในทางตรง", "road_type": "ทางหลวง", "speed_limit": 90, "road_label": "บางปะอิน - แขวงรามอินทรา", "road_label_source": "record", "road_ref": "ทล.9 กม.12.5-12.7", "medoid_raw": [100.690196, 14.094258], "snap_distance_m": 2.67}}, {"type": "Feature", "geometry": {"type": "Point", "coordinates": [100.69222, 14.091146]}, "properties": {"id": "zone_413", "unit_type": "cluster", "centroid": [14.090907, 100.692233], "radius_m": 184.7, "province": "ปทุมธานี", "road": "บางปะอิน - แขวงรามอินทรา", "route_code": "9", "km_min": 13.0, "km_max": 13.2, "accident_count": 5, "deaths": 0, "serious_injury": 0, "minor_injury": 2, "fatal_crashes": 0, "injured_total": 2, "severity_index": 0.4, "level": "low", "economic_loss": 116000, "epdo_million": 0.116, "single_count": 2, "multi_count": 3, "single_pct": 40.0, "multi_pct": 60.0, "pattern": "multiple", "top_cause": "ขับรถเร็วเกินอัตรากำหนด", "road_feature": "ทางตรง+ไม่มีความลาดชัน", "crash_pattern": "ชนท้าย", "road_type": "ทางหลวง", "speed_limit": 90, "road_label": "บางปะอิน - แขวงรามอินทรา", "road_label_source": "record", "road_ref": "ทล.9 กม.13-13.2", "medoid_raw": [100.692193, 14.091131], "snap_distance_m": 3.36}}, {"type": "Feature", "geometry": {"type": "Point", "coordinates": [100.691562, 14.091893]}, "properties": {"id": "zone_414", "unit_type": "cluster", "centroid": [14.091827, 100.691686], "radius_m": 199.2, "province": "ปทุมธานี", "road": "ไม่ระบุ", "route_code": "9", "km_min": 12.7, "km_max": 13.0, "accident_count": 5, "deaths": 0, "serious_injury": 1, "minor_injury": 2, "fatal_crashes": 0, "injured_total": 3, "severity_index": 0.6, "level": "low", "economic_loss": 2116000, "epdo_million": 2.116, "single_count": 5, "multi_count": 0, "single_pct": 100.0, "multi_pct": 0.0, "pattern": "single", "top_cause": "ขับรถเร็วเกินอัตรากำหนด", "road_feature": "ทางตรง+ไม่มีความลาดชัน", "crash_pattern": "พลิกคว่ำ/ตกถนนในทางตรง", "road_type": "ทางหลวง", "speed_limit": 90, "road_label": "บางปะอิน - แขวงรามอินทรา", "road_label_source": "nearest_road", "road_ref": "ทล.9 กม.12.7-13", "medoid_raw": [100.691489, 14.091853], "snap_distance_m": 9.04}}, {"type": "Feature", "geometry": {"type": "Point", "coordinates": [100.621048, 13.9563]}, "properties": {"id": "zone_415", "unit_type": "cluster", "centroid": [13.95645, 100.621068], "radius_m": 100.7, "province": "ปทุมธานี", "road": "สนามกีฬาธูปะเตมีย์ - ต่างระดับคลองหลวง", "route_code": "1", "km_min": 28.35, "km_max": 28.5, "accident_count": 3, "deaths": 0, "serious_injury": 0, "minor_injury": 12, "fatal_crashes": 0, "injured_total": 12, "severity_index": 4.0, "level": "high", "economic_loss": 696000, "epdo_million": 0.696, "single_count": 2, "multi_count": 1, "single_pct": 66.7, "multi_pct": 33.3, "pattern": "single", "top_cause": "ขับรถเร็วเกินอัตราที่กำหนด", "road_feature": "ทางโค้งปกติ+ที่ราบ", "crash_pattern": "พลิกคว่ำ/ตกถนนในทางโค้ง", "road_type": "ทางหลวง", "speed_limit": 90, "road_label": "สนามกีฬาธูปะเตมีย์ - ต่างระดับคลองหลวง", "road_label_source": "record", "road_ref": "ทล.1 กม.28.4-28.5", "medoid_raw": [100.621075, 13.956299], "snap_distance_m": 2.92}}, {"type": "Feature", "geometry": {"type": "Point", "coordinates": [100.671395, 14.127563]}, "properties": {"id": "zone_416", "unit_type": "cluster", "centroid": [14.12771, 100.67143], "radius_m": 144.7, "province": "ปทุมธานี", "road": "บางปะอิน - แขวงรามอินทรา", "route_code": "9", "km_min": 8.3, "km_max": 8.55, "accident_count": 5, "deaths": 1, "serious_injury": 0, "minor_injury": 1, "fatal_crashes": 1, "injured_total": 1, "severity_index": 0.4, "level": "low", "economic_loss": 6758000, "epdo_million": 6.758, "single_count": 3, "multi_count": 2, "single_pct": 60.0, "multi_pct": 40.0, "pattern": "single", "top_cause": "ขับรถเร็วเกินอัตราที่กำหนด", "road_feature": "ทางตรง+ที่ราบ", "crash_pattern": "พลิกคว่ำ/ตกถนนในทางตรง", "road_type": "ทางหลวง", "speed_limit": 90, "road_label": "บางปะอิน - แขวงรามอินทรา", "road_label_source": "record", "road_ref": "ทล.9 กม.8.3-8.6", "medoid_raw": [100.671411, 14.127572], "snap_distance_m": 1.99}}, {"type": "Feature", "geometry": {"type": "Point", "coordinates": [100.525348, 14.029688]}, "properties": {"id": "zone_417", "unit_type": "cluster", "centroid": [14.029798, 100.525405], "radius_m": 66.5, "province": "ปทุมธานี", "road": "ปทุมธานี - ท้ายเกาะ", "route_code": "3111", "km_min": 1.104, "km_max": 1.17, "accident_count": 3, "deaths": 0, "serious_injury": 0, "minor_injury": 0, "fatal_crashes": 0, "injured_total": 0, "severity_index": 0.0, "level": "low", "economic_loss": 0, "epdo_million": 0.0, "single_count": 3, "multi_count": 0, "single_pct": 100.0, "multi_pct": 0.0, "pattern": "single", "top_cause": "หลับใน", "road_feature": "ทางตรง+ไม่มีความลาดชัน", "crash_pattern": "พลิกคว่ำ/ตกถนนในทางตรง", "road_type": "ทางหลวง", "speed_limit": 90, "road_label": "ปทุมธานี - ท้ายเกาะ", "road_label_source": "record", "road_ref": "ทล.3111 กม.1.1-1.2", "medoid_raw": [100.52535, 14.029688], "snap_distance_m": 0.22}}, {"type": "Feature", "geometry": {"type": "Point", "coordinates": [100.618821, 14.113013]}, "properties": {"id": "zone_418", "unit_type": "cluster", "centroid": [14.113135, 100.618681], "radius_m": 181.4, "province": "ปทุมธานี", "road": "ต่างระดับคลองหลวง - ประตูน้ำพระอินทร์", "route_code": "1", "km_min": 45.63, "km_max": 45.95, "accident_count": 5, "deaths": 2, "serious_injury": 0, "minor_injury": 1, "fatal_crashes": 2, "injured_total": 1, "severity_index": 0.6, "level": "low", "economic_loss": 13458000, "epdo_million": 13.458, "single_count": 3, "multi_count": 2, "single_pct": 60.0, "multi_pct": 40.0, "pattern": "single", "top_cause": "ขับรถเร็วเกินอัตราที่กำหนด", "road_feature": "ทางตรง+ที่ราบ", "crash_pattern": "พลิกคว่ำ/ตกถนนในทางตรง", "road_type": "ทางหลวง", "speed_limit": 90, "road_label": "ต่างระดับคลองหลวง - ประตูน้ำพระอินทร์", "road_label_source": "record", "road_ref": "ทล.1 กม.45.6-46", "medoid_raw": [100.618852, 14.113013], "snap_distance_m": 3.34}}, {"type": "Feature", "geometry": {"type": "Point", "coordinates": [100.618375, 14.088903]}, "properties": {"id": "zone_419", "unit_type": "cluster", "centroid": [14.089057, 100.618278], "radius_m": 100.4, "province": "ปทุมธานี", "road": "ต่างระดับคลองหลวง - ประตูน้ำพระอินทร์", "route_code": "1", "km_min": 43.05, "km_max": 43.2, "accident_count": 3, "deaths": 2, "serious_injury": 0, "minor_injury": 1, "fatal_crashes": 2, "injured_total": 1, "severity_index": 1.0, "level": "medium", "economic_loss": 13458000, "epdo_million": 13.458, "single_count": 1, "multi_count": 2, "single_pct": 33.3, "multi_pct": 66.7, "pattern": "multiple", "top_cause": "ขับรถเร็วเกินอัตราที่กำหนด", "road_feature": "ทางตรง+ที่ราบ", "crash_pattern": "ชนท้าย", "road_type": "ทางหลวง", "speed_limit": 90, "road_label": "ต่างระดับคลองหลวง - ประตูน้ำพระอินทร์", "road_label_source": "record", "road_ref": "ทล.1 กม.43-43.2", "medoid_raw": [100.618272, 14.088907], "snap_distance_m": 11.12}}, {"type": "Feature", "geometry": {"type": "Point", "coordinates": [100.618352, 14.093421]}, "properties": {"id": "zone_420", "unit_type": "cluster", "centroid": [14.093117, 100.618414], "radius_m": 100.4, "province": "ปทุมธานี", "road": "ต่างระดับคลองหลวง - ประตูน้ำพระอินทร์", "route_code": "1", "km_min": 43.5, "km_max": 43.6, "accident_count": 3, "deaths": 1, "serious_injury": 0, "minor_injury": 0, "fatal_crashes": 1, "injured_total": 0, "severity_index": 0.3333, "level": "low", "economic_loss": 6700000, "epdo_million": 6.7, "single_count": 2, "multi_count": 1, "single_pct": 66.7, "multi_pct": 33.3, "pattern": "single", "top_cause": "ขับรถเร็วเกินอัตราที่กำหนด", "road_feature": "ทางแยกต่างระดับ / Ramps+ที่ราบ", "crash_pattern": "พลิกคว่ำ/ตกถนนในทางตรง", "road_type": "ทางหลวง", "speed_limit": 90, "road_label": "ต่างระดับคลองหลวง - ประตูน้ำพระอินทร์", "road_label_source": "record", "road_ref": "ทล.1 กม.43.5-43.6", "medoid_raw": [100.61842, 14.093418], "snap_distance_m": 7.34}}, {"type": "Feature", "geometry": {"type": "Point", "coordinates": [100.686045, 13.999927]}, "properties": {"id": "zone_421", "unit_type": "cluster", "centroid": [13.999959, 100.686175], "radius_m": 174.0, "province": "ปทุมธานี", "road": "ต่างระดับรังสิต - วัดนาบุญ", "route_code": "305", "km_min": 7.2, "km_max": 7.909, "accident_count": 5, "deaths": 0, "serious_injury": 0, "minor_injury": 4, "fatal_crashes": 0, "injured_total": 4, "severity_index": 0.8, "level": "low", "economic_loss": 232000, "epdo_million": 0.232, "single_count": 5, "multi_count": 0, "single_pct": 100.0, "multi_pct": 0.0, "pattern": "single", "top_cause": "ขับรถเร็วเกินอัตราที่กำหนด", "road_feature": "ทางตรง+ที่ราบ", "crash_pattern": "พลิกคว่ำ/ตกถนนในทางตรง", "road_type": "ทางหลวง", "speed_limit": 90, "road_label": "ต่างระดับรังสิต - วัดนาบุญ", "road_label_source": "record", "road_ref": "ทล.305 กม.7.2-7.9", "medoid_raw": [100.686046, 13.999925], "snap_distance_m": 0.25}}, {"type": "Feature", "geometry": {"type": "Point", "coordinates": [100.450966, 14.002793]}, "properties": {"id": "zone_422", "unit_type": "cluster", "centroid": [14.003094, 100.451202], "radius_m": 125.9, "province": "ปทุมธานี", "road": "ไม่ระบุ", "route_code": "9", "km_min": 57.533, "km_max": 57.666, "accident_count": 3, "deaths": 0, "serious_injury": 0, "minor_injury": 0, "fatal_crashes": 0, "injured_total": 0, "severity_index": 0.0, "level": "low", "economic_loss": 0, "epdo_million": 0.0, "single_count": 0, "multi_count": 3, "single_pct": 0.0, "multi_pct": 100.0, "pattern": "multiple", "top_cause": "ขับรถเร็วเกินอัตรากำหนด", "road_feature": "ทางตรง+ไม่มีความลาดชัน", "crash_pattern": "ชนท้าย", "road_type": "ทางหลวง", "speed_limit": 90, "road_label": "คลองบางไผ่ - คลองบางหลวง", "road_label_source": "nearest_road", "road_ref": "ทล.9 กม.57.5-57.7", "medoid_raw": [100.45103, 14.002761], "snap_distance_m": 7.77}}, {"type": "Feature", "geometry": {"type": "Point", "coordinates": [100.50206, 14.08039]}, "properties": {"id": "zone_423", "unit_type": "cluster", "centroid": [14.080645, 100.50244], "radius_m": 149.6, "province": "ปทุมธานี", "road": "คลองบางหลวง - ต่างระดับเชียงรากน้อย", "route_code": "3902", "km_min": 66.637, "km_max": 68.9, "accident_count": 3, "deaths": 0, "serious_injury": 0, "minor_injury": 2, "fatal_crashes": 0, "injured_total": 2, "severity_index": 0.6667, "level": "low", "economic_loss": 116000, "epdo_million": 0.116, "single_count": 3, "multi_count": 0, "single_pct": 100.0, "multi_pct": 0.0, "pattern": "single", "top_cause": "ขับรถเร็วเกินอัตราที่กำหนด", "road_feature": "ทางตรง+ไม่มีความลาดชัน", "crash_pattern": "พลิกคว่ำ/ตกถนนในทางตรง", "road_type": "ทางหลวง", "speed_limit": 90, "road_label": "คลองบางหลวง - ต่างระดับเชียงรากน้อย", "road_label_source": "record", "road_ref": "ทล.3902 กม.66.6-68.9", "medoid_raw": [100.502088, 14.080355], "snap_distance_m": 4.93}}, {"type": "Feature", "geometry": {"type": "Point", "coordinates": [100.678629, 14.115117]}, "properties": {"id": "zone_424", "unit_type": "cluster", "centroid": [14.115178, 100.678522], "radius_m": 78.7, "province": "ปทุมธานี", "road": "บางปะอิน - แขวงรามอินทรา", "route_code": "9", "km_min": 9.9, "km_max": 10.0, "accident_count": 4, "deaths": 0, "serious_injury": 1, "minor_injury": 0, "fatal_crashes": 0, "injured_total": 1, "severity_index": 0.25, "level": "low", "economic_loss": 2000000, "epdo_million": 2.0, "single_count": 1, "multi_count": 3, "single_pct": 25.0, "multi_pct": 75.0, "pattern": "multiple", "top_cause": "ขับรถเร็วเกินอัตรากำหนด", "road_feature": "ทางตรง+ไม่มีความลาดชัน", "crash_pattern": "ชนท้าย", "road_type": "ทางหลวง", "speed_limit": 90, "road_label": "บางปะอิน - แขวงรามอินทรา", "road_label_source": "record", "road_ref": "ทล.9 กม.9.9-10", "medoid_raw": [100.678641, 14.115123], "snap_distance_m": 1.46}}, {"type": "Feature", "geometry": {"type": "Point", "coordinates": [100.679901, 14.112497]}, "properties": {"id": "zone_425", "unit_type": "cluster", "centroid": [14.112507, 100.679982], "radius_m": 203.7, "province": "ปทุมธานี", "road": "บางปะอิน - แขวงรามอินทรา", "route_code": "9", "km_min": 10.2, "km_max": 10.5, "accident_count": 5, "deaths": 0, "serious_injury": 1, "minor_injury": 3, "fatal_crashes": 0, "injured_total": 4, "severity_index": 0.8, "level": "low", "economic_loss": 2174000, "epdo_million": 2.174, "single_count": 1, "multi_count": 4, "single_pct": 20.0, "multi_pct": 80.0, "pattern": "multiple", "top_cause": "ขับรถเร็วเกินอัตรากำหนด", "road_feature": "ทางตรง+ไม่มีความลาดชัน", "crash_pattern": "ชนท้าย", "road_type": "ทางหลวง", "speed_limit": 90, "road_label": "บางปะอิน - แขวงรามอินทรา", "road_label_source": "record", "road_ref": "ทล.9 กม.10.2-10.5", "medoid_raw": [100.679878, 14.112485], "snap_distance_m": 2.82}}, {"type": "Feature", "geometry": {"type": "Point", "coordinates": [100.67946, 14.113271]}, "properties": {"id": "zone_426", "unit_type": "cluster", "centroid": [14.11327, 100.679403], "radius_m": 203.6, "province": "ปทุมธานี", "road": "ไม่ระบุ", "route_code": "9", "km_min": 10.0, "km_max": 10.4, "accident_count": 4, "deaths": 0, "serious_injury": 0, "minor_injury": 2, "fatal_crashes": 0, "injured_total": 2, "severity_index": 0.5, "level": "low", "economic_loss": 116000, "epdo_million": 0.116, "single_count": 2, "multi_count": 2, "single_pct": 50.0, "multi_pct": 50.0, "pattern": "mixed", "top_cause": "ขับรถเร็วเกินอัตรากำหนด", "road_feature": "ทางตรง+ไม่มีความลาดชัน", "crash_pattern": "พลิกคว่ำ/ตกถนนในทางตรง", "road_type": "ทางหลวง", "speed_limit": 90, "road_label": "บางปะอิน - แขวงรามอินทรา", "road_label_source": "nearest_road", "road_ref": "ทล.9 กม.10-10.4", "medoid_raw": [100.67941, 14.113246], "snap_distance_m": 6.07}}, {"type": "Feature", "geometry": {"type": "Point", "coordinates": [100.695306, 14.080761]}, "properties": {"id": "zone_427", "unit_type": "cluster", "centroid": [14.080802, 100.695291], "radius_m": 116.1, "province": "ปทุมธานี", "road": "บางปะอิน - แขวงรามอินทรา", "route_code": "9", "km_min": 14.2, "km_max": 14.3, "accident_count": 4, "deaths": 0, "serious_injury": 0, "minor_injury": 1, "fatal_crashes": 0, "injured_total": 1, "severity_index": 0.25, "level": "low", "economic_loss": 58000, "epdo_million": 0.058, "single_count": 1, "multi_count": 3, "single_pct": 25.0, "multi_pct": 75.0, "pattern": "multiple", "top_cause": "ขับรถเร็วเกินอัตราที่กำหนด", "road_feature": "ทางตรง+ไม่มีความลาดชัน", "crash_pattern": "ชนท้าย", "road_type": "ทางหลวง", "speed_limit": 90, "road_label": "บางปะอิน - แขวงรามอินทรา", "road_label_source": "record", "road_ref": "ทล.9 กม.14.2-14.3", "medoid_raw": [100.695369, 14.080767], "snap_distance_m": 6.83}}, {"type": "Feature", "geometry": {"type": "Point", "coordinates": [100.441434, 13.98402]}, "properties": {"id": "zone_428", "unit_type": "cluster", "centroid": [13.983517, 100.440851], "radius_m": 314.8, "province": "ปทุมธานี", "road": "คลองบางไผ่ - คลองบางหลวง", "route_code": "9", "km_min": 52.8, "km_max": 55.1, "accident_count": 5, "deaths": 1, "serious_injury": 0, "minor_injury": 1, "fatal_crashes": 1, "injured_total": 1, "severity_index": 0.4, "level": "low", "economic_loss": 6758000, "epdo_million": 6.758, "single_count": 4, "multi_count": 1, "single_pct": 80.0, "multi_pct": 20.0, "pattern": "single", "top_cause": "ขับรถเร็วเกินอัตรากำหนด", "road_feature": "ทางตรง+ไม่มีความลาดชัน", "crash_pattern": "พลิกคว่ำ/ตกถนนในทางตรง", "road_type": "ทางหลวง", "speed_limit": 90, "road_label": "คลองบางไผ่ - คลองบางหลวง", "road_label_source": "record", "road_ref": "ทล.9 กม.52.8-55.1", "medoid_raw": [100.441217, 13.984132], "snap_distance_m": 26.52}}, {"type": "Feature", "geometry": {"type": "Point", "coordinates": [100.61601, 14.036553]}, "properties": {"id": "zone_429", "unit_type": "cluster", "centroid": [14.036239, 100.616105], "radius_m": 106.9, "province": "ปทุมธานี", "road": "สนามกีฬาธูปะเตมีย์ - ต่างระดับคลองหลวง", "route_code": "1", "km_min": 37.2, "km_max": 37.368, "accident_count": 4, "deaths": 1, "serious_injury": 2, "minor_injury": 1, "fatal_crashes": 1, "injured_total": 3, "severity_index": 1.0, "level": "medium", "economic_loss": 10758000, "epdo_million": 10.758, "single_count": 2, "multi_count": 2, "single_pct": 50.0, "multi_pct": 50.0, "pattern": "mixed", "top_cause": "ขับรถเร็วเกินอัตรากำหนด", "road_feature": "ทางตรง+ที่ราบ", "crash_pattern": "ชนท้าย", "road_type": "ทางหลวง", "speed_limit": 90, "road_label": "สนามกีฬาธูปะเตมีย์ - ต่างระดับคลองหลวง", "road_label_source": "record", "road_ref": "ทล.1 กม.37.2-37.4", "medoid_raw": [100.616052, 14.036552], "snap_distance_m": 4.53}}, {"type": "Feature", "geometry": {"type": "Point", "coordinates": [100.569675, 13.984117]}, "properties": {"id": "zone_430", "unit_type": "cluster", "centroid": [13.984095, 100.569596], "radius_m": 99.8, "province": "ปทุมธานี", "road": "บางปะอิน-แจ้งวัฒนะ", "route_code": "E005S012|U", "km_min": 10.6, "km_max": 10.8, "accident_count": 4, "deaths": 0, "serious_injury": 0, "minor_injury": 1, "fatal_crashes": 0, "injured_total": 1, "severity_index": 0.25, "level": "low", "economic_loss": 58000, "epdo_million": 0.058, "single_count": 1, "multi_count": 3, "single_pct": 25.0, "multi_pct": 75.0, "pattern": "multiple", "top_cause": "ขับรถช้าลง", "road_feature": "ทางตรง", "crash_pattern": "ชนท้าย", "road_type": "การทางพิเศษ", "speed_limit": 100, "road_label": "บางปะอิน-แจ้งวัฒนะ", "road_label_source": "record", "road_ref": "ทางพิเศษสายE005S012|U กม.10.6-10.8", "medoid_raw": [100.569594, 13.984097], "snap_distance_m": 9.02}}, {"type": "Feature", "geometry": {"type": "Point", "coordinates": [100.776572, 13.976045]}, "properties": {"id": "zone_431", "unit_type": "cluster", "centroid": [13.976093, 100.776581], "radius_m": 50.6, "province": "ปทุมธานี", "road": "แยกทางหลวงหมายเลข 305 (กม.ที่ 18+700) - บ้านคลองแปด", "route_code": "ปท.3006", "km_min": 6.88, "km_max": 6.944, "accident_count": 4, "deaths": 4, "serious_injury": 0, "minor_injury": 3, "fatal_crashes": 4, "injured_total": 3, "severity_index": 1.75, "level": "medium", "economic_loss": 26974000, "epdo_million": 26.974, "single_count": 1, "multi_count": 3, "single_pct": 25.0, "multi_pct": 75.0, "pattern": "multiple", "top_cause": "คน/รถ/สัตว์ตัดหน้ากระชั้นชิด", "road_feature": "ทางตรง+ไม่มีความลาดชัน", "crash_pattern": "ชนรถที่ออกจากที่จอด", "road_type": "ทางหลวงชนบท", "speed_limit": 80, "road_label": "แยกทางหลวงหมายเลข 305 (กม.ที่ 18+700) - บ้านคลองแปด", "road_label_source": "record", "road_ref": "ทช.ปท.3006 กม.6.9", "medoid_raw": [100.776579, 13.976044], "snap_distance_m": 0.76}}, {"type": "Feature", "geometry": {"type": "Point", "coordinates": [100.459686, 14.049319]}, "properties": {"id": "zone_432", "unit_type": "cluster", "centroid": [14.049231, 100.459981], "radius_m": 284.4, "province": "ปทุมธานี", "road": "คลองบางหลวง - ต่างระดับเชียงรากน้อย", "route_code": "3902", "km_min": 62.718, "km_max": 63.61, "accident_count": 7, "deaths": 0, "serious_injury": 0, "minor_injury": 6, "fatal_crashes": 0, "injured_total": 6, "severity_index": 0.8571, "level": "low", "economic_loss": 348000, "epdo_million": 0.348, "single_count": 6, "multi_count": 1, "single_pct": 85.7, "multi_pct": 14.3, "pattern": "single", "top_cause": "ถนนลื่น", "road_feature": "ทางตรง+ไม่มีความลาดชัน", "crash_pattern": "พลิกคว่ำ/ตกถนนในทางตรง", "road_type": "ทางหลวง", "speed_limit": 90, "road_label": "คลองบางหลวง - ต่างระดับเชียงรากน้อย", "road_label_source": "record", "road_ref": "ทล.3902 กม.62.7-63.6", "medoid_raw": [100.459857, 14.049232], "snap_distance_m": 20.83}}, {"type": "Feature", "geometry": {"type": "Point", "coordinates": [100.457281, 14.044043]}, "properties": {"id": "zone_433", "unit_type": "cluster", "centroid": [14.04409, 100.457327], "radius_m": 40.3, "province": "ปทุมธานี", "road": "คลองบางหลวง - ต่างระดับเชียงรากน้อย", "route_code": "3902", "km_min": 62.341, "km_max": 62.4, "accident_count": 3, "deaths": 0, "serious_injury": 0, "minor_injury": 6, "fatal_crashes": 0, "injured_total": 6, "severity_index": 2.0, "level": "high", "economic_loss": 348000, "epdo_million": 0.348, "single_count": 2, "multi_count": 1, "single_pct": 66.7, "multi_pct": 33.3, "pattern": "single", "top_cause": "สูญเสียการควบคุม", "road_feature": "ทางตรง+ไม่มีความลาดชัน", "crash_pattern": "พลิกคว่ำ/ตกถนนในทางตรง", "road_type": "ทางหลวง", "speed_limit": 90, "road_label": "คลองบางหลวง - ต่างระดับเชียงรากน้อย", "road_label_source": "record", "road_ref": "ทล.3902 กม.62.3-62.4", "medoid_raw": [100.457296, 14.044035], "snap_distance_m": 1.85}}, {"type": "Feature", "geometry": {"type": "Point", "coordinates": [100.461014, 14.049061]}, "properties": {"id": "zone_434", "unit_type": "cluster", "centroid": [14.049065, 100.460771], "radius_m": 197.8, "province": "ปทุมธานี", "road": "ไม่ระบุ", "route_code": "346", "km_min": 19.7, "km_max": 61.9, "accident_count": 5, "deaths": 1, "serious_injury": 0, "minor_injury": 3, "fatal_crashes": 1, "injured_total": 3, "severity_index": 0.8, "level": "low", "economic_loss": 6874000, "epdo_million": 6.874, "single_count": 5, "multi_count": 0, "single_pct": 100.0, "multi_pct": 0.0, "pattern": "single", "top_cause": "ขับรถเร็วเกินอัตรากำหนด", "road_feature": "ทางตรง+ไม่มีความลาดชัน", "crash_pattern": "พลิกคว่ำ/ตกถนนในทางตรง", "road_type": "ทางหลวง", "speed_limit": 90, "road_label": "แยกบ้านกลาง - ต่างระดับลาดหลุมแก้ว", "road_label_source": "nearest_road", "road_ref": "ทล.346 กม.19.7-61.9", "medoid_raw": [100.46098, 14.049002], "snap_distance_m": 7.52}}, {"type": "Feature", "geometry": {"type": "Point", "coordinates": [100.617829, 13.975052]}, "properties": {"id": "zone_435", "unit_type": "cluster", "centroid": [13.974759, 100.617909], "radius_m": 100.9, "province": "ปทุมธานี", "road": "สนามกีฬาธูปะเตมีย์ - ต่างระดับคลองหลวง", "route_code": "1", "km_min": 30.4, "km_max": 30.5, "accident_count": 3, "deaths": 2, "serious_injury": 0, "minor_injury": 0, "fatal_crashes": 2, "injured_total": 0, "severity_index": 0.6667, "level": "low", "economic_loss": 13400000, "epdo_million": 13.4, "single_count": 3, "multi_count": 0, "single_pct": 100.0, "multi_pct": 0.0, "pattern": "single", "top_cause": "ความประมาท/เร่งรีบ (วิ่งตัดหน้า)", "road_feature": "ทางตรง+ไม่มีความลาดชัน", "crash_pattern": "ชนคนเดินเท้า", "road_type": "ทางหลวง", "speed_limit": 90, "road_label": "สนามกีฬาธูปะเตมีย์ - ต่างระดับคลองหลวง", "road_label_source": "record", "road_ref": "ทล.1 กม.30.4-30.5", "medoid_raw": [100.617852, 13.975056], "snap_distance_m": 2.52}}, {"type": "Feature", "geometry": {"type": "Point", "coordinates": [100.580723, 14.039543]}, "properties": {"id": "zone_436", "unit_type": "cluster", "centroid": [14.039537, 100.580776], "radius_m": 25.0, "province": "ปทุมธานี", "road": "บางปะอิน-แจ้งวัฒนะ", "route_code": "E005S012|U", "km_min": 17.1, "km_max": 17.1, "accident_count": 3, "deaths": 0, "serious_injury": 0, "minor_injury": 3, "fatal_crashes": 0, "injured_total": 3, "severity_index": 1.0, "level": "medium", "economic_loss": 174000, "epdo_million": 0.174, "single_count": 2, "multi_count": 1, "single_pct": 66.7, "multi_pct": 33.3, "pattern": "single", "top_cause": "ไม่ระบุ", "road_feature": "ทางตรง", "crash_pattern": "อื่นๆ", "road_type": "การทางพิเศษ", "speed_limit": 100, "road_label": "บางปะอิน-แจ้งวัฒนะ", "road_label_source": "record", "road_ref": "ทางพิเศษสายE005S012|U กม.17.1", "medoid_raw": [100.580699, 14.039545], "snap_distance_m": 2.6}}, {"type": "Feature", "geometry": {"type": "Point", "coordinates": [100.85991, 13.957677]}, "properties": {"id": "zone_437", "unit_type": "cluster", "centroid": [13.957687, 100.859909], "radius_m": 0.0, "province": "ปทุมธานี", "road": "ไม่ระบุ", "route_code": "3312", "km_min": 28.14, "km_max": 28.14, "accident_count": 8, "deaths": 1, "serious_injury": 0, "minor_injury": 11, "fatal_crashes": 1, "injured_total": 11, "severity_index": 1.5, "level": "medium", "economic_loss": 7338000, "epdo_million": 7.338, "single_count": 1, "multi_count": 7, "single_pct": 12.5, "multi_pct": 87.5, "pattern": "multiple", "top_cause": "ขับรถเร็วเกินอัตรากำหนด", "road_feature": "ไม่ระบุ", "crash_pattern": "ชนในทิศทางตรงกันข้าม (ไม่ใช่การแซง)", "road_type": "ทางหลวง", "speed_limit": 90, "road_label": "ลำลูกกา - คลอง16", "road_label_source": "nearest_road", "road_ref": "ทล.3312 กม.28.1", "medoid_raw": [100.859909, 13.957687], "snap_distance_m": 1.12}}, {"type": "Feature", "geometry": {"type": "Point", "coordinates": [100.577872, 14.097276]}, "properties": {"id": "zone_438", "unit_type": "cluster", "centroid": [14.09755, 100.577749], "radius_m": 100.9, "province": "ปทุมธานี", "road": "บางปะอิน-แจ้งวัฒนะ", "route_code": "E005S012|U", "km_min": 23.5, "km_max": 23.6, "accident_count": 3, "deaths": 0, "serious_injury": 0, "minor_injury": 1, "fatal_crashes": 0, "injured_total": 1, "severity_index": 0.3333, "level": "low", "economic_loss": 58000, "epdo_million": 0.058, "single_count": 3, "multi_count": 0, "single_pct": 100.0, "multi_pct": 0.0, "pattern": "single", "top_cause": "ไม่ระบุ", "road_feature": "ทางตรง", "crash_pattern": "อื่นๆ", "road_type": "การทางพิเศษ", "speed_limit": 100, "road_label": "บางปะอิน-แจ้งวัฒนะ", "road_label_source": "record", "road_ref": "ทางพิเศษสายE005S012|U กม.23.5-23.6", "medoid_raw": [100.57791, 14.097278], "snap_distance_m": 4.1}}, {"type": "Feature", "geometry": {"type": "Point", "coordinates": [100.566424, 13.959765]}, "properties": {"id": "zone_439", "unit_type": "cluster", "centroid": [13.959722, 100.5665], "radius_m": 106.7, "province": "ปทุมธานี", "road": "บางปะอิน-แจ้งวัฒนะ", "route_code": "E005S012|I", "km_min": 7.8, "km_max": 8.0, "accident_count": 3, "deaths": 0, "serious_injury": 0, "minor_injury": 1, "fatal_crashes": 0, "injured_total": 1, "severity_index": 0.3333, "level": "low", "economic_loss": 58000, "epdo_million": 0.058, "single_count": 0, "multi_count": 3, "single_pct": 0.0, "multi_pct": 100.0, "pattern": "multiple", "top_cause": "ไม่ระบุ", "road_feature": "ทางตรง", "crash_pattern": "ชนท้าย", "road_type": "การทางพิเศษ", "speed_limit": 100, "road_label": "บางปะอิน-แจ้งวัฒนะ", "road_label_source": "record", "road_ref": "ทางพิเศษสายE005S012|I กม.7.8-8", "medoid_raw": [100.566346, 13.959786], "snap_distance_m": 8.73}}, {"type": "Feature", "geometry": {"type": "Point", "coordinates": [100.759233, 14.030546]}, "properties": {"id": "zone_440", "unit_type": "cluster", "centroid": [14.0307, 100.759914], "radius_m": 289.8, "province": "ปทุมธานี", "road": "วัดนาบุญ - คลอง14", "route_code": "305", "km_min": 15.4, "km_max": 15.8, "accident_count": 5, "deaths": 0, "serious_injury": 0, "minor_injury": 4, "fatal_crashes": 0, "injured_total": 4, "severity_index": 0.8, "level": "low", "economic_loss": 232000, "epdo_million": 0.232, "single_count": 0, "multi_count": 5, "single_pct": 0.0, "multi_pct": 100.0, "pattern": "multiple", "top_cause": "ขับรถเร็วเกินอัตรากำหนด", "road_feature": "ทางตรง+ไม่มีความลาดชัน", "crash_pattern": "ชนท้าย", "road_type": "ทางหลวง", "speed_limit": 90, "road_label": "วัดนาบุญ - คลอง14", "road_label_source": "record", "road_ref": "ทล.305 กม.15.4-15.8", "medoid_raw": [100.759235, 14.030541], "snap_distance_m": 0.6}}, {"type": "Feature", "geometry": {"type": "Point", "coordinates": [100.356699, 14.023364]}, "properties": {"id": "zone_441", "unit_type": "cluster", "centroid": [14.023382, 100.356832], "radius_m": 50.1, "province": "ปทุมธานี", "road": "ไม่ระบุ", "route_code": "340", "km_min": 11.29, "km_max": 11.37, "accident_count": 3, "deaths": 2, "serious_injury": 1, "minor_injury": 1, "fatal_crashes": 2, "injured_total": 2, "severity_index": 1.3333, "level": "medium", "economic_loss": 15458000, "epdo_million": 15.458, "single_count": 3, "multi_count": 0, "single_pct": 100.0, "multi_pct": 0.0, "pattern": "single", "top_cause": "ถนนลื่น", "road_feature": "ทางตรง+ไม่มีความลาดชัน", "crash_pattern": "พลิกคว่ำ/ตกถนนในทางตรง", "road_type": "ทางหลวง", "speed_limit": 90, "road_label": "บางบัวทอง - ลาดบัวหลวง", "road_label_source": "nearest_road", "road_ref": "ทล.340 กม.11.3-11.4", "medoid_raw": [100.356796, 14.023431], "snap_distance_m": 12.85}}, {"type": "Feature", "geometry": {"type": "Point", "coordinates": [100.766551, 13.940922]}, "properties": {"id": "zone_442", "unit_type": "cluster", "centroid": [13.941224, 100.766724], "radius_m": 145.2, "province": "ปทุมธานี", "road": "ลำลูกกา - คลอง16", "route_code": "3312", "km_min": 17.7, "km_max": 17.95, "accident_count": 4, "deaths": 1, "serious_injury": 0, "minor_injury": 3, "fatal_crashes": 1, "injured_total": 3, "severity_index": 1.0, "level": "medium", "economic_loss": 6874000, "epdo_million": 6.874, "single_count": 2, "multi_count": 2, "single_pct": 50.0, "multi_pct": 50.0, "pattern": "mixed", "top_cause": "ขับรถเร็วเกินอัตรากำหนด", "road_feature": "ทางตรง+ไม่มีความลาดชัน", "crash_pattern": "พลิกคว่ำ/ตกถนนในทางตรง", "road_type": "ทางหลวง", "speed_limit": 90, "road_label": "ลำลูกกา - คลอง16", "road_label_source": "record", "road_ref": "ทล.3312 กม.17.7-17.9", "medoid_raw": [100.766551, 13.940923], "snap_distance_m": 0.11}}, {"type": "Feature", "geometry": {"type": "Point", "coordinates": [100.580245, 14.055763]}, "properties": {"id": "zone_443", "unit_type": "cluster", "centroid": [14.056063, 100.580197], "radius_m": 100.8, "province": "ปทุมธานี", "road": "บางปะอิน-แจ้งวัฒนะ", "route_code": "E005S012|U", "km_min": 18.9, "km_max": 19.0, "accident_count": 3, "deaths": 0, "serious_injury": 0, "minor_injury": 4, "fatal_crashes": 0, "injured_total": 4, "severity_index": 1.3333, "level": "medium", "economic_loss": 232000, "epdo_million": 0.232, "single_count": 3, "multi_count": 0, "single_pct": 100.0, "multi_pct": 0.0, "pattern": "single", "top_cause": "ไม่ระบุ", "road_feature": "ทางตรง", "crash_pattern": "อื่นๆ", "road_type": "การทางพิเศษ", "speed_limit": 100, "road_label": "บางปะอิน-แจ้งวัฒนะ", "road_label_source": "record", "road_ref": "ทางพิเศษสายE005S012|U กม.18.9-19", "medoid_raw": [100.580214, 14.055761], "snap_distance_m": 3.35}}, {"type": "Feature", "geometry": {"type": "Point", "coordinates": [100.580351, 14.053953]}, "properties": {"id": "zone_444", "unit_type": "cluster", "centroid": [14.053653, 100.580342], "radius_m": 99.5, "province": "ปทุมธานี", "road": "บางปะอิน-แจ้งวัฒนะ", "route_code": "E005S012|U", "km_min": 18.6, "km_max": 18.7, "accident_count": 3, "deaths": 0, "serious_injury": 0, "minor_injury": 8, "fatal_crashes": 0, "injured_total": 8, "severity_index": 2.6667, "level": "high", "economic_loss": 464000, "epdo_million": 0.464, "single_count": 1, "multi_count": 2, "single_pct": 33.3, "multi_pct": 66.7, "pattern": "multiple", "top_cause": "ไม่ระบุ", "road_feature": "ทางตรง", "crash_pattern": "ชนท้าย", "road_type": "การทางพิเศษ", "speed_limit": 100, "road_label": "บางปะอิน-แจ้งวัฒนะ", "road_label_source": "record", "road_ref": "ทางพิเศษสายE005S012|U กม.18.6-18.7", "medoid_raw": [100.580324, 14.053951], "snap_distance_m": 2.92}}, {"type": "Feature", "geometry": {"type": "Point", "coordinates": [100.616735, 13.981523]}, "properties": {"id": "zone_445", "unit_type": "cluster", "centroid": [13.98157, 100.616848], "radius_m": 164.1, "province": "ปทุมธานี", "road": "ไม่ระบุ", "route_code": "1", "km_min": 31.06, "km_max": 31.224, "accident_count": 3, "deaths": 0, "serious_injury": 0, "minor_injury": 0, "fatal_crashes": 0, "injured_total": 0, "severity_index": 0.0, "level": "low", "economic_loss": 0, "epdo_million": 0.0, "single_count": 3, "multi_count": 0, "single_pct": 100.0, "multi_pct": 0.0, "pattern": "single", "top_cause": "หลับใน", "road_feature": "ทางตรง+ไม่มีความลาดชัน", "crash_pattern": "พลิกคว่ำ/ตกถนนในทางตรง", "road_type": "ทางหลวง", "speed_limit": 90, "road_label": "สนามกีฬาธูปะเตมีย์ - ต่างระดับคลองหลวง", "road_label_source": "nearest_road", "road_ref": "ทล.1 กม.31.1-31.2", "medoid_raw": [100.616789, 13.981531], "snap_distance_m": 5.89}}, {"type": "Feature", "geometry": {"type": "Point", "coordinates": [100.873528, 14.070032]}, "properties": {"id": "zone_446", "unit_type": "cluster", "centroid": [14.070027, 100.873533], "radius_m": 98.0, "province": "ปทุมธานี", "road": "วัดนาบุญ - คลอง14", "route_code": "305", "km_min": 29.0, "km_max": 29.2, "accident_count": 3, "deaths": 2, "serious_injury": 0, "minor_injury": 1, "fatal_crashes": 2, "injured_total": 1, "severity_index": 1.0, "level": "medium", "economic_loss": 13458000, "epdo_million": 13.458, "single_count": 3, "multi_count": 0, "single_pct": 100.0, "multi_pct": 0.0, "pattern": "single", "top_cause": "ขับรถเร็วเกินอัตรากำหนด", "road_feature": "ทางตรง+ไม่มีความลาดชัน", "crash_pattern": "พลิกคว่ำ/ตกถนนในทางตรง", "road_type": "ทางหลวง", "speed_limit": 90, "road_label": "วัดนาบุญ - คลอง14", "road_label_source": "record", "road_ref": "ทล.305 กม.29-29.2", "medoid_raw": [100.873516, 14.070064], "snap_distance_m": 3.79}}, {"type": "Feature", "geometry": {"type": "Point", "coordinates": [100.747853, 13.979147]}, "properties": {"id": "zone_447", "unit_type": "cluster", "centroid": [13.979357, 100.747919], "radius_m": 88.7, "province": "ปทุมธานี", "road": "แยกทางหลวงหมายเลข 305 (กม.ที่ 15+700) - บ้านลำลูกกา", "route_code": "ปท.3004", "km_min": 5.2, "km_max": 5.3, "accident_count": 3, "deaths": 2, "serious_injury": 0, "minor_injury": 2, "fatal_crashes": 2, "injured_total": 2, "severity_index": 1.3333, "level": "medium", "economic_loss": 13516000, "epdo_million": 13.516, "single_count": 0, "multi_count": 3, "single_pct": 0.0, "multi_pct": 100.0, "pattern": "multiple", "top_cause": "ขับรถเร็วเกินอัตรากำหนด", "road_feature": "ทางตรง+ไม่มีความลาดชัน", "crash_pattern": "ไม่ระบุ", "road_type": "ทางหลวงชนบท", "speed_limit": 80, "road_label": "แยกทางหลวงหมายเลข 305 (กม.ที่ 15+700) - บ้านลำลูกกา", "road_label_source": "record", "road_ref": "ทช.ปท.3004 กม.5.2-5.3", "medoid_raw": [100.747862, 13.979145], "snap_distance_m": 1.0}}, {"type": "Feature", "geometry": {"type": "Point", "coordinates": [100.621316, 13.612161]}, "properties": {"id": "zone_448", "unit_type": "cluster", "centroid": [13.612189, 100.62134], "radius_m": 0.0, "province": "สมุทรปราการ", "road": "บางพลี-สุขสวัสดิ์", "route_code": "E007S013|U", "km_min": 10.6, "km_max": 10.6, "accident_count": 3, "deaths": 0, "serious_injury": 0, "minor_injury": 2, "fatal_crashes": 0, "injured_total": 2, "severity_index": 0.6667, "level": "low", "economic_loss": 116000, "epdo_million": 0.116, "single_count": 3, "multi_count": 0, "single_pct": 100.0, "multi_pct": 0.0, "pattern": "single", "top_cause": "ขับรถกระชั้นชิด", "road_feature": "ทางตรง", "crash_pattern": "พลิกคว่ำ/ตกถนนในทางตรง", "road_type": "การทางพิเศษ", "speed_limit": 100, "road_label": "บางพลี-สุขสวัสดิ์", "road_label_source": "record", "road_ref": "ทางพิเศษสายE007S013|U กม.10.6", "medoid_raw": [100.62134, 13.612189], "snap_distance_m": 4.05}}, {"type": "Feature", "geometry": {"type": "Point", "coordinates": [100.73632, 13.621347]}, "properties": {"id": "zone_449", "unit_type": "cluster", "centroid": [13.621153, 100.736605], "radius_m": 202.3, "province": "สมุทรปราการ", "road": "ทางเข้าท่าอากาศยานสุวรรณภูมิ - บางวัว", "route_code": "34", "km_min": 15.0, "km_max": 15.3, "accident_count": 5, "deaths": 0, "serious_injury": 2, "minor_injury": 0, "fatal_crashes": 0, "injured_total": 2, "severity_index": 0.4, "level": "low", "economic_loss": 4000000, "epdo_million": 4.0, "single_count": 5, "multi_count": 0, "single_pct": 100.0, "multi_pct": 0.0, "pattern": "single", "top_cause": "หลับใน", "road_feature": "ทางตรง+ที่ราบ", "crash_pattern": "พลิกคว่ำ/ตกถนนในทางตรง", "road_type": "ทางหลวง", "speed_limit": 90, "road_label": "ทางเข้าท่าอากาศยานสุวรรณภูมิ - บางวัว", "road_label_source": "record", "road_ref": "ทล.34 กม.15-15.3", "medoid_raw": [100.736318, 13.621342], "snap_distance_m": 0.6}}, {"type": "Feature", "geometry": {"type": "Point", "coordinates": [100.896886, 13.635995]}, "properties": {"id": "zone_450", "unit_type": "cluster", "centroid": [13.636337, 100.896211], "radius_m": 1140.0, "province": "สมุทรปราการ", "road": "แขวงคลองสองต้นนุ่น - พิมพา", "route_code": "7", "km_min": 32.1, "km_max": 34.2, "accident_count": 32, "deaths": 0, "serious_injury": 1, "minor_injury": 11, "fatal_crashes": 0, "injured_total": 12, "severity_index": 0.375, "level": "low", "economic_loss": 2638000, "epdo_million": 2.638, "single_count": 12, "multi_count": 20, "single_pct": 37.5, "multi_pct": 62.5, "pattern": "multiple", "top_cause": "ขับรถเร็วเกินอัตรากำหนด", "road_feature": "ทางตรง+ไม่มีความลาดชัน", "crash_pattern": "ชนท้าย", "road_type": "ทางหลวง", "speed_limit": 90, "road_label": "แขวงคลองสองต้นนุ่น - พิมพา", "road_label_source": "record", "road_ref": "ทล.7 กม.32.1-34.2", "medoid_raw": [100.896905, 13.636023], "snap_distance_m": 3.73}}, {"type": "Feature", "geometry": {"type": "Point", "coordinates": [100.908284, 13.628492]}, "properties": {"id": "zone_451", "unit_type": "cluster", "centroid": [13.628629, 100.908218], "radius_m": 399.6, "province": "สมุทรปราการ", "road": "แขวงคลองสองต้นนุ่น - พิมพา", "route_code": "7", "km_min": 34.5, "km_max": 35.3, "accident_count": 19, "deaths": 0, "serious_injury": 0, "minor_injury": 5, "fatal_crashes": 0, "injured_total": 5, "severity_index": 0.2632, "level": "low", "economic_loss": 290000, "epdo_million": 0.29, "single_count": 7, "multi_count": 12, "single_pct": 36.8, "multi_pct": 63.2, "pattern": "multiple", "top_cause": "ขับรถเร็วเกินอัตรากำหนด", "road_feature": "ทางตรง+ไม่มีความลาดชัน", "crash_pattern": "ชนท้าย", "road_type": "ทางหลวง", "speed_limit": 90, "road_label": "แขวงคลองสองต้นนุ่น - พิมพา", "road_label_source": "record", "road_ref": "ทล.7 กม.34.5-35.3", "medoid_raw": [100.908338, 13.628571], "snap_distance_m": 10.55}}, {"type": "Feature", "geometry": {"type": "Point", "coordinates": [100.885316, 13.643234]}, "properties": {"id": "zone_452", "unit_type": "cluster", "centroid": [13.643365, 100.885284], "radius_m": 301.8, "province": "สมุทรปราการ", "road": "แขวงคลองสองต้นนุ่น - พิมพา", "route_code": "7", "km_min": 31.6, "km_max": 32.0, "accident_count": 10, "deaths": 0, "serious_injury": 0, "minor_injury": 1, "fatal_crashes": 0, "injured_total": 1, "severity_index": 0.1, "level": "low", "economic_loss": 58000, "epdo_million": 0.058, "single_count": 2, "multi_count": 8, "single_pct": 20.0, "multi_pct": 80.0, "pattern": "multiple", "top_cause": "ขับรถเร็วเกินอัตรากำหนด", "road_feature": "ทางตรง+ไม่มีความลาดชัน", "crash_pattern": "ชนท้าย", "road_type": "ทางหลวง", "speed_limit": 90, "road_label": "แขวงคลองสองต้นนุ่น - พิมพา", "road_label_source": "record", "road_ref": "ทล.7 กม.31.6-32", "medoid_raw": [100.885374, 13.643319], "snap_distance_m": 11.34}}, {"type": "Feature", "geometry": {"type": "Point", "coordinates": [100.886132, 13.642711]}, "properties": {"id": "zone_453", "unit_type": "cluster", "centroid": [13.642413, 100.886709], "radius_m": 193.5, "province": "สมุทรปราการ", "road": "ไม่ระบุ", "route_code": "7", "km_min": 31.9, "km_max": 32.2, "accident_count": 4, "deaths": 0, "serious_injury": 0, "minor_injury": 0, "fatal_crashes": 0, "injured_total": 0, "severity_index": 0.0, "level": "low", "economic_loss": 0, "epdo_million": 0.0, "single_count": 3, "multi_count": 1, "single_pct": 75.0, "multi_pct": 25.0, "pattern": "single", "top_cause": "ยางเสื่อมสภาพ/ยางแตก", "road_feature": "ทางตรง+ไม่มีความลาดชัน", "crash_pattern": "พลิกคว่ำ/ตกถนนในทางตรง", "road_type": "ทางหลวง", "speed_limit": 90, "road_label": "แขวงคลองสองต้นนุ่น - พิมพา", "road_label_source": "nearest_road", "road_ref": "ทล.7 กม.31.9-32.2", "medoid_raw": [100.886107, 13.642674], "snap_distance_m": 4.92}}, {"type": "Feature", "geometry": {"type": "Point", "coordinates": [100.896816, 13.635852]}, "properties": {"id": "zone_454", "unit_type": "cluster", "centroid": [13.636055, 100.896518], "radius_m": 101.4, "province": "สมุทรปราการ", "road": "ไม่ระบุ", "route_code": "7", "km_min": 33.3, "km_max": 33.4, "accident_count": 5, "deaths": 0, "serious_injury": 0, "minor_injury": 8, "fatal_crashes": 0, "injured_total": 8, "severity_index": 1.6, "level": "medium", "economic_loss": 464000, "epdo_million": 0.464, "single_count": 2, "multi_count": 3, "single_pct": 40.0, "multi_pct": 60.0, "pattern": "multiple", "top_cause": "ขับรถเร็วเกินอัตรากำหนด", "road_feature": "ทางตรง+ไม่มีความลาดชัน", "crash_pattern": "ชนท้าย", "road_type": "ทางหลวง", "speed_limit": 90, "road_label": "แขวงคลองสองต้นนุ่น - พิมพา", "road_label_source": "nearest_road", "road_ref": "ทล.7 กม.33.3-33.4", "medoid_raw": [100.8968, 13.635828], "snap_distance_m": 3.18}}, {"type": "Feature", "geometry": {"type": "Point", "coordinates": [100.890634, 13.639789]}, "properties": {"id": "zone_455", "unit_type": "cluster", "centroid": [13.639986, 100.890536], "radius_m": 93.5, "province": "สมุทรปราการ", "road": "ไม่ระบุ", "route_code": "7", "km_min": 32.5, "km_max": 32.6, "accident_count": 4, "deaths": 0, "serious_injury": 0, "minor_injury": 3, "fatal_crashes": 0, "injured_total": 3, "severity_index": 0.75, "level": "low", "economic_loss": 174000, "epdo_million": 0.174, "single_count": 2, "multi_count": 2, "single_pct": 50.0, "multi_pct": 50.0, "pattern": "mixed", "top_cause": "ขับรถเร็วเกินอัตรากำหนด", "road_feature": "ทางตรง+ไม่มีความลาดชัน", "crash_pattern": "ชนท้าย", "road_type": "ทางหลวง", "speed_limit": 90, "road_label": "แขวงคลองสองต้นนุ่น - พิมพา", "road_label_source": "nearest_road", "road_ref": "ทล.7 กม.32.5-32.6", "medoid_raw": [100.890632, 13.639782], "snap_distance_m": 0.81}}, {"type": "Feature", "geometry": {"type": "Point", "coordinates": [100.907647, 13.629187]}, "properties": {"id": "zone_456", "unit_type": "cluster", "centroid": [13.629069, 100.907583], "radius_m": 98.8, "province": "สมุทรปราการ", "road": "ไม่ระบุ", "route_code": "7", "km_min": 34.7, "km_max": 34.9, "accident_count": 3, "deaths": 0, "serious_injury": 0, "minor_injury": 3, "fatal_crashes": 0, "injured_total": 3, "severity_index": 1.0, "level": "medium", "economic_loss": 174000, "epdo_million": 0.174, "single_count": 0, "multi_count": 3, "single_pct": 0.0, "multi_pct": 100.0, "pattern": "multiple", "top_cause": "ขับรถเร็วเกินอัตรากำหนด", "road_feature": "ทางตรง+ไม่มีความลาดชัน", "crash_pattern": "ชนท้าย", "road_type": "ทางหลวง", "speed_limit": 90, "road_label": "แขวงคลองสองต้นนุ่น - พิมพา", "road_label_source": "nearest_road", "road_ref": "ทล.7 กม.34.7-34.9", "medoid_raw": [100.907615, 13.62914], "snap_distance_m": 6.27}}, {"type": "Feature", "geometry": {"type": "Point", "coordinates": [100.902934, 13.631922]}, "properties": {"id": "zone_457", "unit_type": "cluster", "centroid": [13.631808, 100.903169], "radius_m": 200.7, "province": "สมุทรปราการ", "road": "ไม่ระบุ", "route_code": "7", "km_min": 34.0, "km_max": 34.4, "accident_count": 7, "deaths": 0, "serious_injury": 0, "minor_injury": 2, "fatal_crashes": 0, "injured_total": 2, "severity_index": 0.2857, "level": "low", "economic_loss": 116000, "epdo_million": 0.116, "single_count": 1, "multi_count": 6, "single_pct": 14.3, "multi_pct": 85.7, "pattern": "multiple", "top_cause": "ขับรถเร็วเกินอัตรากำหนด", "road_feature": "ทางตรง+ไม่มีความลาดชัน", "crash_pattern": "ชนท้าย", "road_type": "ทางหลวง", "speed_limit": 90, "road_label": "แขวงคลองสองต้นนุ่น - พิมพา", "road_label_source": "nearest_road", "road_ref": "ทล.7 กม.34-34.4", "medoid_raw": [100.902915, 13.631894], "snap_distance_m": 3.73}}, {"type": "Feature", "geometry": {"type": "Point", "coordinates": [100.717305, 13.630309]}, "properties": {"id": "zone_458", "unit_type": "cluster", "centroid": [13.630214, 100.717731], "radius_m": 93.7, "province": "สมุทรปราการ", "road": "บางนา-ชลบุรี", "route_code": "E004S009|U", "km_min": 13.0, "km_max": 13.1, "accident_count": 4, "deaths": 0, "serious_injury": 0, "minor_injury": 2, "fatal_crashes": 0, "injured_total": 2, "severity_index": 0.5, "level": "low", "economic_loss": 116000, "epdo_million": 0.116, "single_count": 2, "multi_count": 2, "single_pct": 50.0, "multi_pct": 50.0, "pattern": "mixed", "top_cause": "ละสายตาจากการขับขี่", "road_feature": "ทางตรง", "crash_pattern": "ชนท้าย", "road_type": "การทางพิเศษ", "speed_limit": 100, "road_label": "บางนา-ชลบุรี", "road_label_source": "record", "road_ref": "ทางพิเศษสายE004S009|U กม.13-13.1", "medoid_raw": [100.717311, 13.630319], "snap_distance_m": 1.29}}, {"type": "Feature", "geometry": {"type": "Point", "coordinates": [100.833981, 13.682154]}, "properties": {"id": "zone_459", "unit_type": "cluster", "centroid": [13.682057, 100.833986], "radius_m": 398.7, "province": "สมุทรปราการ", "road": "แขวงคลองสองต้นนุ่น - พิมพา", "route_code": "7", "km_min": 24.4, "km_max": 25.1, "accident_count": 15, "deaths": 0, "serious_injury": 0, "minor_injury": 1, "fatal_crashes": 0, "injured_total": 1, "severity_index": 0.0667, "level": "low", "economic_loss": 58000, "epdo_million": 0.058, "single_count": 3, "multi_count": 12, "single_pct": 20.0, "multi_pct": 80.0, "pattern": "multiple", "top_cause": "ขับรถเร็วเกินอัตรากำหนด", "road_feature": "ทางตรง+ไม่มีความลาดชัน", "crash_pattern": "ชนท้าย", "road_type": "ทางหลวง", "speed_limit": 90, "road_label": "แขวงคลองสองต้นนุ่น - พิมพา", "road_label_source": "record", "road_ref": "ทล.7 กม.24.4-25.1", "medoid_raw": [100.834038, 13.68218], "snap_distance_m": 6.8}}, {"type": "Feature", "geometry": {"type": "Point", "coordinates": [100.851728, 13.665002]}, "properties": {"id": "zone_460", "unit_type": "cluster", "centroid": [13.664747, 100.851985], "radius_m": 3665.5, "province": "สมุทรปราการ", "road": "แขวงคลองสองต้นนุ่น - พิมพา", "route_code": "7", "km_min": 25.4, "km_max": 31.1, "accident_count": 317, "deaths": 1, "serious_injury": 0, "minor_injury": 42, "fatal_crashes": 1, "injured_total": 42, "severity_index": 0.1356, "level": "low", "economic_loss": 9136000, "epdo_million": 9.136, "single_count": 42, "multi_count": 275, "single_pct": 13.2, "multi_pct": 86.8, "pattern": "multiple", "top_cause": "ขับรถเร็วเกินอัตรากำหนด", "road_feature": "ทางตรง+ไม่มีความลาดชัน", "crash_pattern": "ชนท้าย", "road_type": "ทางหลวง", "speed_limit": 90, "road_label": "แขวงคลองสองต้นนุ่น - พิมพา", "road_label_source": "record", "road_ref": "ทล.7 กม.25.4-31.1", "medoid_raw": [100.851707, 13.664971], "snap_distance_m": 4.13}}, {"type": "Feature", "geometry": {"type": "Point", "coordinates": [100.849355, 13.666321]}, "properties": {"id": "zone_461", "unit_type": "cluster", "centroid": [13.666284, 100.849421], "radius_m": 894.4, "province": "สมุทรปราการ", "road": "ไม่ระบุ", "route_code": "7", "km_min": 26.3, "km_max": 28.0, "accident_count": 77, "deaths": 0, "serious_injury": 0, "minor_injury": 15, "fatal_crashes": 0, "injured_total": 15, "severity_index": 0.1948, "level": "low", "economic_loss": 870000, "epdo_million": 0.87, "single_count": 7, "multi_count": 70, "single_pct": 9.1, "multi_pct": 90.9, "pattern": "multiple", "top_cause": "ขับรถเร็วเกินอัตรากำหนด", "road_feature": "ทางตรง+ไม่มีความลาดชัน", "crash_pattern": "ชนท้าย", "road_type": "ทางหลวง", "speed_limit": 90, "road_label": "แขวงคลองสองต้นนุ่น - พิมพา", "road_label_source": "nearest_road", "road_ref": "ทล.7 กม.26.3-28", "medoid_raw": [100.849353, 13.666318], "snap_distance_m": 0.4}}, {"type": "Feature", "geometry": {"type": "Point", "coordinates": [100.868461, 13.654062]}, "properties": {"id": "zone_462", "unit_type": "cluster", "centroid": [13.653971, 100.868671], "radius_m": 103.2, "province": "สมุทรปราการ", "road": "ไม่ระบุ", "route_code": "7", "km_min": 29.6, "km_max": 29.8, "accident_count": 4, "deaths": 0, "serious_injury": 1, "minor_injury": 1, "fatal_crashes": 0, "injured_total": 2, "severity_index": 0.5, "level": "low", "economic_loss": 2058000, "epdo_million": 2.058, "single_count": 0, "multi_count": 4, "single_pct": 0.0, "multi_pct": 100.0, "pattern": "multiple", "top_cause": "ขับรถเร็วเกินอัตรากำหนด", "road_feature": "ทางตรง+ไม่มีความลาดชัน", "crash_pattern": "ชนท้าย", "road_type": "ทางหลวง", "speed_limit": 90, "road_label": "แขวงคลองสองต้นนุ่น - พิมพา", "road_label_source": "nearest_road", "road_ref": "ทล.7 กม.29.6-29.8", "medoid_raw": [100.86845, 13.654046], "snap_distance_m": 2.14}}, {"type": "Feature", "geometry": {"type": "Point", "coordinates": [100.839395, 13.672743]}, "properties": {"id": "zone_463", "unit_type": "cluster", "centroid": [13.672822, 100.839726], "radius_m": 248.1, "province": "สมุทรปราการ", "road": "ไม่ระบุ", "route_code": "7", "km_min": 25.5, "km_max": 26.0, "accident_count": 11, "deaths": 0, "serious_injury": 0, "minor_injury": 0, "fatal_crashes": 0, "injured_total": 0, "severity_index": 0.0, "level": "low", "economic_loss": 0, "epdo_million": 0.0, "single_count": 4, "multi_count": 7, "single_pct": 36.4, "multi_pct": 63.6, "pattern": "multiple", "top_cause": "ขับรถเร็วเกินอัตรากำหนด", "road_feature": "ทางตรง+ไม่มีความลาดชัน", "crash_pattern": "ชนท้าย", "road_type": "ทางหลวง", "speed_limit": 90, "road_label": "แขวงคลองสองต้นนุ่น - พิมพา", "road_label_source": "nearest_road", "road_ref": "ทล.7 กม.25.5-26", "medoid_raw": [100.83942, 13.672766], "snap_distance_m": 3.72}}, {"type": "Feature", "geometry": {"type": "Point", "coordinates": [100.860809, 13.658975]}, "properties": {"id": "zone_464", "unit_type": "cluster", "centroid": [13.659245, 100.860515], "radius_m": 598.2, "province": "สมุทรปราการ", "road": "ไม่ระบุ", "route_code": "7", "km_min": 28.1, "km_max": 29.3, "accident_count": 24, "deaths": 0, "serious_injury": 0, "minor_injury": 8, "fatal_crashes": 0, "injured_total": 8, "severity_index": 0.3333, "level": "low", "economic_loss": 464000, "epdo_million": 0.464, "single_count": 5, "multi_count": 19, "single_pct": 20.8, "multi_pct": 79.2, "pattern": "multiple", "top_cause": "ขับรถเร็วเกินอัตรากำหนด", "road_feature": "ทางตรง+ไม่มีความลาดชัน", "crash_pattern": "ชนท้าย", "road_type": "ทางหลวง", "speed_limit": 90, "road_label": "แขวงคลองสองต้นนุ่น - พิมพา", "road_label_source": "nearest_road", "road_ref": "ทล.7 กม.28.1-29.3", "medoid_raw": [100.860801, 13.658964], "snap_distance_m": 1.5}}, {"type": "Feature", "geometry": {"type": "Point", "coordinates": [100.835773, 13.67845]}, "properties": {"id": "zone_465", "unit_type": "cluster", "centroid": [13.67863, 100.835714], "radius_m": 353.7, "province": "สมุทรปราการ", "road": "ไม่ระบุ", "route_code": "7", "km_min": 24.8, "km_max": 25.4, "accident_count": 6, "deaths": 0, "serious_injury": 0, "minor_injury": 0, "fatal_crashes": 0, "injured_total": 0, "severity_index": 0.0, "level": "low", "economic_loss": 0, "epdo_million": 0.0, "single_count": 4, "multi_count": 2, "single_pct": 66.7, "multi_pct": 33.3, "pattern": "single", "top_cause": "ขับรถเร็วเกินอัตรากำหนด", "road_feature": "ทางตรง+ไม่มีความลาดชัน", "crash_pattern": "พลิกคว่ำ/ตกถนนในทางตรง", "road_type": "ทางหลวง", "speed_limit": 90, "road_label": "แขวงคลองสองต้นนุ่น - พิมพา", "road_label_source": "nearest_road", "road_ref": "ทล.7 กม.24.8-25.4", "medoid_raw": [100.835831, 13.678478], "snap_distance_m": 7.0}}, {"type": "Feature", "geometry": {"type": "Point", "coordinates": [100.833169, 13.683798]}, "properties": {"id": "zone_466", "unit_type": "cluster", "centroid": [13.683982, 100.833146], "radius_m": 100.1, "province": "สมุทรปราการ", "road": "ไม่ระบุ", "route_code": "7", "km_min": 24.4, "km_max": 24.6, "accident_count": 5, "deaths": 0, "serious_injury": 0, "minor_injury": 1, "fatal_crashes": 0, "injured_total": 1, "severity_index": 0.2, "level": "low", "economic_loss": 58000, "epdo_million": 0.058, "single_count": 3, "multi_count": 2, "single_pct": 60.0, "multi_pct": 40.0, "pattern": "single", "top_cause": "ขับรถเร็วเกินอัตรากำหนด", "road_feature": "ทางตรง+ไม่มีความลาดชัน", "crash_pattern": "พลิกคว่ำ/ตกถนนในทางตรง", "road_type": "ทางหลวง", "speed_limit": 90, "road_label": "แขวงคลองสองต้นนุ่น - พิมพา", "road_label_source": "nearest_road", "road_ref": "ทล.7 กม.24.4-24.6", "medoid_raw": [100.833225, 13.683824], "snap_distance_m": 6.71}}, {"type": "Feature", "geometry": {"type": "Point", "coordinates": [100.876904, 13.648638]}, "properties": {"id": "zone_467", "unit_type": "cluster", "centroid": [13.648658, 100.876924], "radius_m": 494.9, "province": "สมุทรปราการ", "road": "ไม่ระบุ", "route_code": "7", "km_min": 30.3, "km_max": 31.1, "accident_count": 13, "deaths": 0, "serious_injury": 0, "minor_injury": 7, "fatal_crashes": 0, "injured_total": 7, "severity_index": 0.5385, "level": "low", "economic_loss": 406000, "epdo_million": 0.406, "single_count": 1, "multi_count": 12, "single_pct": 7.7, "multi_pct": 92.3, "pattern": "multiple", "top_cause": "ขับรถเร็วเกินอัตรากำหนด", "road_feature": "ทางตรง+ไม่มีความลาดชัน", "crash_pattern": "ชนท้าย", "road_type": "ทางหลวง", "speed_limit": 90, "road_label": "แขวงคลองสองต้นนุ่น - พิมพา", "road_label_source": "nearest_road", "road_ref": "ทล.7 กม.30.3-31.1", "medoid_raw": [100.876893, 13.648621], "snap_distance_m": 2.23}}, {"type": "Feature", "geometry": {"type": "Point", "coordinates": [100.870934, 13.652753]}, "properties": {"id": "zone_468", "unit_type": "cluster", "centroid": [13.65245, 100.87107], "radius_m": 99.8, "province": "สมุทรปราการ", "road": "ไม่ระบุ", "route_code": "7", "km_min": 30.0, "km_max": 30.1, "accident_count": 3, "deaths": 0, "serious_injury": 0, "minor_injury": 0, "fatal_crashes": 0, "injured_total": 0, "severity_index": 0.0, "level": "low", "economic_loss": 0, "epdo_million": 0.0, "single_count": 0, "multi_count": 3, "single_pct": 0.0, "multi_pct": 100.0, "pattern": "multiple", "top_cause": "ขับรถเร็วเกินอัตรากำหนด", "road_feature": "ทางตรง+ไม่มีความลาดชัน", "crash_pattern": "ชนท้าย", "road_type": "ทางหลวง", "speed_limit": 90, "road_label": "แขวงคลองสองต้นนุ่น - พิมพา", "road_label_source": "nearest_road", "road_ref": "ทล.7 กม.30-30.1", "medoid_raw": [100.870921, 13.652734], "snap_distance_m": 2.54}}, {"type": "Feature", "geometry": {"type": "Point", "coordinates": [100.672223, 13.65562]}, "properties": {"id": "zone_469", "unit_type": "cluster", "centroid": [13.655526, 100.672115], "radius_m": 35.8, "province": "สมุทรปราการ", "road": "บางนา - ทางเข้าท่าอากาศยานสุวรรณภูมิ", "route_code": "34", "km_min": 7.3, "km_max": 7.35, "accident_count": 4, "deaths": 0, "serious_injury": 0, "minor_injury": 0, "fatal_crashes": 0, "injured_total": 0, "severity_index": 0.0, "level": "low", "economic_loss": 0, "epdo_million": 0.0, "single_count": 4, "multi_count": 0, "single_pct": 100.0, "multi_pct": 0.0, "pattern": "single", "top_cause": "ขับรถเร็วเกินอัตรากำหนด", "road_feature": "ทางโค้งปกติ+ที่ราบ", "crash_pattern": "ชนสิ่งกีดขวาง (บนผิวจราจร)", "road_type": "ทางหลวง", "speed_limit": 90, "road_label": "บางนา - ทางเข้าท่าอากาศยานสุวรรณภูมิ", "road_label_source": "record", "road_ref": "ทล.34 กม.7.3", "medoid_raw": [100.672215, 13.655608], "snap_distance_m": 1.59}}, {"type": "Feature", "geometry": {"type": "Point", "coordinates": [100.676085, 13.65322]}, "properties": {"id": "zone_470", "unit_type": "cluster", "centroid": [13.653049, 100.676212], "radius_m": 205.0, "province": "สมุทรปราการ", "road": "บางนา - ทางเข้าท่าอากาศยานสุวรรณภูมิ", "route_code": "34", "km_min": 7.7, "km_max": 8.0, "accident_count": 5, "deaths": 1, "serious_injury": 0, "minor_injury": 3, "fatal_crashes": 1, "injured_total": 3, "severity_index": 0.8, "level": "low", "economic_loss": 6874000, "epdo_million": 6.874, "single_count": 2, "multi_count": 3, "single_pct": 40.0, "multi_pct": 60.0, "pattern": "multiple", "top_cause": "ขับรถเร็วเกินอัตราที่กำหนด", "road_feature": "ทางตรง+ที่ราบ", "crash_pattern": "ชนท้าย", "road_type": "ทางหลวง", "speed_limit": 90, "road_label": "บางนา - ทางเข้าท่าอากาศยานสุวรรณภูมิ", "road_label_source": "record", "road_ref": "ทล.34 กม.7.7-8", "medoid_raw": [100.676084, 13.653218], "snap_distance_m": 0.25}}, {"type": "Feature", "geometry": {"type": "Point", "coordinates": [100.675675, 13.635029]}, "properties": {"id": "zone_471", "unit_type": "cluster", "centroid": [13.635409, 100.676144], "radius_m": 195.7, "province": "สมุทรปราการ", "road": "บางพลี-สุขสวัสดิ์", "route_code": "E007S013|U", "km_min": 2.2, "km_max": 2.4, "accident_count": 3, "deaths": 0, "serious_injury": 0, "minor_injury": 0, "fatal_crashes": 0, "injured_total": 0, "severity_index": 0.0, "level": "low", "economic_loss": 0, "epdo_million": 0.0, "single_count": 2, "multi_count": 1, "single_pct": 66.7, "multi_pct": 33.3, "pattern": "single", "top_cause": "ละสายตาจากการขับขี่", "road_feature": "ทางตรง", "crash_pattern": "ชนสิ่งกีดขวาง (บนผิวจราจร)", "road_type": "การทางพิเศษ", "speed_limit": 100, "road_label": "บางพลี-สุขสวัสดิ์", "road_label_source": "record", "road_ref": "ทางพิเศษสายE007S013|U กม.2.2-2.4", "medoid_raw": [100.675708, 13.635004], "snap_distance_m": 4.52}}, {"type": "Feature", "geometry": {"type": "Point", "coordinates": [100.884168, 13.577901]}, "properties": {"id": "zone_472", "unit_type": "cluster", "centroid": [13.57795, 100.883946], "radius_m": 148.1, "province": "สมุทรปราการ", "road": "ทางเข้าท่าอากาศยานสุวรรณภูมิ - บางวัว", "route_code": "34", "km_min": 32.0, "km_max": 32.2, "accident_count": 12, "deaths": 1, "serious_injury": 3, "minor_injury": 1, "fatal_crashes": 1, "injured_total": 4, "severity_index": 0.4167, "level": "low", "economic_loss": 12758000, "epdo_million": 12.758, "single_count": 1, "multi_count": 11, "single_pct": 8.3, "multi_pct": 91.7, "pattern": "multiple", "top_cause": "ขับรถเร็วเกินอัตรากำหนด", "road_feature": "ทางตรง+ไม่มีความลาดชัน", "crash_pattern": "ชนท้าย", "road_type": "ทางหลวง", "speed_limit": 90, "road_label": "ทางเข้าท่าอากาศยานสุวรรณภูมิ - บางวัว", "road_label_source": "record", "road_ref": "ทล.34 กม.32-32.2", "medoid_raw": [100.88418, 13.577956], "snap_distance_m": 6.25}}, {"type": "Feature", "geometry": {"type": "Point", "coordinates": [100.881046, 13.578567]}, "properties": {"id": "zone_473", "unit_type": "cluster", "centroid": [13.578595, 100.881218], "radius_m": 51.4, "province": "สมุทรปราการ", "road": "ทางเข้าท่าอากาศยานสุวรรณภูมิ - บางวัว", "route_code": "34", "km_min": 31.7, "km_max": 31.8, "accident_count": 3, "deaths": 1, "serious_injury": 2, "minor_injury": 3, "fatal_crashes": 1, "injured_total": 5, "severity_index": 2.0, "level": "high", "economic_loss": 10874000, "epdo_million": 10.874, "single_count": 0, "multi_count": 3, "single_pct": 0.0, "multi_pct": 100.0, "pattern": "multiple", "top_cause": "มีการตัดหน้าระยะกระชั้นชิด", "road_feature": "ทางตรง+ที่ราบ", "crash_pattern": "ชนท้าย", "road_type": "ทางหลวง", "speed_limit": 90, "road_label": "ทางเข้าท่าอากาศยานสุวรรณภูมิ - บางวัว", "road_label_source": "record", "road_ref": "ทล.34 กม.31.7-31.8", "medoid_raw": [100.881047, 13.578571], "snap_distance_m": 0.46}}, {"type": "Feature", "geometry": {"type": "Point", "coordinates": [100.8775, 13.579436]}, "properties": {"id": "zone_474", "unit_type": "cluster", "centroid": [13.579384, 100.877488], "radius_m": 0.0, "province": "สมุทรปราการ", "road": "ทางเข้าท่าอากาศยานสุวรรณภูมิ - บางวัว", "route_code": "34", "km_min": 31.3, "km_max": 31.3, "accident_count": 3, "deaths": 0, "serious_injury": 0, "minor_injury": 0, "fatal_crashes": 0, "injured_total": 0, "severity_index": 0.0, "level": "low", "economic_loss": 0, "epdo_million": 0.0, "single_count": 2, "multi_count": 1, "single_pct": 66.7, "multi_pct": 33.3, "pattern": "single", "top_cause": "ขับรถเร็วเกินอัตรากำหนด", "road_feature": "ทางตรง+ไม่มีความลาดชัน", "crash_pattern": "ชนสิ่งกีดขวาง (บนผิวจราจร)", "road_type": "ทางหลวง", "speed_limit": 90, "road_label": "ทางเข้าท่าอากาศยานสุวรรณภูมิ - บางวัว", "road_label_source": "record", "road_ref": "ทล.34 กม.31.3", "medoid_raw": [100.877488, 13.579384], "snap_distance_m": 5.93}}, {"type": "Feature", "geometry": {"type": "Point", "coordinates": [100.878247, 13.579082]}, "properties": {"id": "zone_475", "unit_type": "cluster", "centroid": [13.579064, 100.878846], "radius_m": 192.9, "province": "สมุทรปราการ", "road": "บางนา-ชลบุรี", "route_code": "E004S009|U", "km_min": 31.4, "km_max": 31.6, "accident_count": 3, "deaths": 0, "serious_injury": 0, "minor_injury": 2, "fatal_crashes": 0, "injured_total": 2, "severity_index": 0.6667, "level": "low", "economic_loss": 116000, "epdo_million": 0.116, "single_count": 0, "multi_count": 3, "single_pct": 0.0, "multi_pct": 100.0, "pattern": "multiple", "top_cause": "ไม่ระบุ", "road_feature": "ทางตรง", "crash_pattern": "พลิกคว่ำ/ตกถนนในทางตรง", "road_type": "การทางพิเศษ", "speed_limit": 100, "road_label": "บางนา-ชลบุรี", "road_label_source": "record", "road_ref": "ทางพิเศษสายE004S009|U กม.31.4-31.6", "medoid_raw": [100.878253, 13.579108], "snap_distance_m": 2.96}}, {"type": "Feature", "geometry": {"type": "Point", "coordinates": [100.886381, 13.577368]}, "properties": {"id": "zone_476", "unit_type": "cluster", "centroid": [13.577319, 100.886982], "radius_m": 196.1, "province": "สมุทรปราการ", "road": "บางนา-ชลบุรี", "route_code": "E004S009|U", "km_min": 32.3, "km_max": 32.5, "accident_count": 3, "deaths": 0, "serious_injury": 0, "minor_injury": 8, "fatal_crashes": 0, "injured_total": 8, "severity_index": 2.6667, "level": "high", "economic_loss": 464000, "epdo_million": 0.464, "single_count": 0, "multi_count": 3, "single_pct": 0.0, "multi_pct": 100.0, "pattern": "multiple", "top_cause": "ไม่ระบุ", "road_feature": "ทางตรง", "crash_pattern": "ชนท้าย", "road_type": "การทางพิเศษ", "speed_limit": 100, "road_label": "บางนา-ชลบุรี", "road_label_source": "record", "road_ref": "ทางพิเศษสายE004S009|U กม.32.3-32.5", "medoid_raw": [100.886379, 13.577361], "snap_distance_m": 0.81}}, {"type": "Feature", "geometry": {"type": "Point", "coordinates": [100.883722, 13.577996]}, "properties": {"id": "zone_477", "unit_type": "cluster", "centroid": [13.578051, 100.883735], "radius_m": 0.8, "province": "สมุทรปราการ", "road": "ไม่ระบุ", "route_code": "34", "km_min": 32.0, "km_max": 32.0, "accident_count": 7, "deaths": 0, "serious_injury": 1, "minor_injury": 5, "fatal_crashes": 0, "injured_total": 6, "severity_index": 0.8571, "level": "low", "economic_loss": 2290000, "epdo_million": 2.29, "single_count": 0, "multi_count": 7, "single_pct": 0.0, "multi_pct": 100.0, "pattern": "multiple", "top_cause": "ขับรถเร็วเกินอัตรากำหนด", "road_feature": "ทางตรง+ไม่มีความลาดชัน", "crash_pattern": "ชนท้าย", "road_type": "ทางหลวง", "speed_limit": 90, "road_label": "ทางเข้าท่าอากาศยานสุวรรณภูมิ - บางวัว", "road_label_source": "nearest_road", "road_ref": "ทล.34 กม.32", "medoid_raw": [100.883734, 13.578051], "snap_distance_m": 6.25}}, {"type": "Feature", "geometry": {"type": "Point", "coordinates": [100.76265, 13.609708]}, "properties": {"id": "zone_478", "unit_type": "cluster", "centroid": [13.609771, 100.763094], "radius_m": 440.7, "province": "สมุทรปราการ", "road": "ทางเข้าท่าอากาศยานสุวรรณภูมิ - บางวัว", "route_code": "34", "km_min": 18.0, "km_max": 18.7, "accident_count": 9, "deaths": 2, "serious_injury": 0, "minor_injury": 0, "fatal_crashes": 2, "injured_total": 0, "severity_index": 0.2222, "level": "low", "economic_loss": 13400000, "epdo_million": 13.4, "single_count": 0, "multi_count": 9, "single_pct": 0.0, "multi_pct": 100.0, "pattern": "multiple", "top_cause": "ขับรถเร็วเกินอัตรากำหนด", "road_feature": "ทางตรง+ไม่มีความลาดชัน", "crash_pattern": "ชนท้าย", "road_type": "ทางหลวง", "speed_limit": 90, "road_label": "ทางเข้าท่าอากาศยานสุวรรณภูมิ - บางวัว", "road_label_source": "record", "road_ref": "ทล.34 กม.18-18.7", "medoid_raw": [100.762668, 13.609756], "snap_distance_m": 5.68}}, {"type": "Feature", "geometry": {"type": "Point", "coordinates": [100.752497, 13.613956]}, "properties": {"id": "zone_479", "unit_type": "cluster", "centroid": [13.614115, 100.752545], "radius_m": 72.8, "province": "สมุทรปราการ", "road": "ทางเข้าท่าอากาศยานสุวรรณภูมิ - บางวัว", "route_code": "34", "km_min": 17.0, "km_max": 17.1, "accident_count": 3, "deaths": 1, "serious_injury": 1, "minor_injury": 6, "fatal_crashes": 1, "injured_total": 7, "severity_index": 2.6667, "level": "high", "economic_loss": 9048000, "epdo_million": 9.048, "single_count": 1, "multi_count": 2, "single_pct": 33.3, "multi_pct": 66.7, "pattern": "multiple", "top_cause": "ขับรถเร็วเกินอัตราที่กำหนด", "road_feature": "จุดกลับรถต่างระดับ+ที่ราบ", "crash_pattern": "ชนท้าย", "road_type": "ทางหลวง", "speed_limit": 90, "road_label": "ทางเข้าท่าอากาศยานสุวรรณภูมิ - บางวัว", "road_label_source": "record", "road_ref": "ทล.34 กม.17-17.1", "medoid_raw": [100.752499, 13.613961], "snap_distance_m": 0.6}}, {"type": "Feature", "geometry": {"type": "Point", "coordinates": [100.745565, 13.617434]}, "properties": {"id": "zone_480", "unit_type": "cluster", "centroid": [13.617347, 100.745693], "radius_m": 594.4, "province": "สมุทรปราการ", "road": "ทางเข้าท่าอากาศยานสุวรรณภูมิ - บางวัว", "route_code": "34", "km_min": 15.6, "km_max": 16.7, "accident_count": 18, "deaths": 4, "serious_injury": 1, "minor_injury": 4, "fatal_crashes": 4, "injured_total": 5, "severity_index": 0.5, "level": "low", "economic_loss": 29032000, "epdo_million": 29.032, "single_count": 8, "multi_count": 10, "single_pct": 44.4, "multi_pct": 55.6, "pattern": "mixed", "top_cause": "ขับรถเร็วเกินอัตรากำหนด", "road_feature": "ทางตรง+ที่ราบ", "crash_pattern": "ชนท้าย", "road_type": "ทางหลวง", "speed_limit": 90, "road_label": "ทางเข้าท่าอากาศยานสุวรรณภูมิ - บางวัว", "road_label_source": "record", "road_ref": "ทล.34 กม.15.6-16.7", "medoid_raw": [100.745542, 13.617384], "snap_distance_m": 6.09}}, {"type": "Feature", "geometry": {"type": "Point", "coordinates": [100.756125, 13.612895]}, "properties": {"id": "zone_481", "unit_type": "cluster", "centroid": [13.61259, 100.756128], "radius_m": 148.3, "province": "สมุทรปราการ", "road": "ทางเข้าท่าอากาศยานสุวรรณภูมิ - บางวัว", "route_code": "34", "km_min": 16.1, "km_max": 17.6, "accident_count": 5, "deaths": 0, "serious_injury": 4, "minor_injury": 3, "fatal_crashes": 0, "injured_total": 7, "severity_index": 1.4, "level": "medium", "economic_loss": 8174000, "epdo_million": 8.174, "single_count": 0, "multi_count": 5, "single_pct": 0.0, "multi_pct": 100.0, "pattern": "multiple", "top_cause": "ขับรถเร็วเกินอัตราที่กำหนด", "road_feature": "ทางตรง+ที่ราบ", "crash_pattern": "ชนท้าย", "road_type": "ทางหลวง", "speed_limit": 90, "road_label": "ทางเข้าท่าอากาศยานสุวรรณภูมิ - บางวัว", "road_label_source": "record", "road_ref": "ทล.34 กม.16.1-17.6", "medoid_raw": [100.756113, 13.612868], "snap_distance_m": 3.27}}, {"type": "Feature", "geometry": {"type": "Point", "coordinates": [100.743219, 13.618518]}, "properties": {"id": "zone_482", "unit_type": "cluster", "centroid": [13.618655, 100.742794], "radius_m": 98.5, "province": "สมุทรปราการ", "road": "บางนา-ชลบุรี", "route_code": "E004S009|I", "km_min": 16.0, "km_max": 16.1, "accident_count": 4, "deaths": 0, "serious_injury": 0, "minor_injury": 2, "fatal_crashes": 0, "injured_total": 2, "severity_index": 0.5, "level": "low", "economic_loss": 116000, "epdo_million": 0.116, "single_count": 0, "multi_count": 4, "single_pct": 0.0, "multi_pct": 100.0, "pattern": "multiple", "top_cause": "ละสายตาจากการขับขี่", "road_feature": "ทางตรง", "crash_pattern": "ชนท้าย", "road_type": "การทางพิเศษ", "speed_limit": 100, "road_label": "บางนา-ชลบุรี", "road_label_source": "record", "road_ref": "ทางพิเศษสายE004S009|I กม.16-16.1", "medoid_raw": [100.743224, 13.618529], "snap_distance_m": 1.34}}, {"type": "Feature", "geometry": {"type": "Point", "coordinates": [100.76257, 13.609901]}, "properties": {"id": "zone_483", "unit_type": "cluster", "centroid": [13.610332, 100.76187], "radius_m": 396.7, "province": "สมุทรปราการ", "road": "บางนา-ชลบุรี", "route_code": "E004S009|I", "km_min": 18.0, "km_max": 18.6, "accident_count": 9, "deaths": 0, "serious_injury": 0, "minor_injury": 3, "fatal_crashes": 0, "injured_total": 3, "severity_index": 0.3333, "level": "low", "economic_loss": 174000, "epdo_million": 0.174, "single_count": 3, "multi_count": 6, "single_pct": 33.3, "multi_pct": 66.7, "pattern": "multiple", "top_cause": "ละสายตาจากการขับขี่", "road_feature": "ทางตรง", "crash_pattern": "ชนท้าย", "road_type": "การทางพิเศษ", "speed_limit": 100, "road_label": "บางนา-ชลบุรี", "road_label_source": "record", "road_ref": "ทางพิเศษสายE004S009|I กม.18-18.6", "medoid_raw": [100.762571, 13.609903], "snap_distance_m": 0.25}}, {"type": "Feature", "geometry": {"type": "Point", "coordinates": [100.758819, 13.611317]}, "properties": {"id": "zone_484", "unit_type": "cluster", "centroid": [13.611196, 100.759099], "radius_m": 198.3, "province": "สมุทรปราการ", "road": "ไม่ระบุ", "route_code": "34", "km_min": 17.7, "km_max": 18.0, "accident_count": 3, "deaths": 0, "serious_injury": 2, "minor_injury": 0, "fatal_crashes": 0, "injured_total": 2, "severity_index": 0.6667, "level": "low", "economic_loss": 4000000, "epdo_million": 4.0, "single_count": 1, "multi_count": 2, "single_pct": 33.3, "multi_pct": 66.7, "pattern": "multiple", "top_cause": "ขับรถเร็วเกินอัตรากำหนด", "road_feature": "ทางตรง+ไม่มีความลาดชัน", "crash_pattern": "ชนท้าย", "road_type": "ทางหลวง", "speed_limit": 90, "road_label": "ทางเข้าท่าอากาศยานสุวรรณภูมิ - บางวัว", "road_label_source": "nearest_road", "road_ref": "ทล.34 กม.17.7-18", "medoid_raw": [100.758833, 13.611348], "snap_distance_m": 3.76}}, {"type": "Feature", "geometry": {"type": "Point", "coordinates": [100.743848, 13.618069]}, "properties": {"id": "zone_485", "unit_type": "cluster", "centroid": [13.618105, 100.743865], "radius_m": 0.0, "province": "สมุทรปราการ", "road": "ไม่ระบุ", "route_code": "34", "km_min": 16.0, "km_max": 16.0, "accident_count": 3, "deaths": 1, "serious_injury": 0, "minor_injury": 1, "fatal_crashes": 1, "injured_total": 1, "severity_index": 0.6667, "level": "low", "economic_loss": 6758000, "epdo_million": 6.758, "single_count": 3, "multi_count": 0, "single_pct": 100.0, "multi_pct": 0.0, "pattern": "single", "top_cause": "ขับรถเร็วเกินอัตรากำหนด", "road_feature": "ทางตรง+ไม่มีความลาดชัน", "crash_pattern": "พลิกคว่ำ/ตกถนนในทางตรง", "road_type": "ทางหลวง", "speed_limit": 90, "road_label": "ทางเข้าท่าอากาศยานสุวรรณภูมิ - บางวัว", "road_label_source": "nearest_road", "road_ref": "ทล.34 กม.16", "medoid_raw": [100.743865, 13.618105], "snap_distance_m": 4.4}}, {"type": "Feature", "geometry": {"type": "Point", "coordinates": [100.68369, 13.649263]}, "properties": {"id": "zone_486", "unit_type": "cluster", "centroid": [13.648671, 100.684351], "radius_m": 291.8, "province": "สมุทรปราการ", "road": "บางนา-ชลบุรี", "route_code": "E004S009|I", "km_min": 8.8, "km_max": 9.1, "accident_count": 5, "deaths": 0, "serious_injury": 0, "minor_injury": 3, "fatal_crashes": 0, "injured_total": 3, "severity_index": 0.6, "level": "low", "economic_loss": 174000, "epdo_million": 0.174, "single_count": 1, "multi_count": 4, "single_pct": 20.0, "multi_pct": 80.0, "pattern": "multiple", "top_cause": "ขับรถกระชั้นชิด", "road_feature": "ทางตรง", "crash_pattern": "ชนท้าย", "road_type": "การทางพิเศษ", "speed_limit": 100, "road_label": "บางนา-ชลบุรี", "road_label_source": "record", "road_ref": "ทางพิเศษสายE004S009|I กม.8.8-9.1", "medoid_raw": [100.683665, 13.649215], "snap_distance_m": 5.98}}, {"type": "Feature", "geometry": {"type": "Point", "coordinates": [100.686918, 13.64948]}, "properties": {"id": "zone_487", "unit_type": "cluster", "centroid": [13.649401, 100.686738], "radius_m": 67.2, "province": "สมุทรปราการ", "road": "แขวงรามอินทรา - บางพลี", "route_code": "9", "km_min": 63.8, "km_max": 64.0, "accident_count": 4, "deaths": 0, "serious_injury": 0, "minor_injury": 1, "fatal_crashes": 0, "injured_total": 1, "severity_index": 0.25, "level": "low", "economic_loss": 58000, "epdo_million": 0.058, "single_count": 3, "multi_count": 1, "single_pct": 75.0, "multi_pct": 25.0, "pattern": "single", "top_cause": "ขับรถเร็วเกินอัตรากำหนด", "road_feature": "ทางตรง+ไม่มีความลาดชัน", "crash_pattern": "พลิกคว่ำ/ตกถนนในทางโค้ง", "road_type": "ทางหลวง", "speed_limit": 90, "road_label": "แขวงรามอินทรา - บางพลี", "road_label_source": "record", "road_ref": "ทล.9 กม.63.8-64", "medoid_raw": [100.686881, 13.649507], "snap_distance_m": 5.0}}, {"type": "Feature", "geometry": {"type": "Point", "coordinates": [100.685957, 13.648365]}, "properties": {"id": "zone_488", "unit_type": "cluster", "centroid": [13.648846, 100.686036], "radius_m": 286.4, "province": "สมุทรปราการ", "road": "ไม่ระบุ", "route_code": "9", "km_min": 8.7, "km_max": 64.0, "accident_count": 13, "deaths": 0, "serious_injury": 1, "minor_injury": 4, "fatal_crashes": 0, "injured_total": 5, "severity_index": 0.3846, "level": "low", "economic_loss": 2232000, "epdo_million": 2.232, "single_count": 10, "multi_count": 3, "single_pct": 76.9, "multi_pct": 23.1, "pattern": "single", "top_cause": "ขับรถเร็วเกินอัตราที่กำหนด", "road_feature": "ทางโค้งปกติ+ที่ราบ", "crash_pattern": "พลิกคว่ำ/ตกถนนในทางโค้ง", "road_type": "ทางหลวง", "speed_limit": 90, "road_label": "แขวงรามอินทรา - บางพลี", "road_label_source": "nearest_road", "road_ref": "ทล.9 กม.8.7-64", "medoid_raw": [100.685974, 13.648394], "snap_distance_m": 3.71}}, {"type": "Feature", "geometry": {"type": "Point", "coordinates": [100.66813, 13.625844]}, "properties": {"id": "zone_489", "unit_type": "cluster", "centroid": [13.625505, 100.667817], "radius_m": 101.2, "province": "สมุทรปราการ", "road": "บางพลี-สุขสวัสดิ์", "route_code": "E007S013|U", "km_min": 3.7, "km_max": 3.8, "accident_count": 4, "deaths": 0, "serious_injury": 0, "minor_injury": 2, "fatal_crashes": 0, "injured_total": 2, "severity_index": 0.5, "level": "low", "economic_loss": 116000, "epdo_million": 0.116, "single_count": 0, "multi_count": 4, "single_pct": 0.0, "multi_pct": 100.0, "pattern": "multiple", "top_cause": "ขับรถกระชั้นชิด", "road_feature": "ทางตรง", "crash_pattern": "ชนท้าย", "road_type": "การทางพิเศษ", "speed_limit": 100, "road_label": "บางพลี-สุขสวัสดิ์", "road_label_source": "record", "road_ref": "ทางพิเศษสายE007S013|U กม.3.7-3.8", "medoid_raw": [100.668105, 13.625864], "snap_distance_m": 3.5}}, {"type": "Feature", "geometry": {"type": "Point", "coordinates": [100.60829, 13.620752]}, "properties": {"id": "zone_490", "unit_type": "cluster", "centroid": [13.620719, 100.608409], "radius_m": 101.2, "province": "สมุทรปราการ", "road": "บางพลี-สุขสวัสดิ์", "route_code": "E007S013|I", "km_min": 12.2, "km_max": 12.4, "accident_count": 7, "deaths": 0, "serious_injury": 0, "minor_injury": 3, "fatal_crashes": 0, "injured_total": 3, "severity_index": 0.4286, "level": "low", "economic_loss": 174000, "epdo_million": 0.174, "single_count": 0, "multi_count": 7, "single_pct": 0.0, "multi_pct": 100.0, "pattern": "multiple", "top_cause": "ขับรถกระชั้นชิด", "road_feature": "ทางตรง", "crash_pattern": "ชนท้าย", "road_type": "การทางพิเศษ", "speed_limit": 100, "road_label": "บางพลี-สุขสวัสดิ์", "road_label_source": "record", "road_ref": "ทางพิเศษสายE007S013|I กม.12.2-12.4", "medoid_raw": [100.60827, 13.620718], "snap_distance_m": 4.35}}, {"type": "Feature", "geometry": {"type": "Point", "coordinates": [100.857207, 13.58375]}, "properties": {"id": "zone_491", "unit_type": "cluster", "centroid": [13.583482, 100.857507], "radius_m": 323.3, "province": "สมุทรปราการ", "road": "ทางเข้าท่าอากาศยานสุวรรณภูมิ - บางวัว", "route_code": "34", "km_min": 29.0, "km_max": 29.4, "accident_count": 9, "deaths": 1, "serious_injury": 1, "minor_injury": 6, "fatal_crashes": 1, "injured_total": 7, "severity_index": 0.8889, "level": "low", "economic_loss": 9048000, "epdo_million": 9.048, "single_count": 1, "multi_count": 8, "single_pct": 11.1, "multi_pct": 88.9, "pattern": "multiple", "top_cause": "ขับรถเร็วเกินอัตราที่กำหนด", "road_feature": "ทางตรง+ที่ราบ", "crash_pattern": "ชนท้าย", "road_type": "ทางหลวง", "speed_limit": 90, "road_label": "ทางเข้าท่าอากาศยานสุวรรณภูมิ - บางวัว", "road_label_source": "record", "road_ref": "ทล.34 กม.29-29.4", "medoid_raw": [100.857196, 13.583703], "snap_distance_m": 5.36}}, {"type": "Feature", "geometry": {"type": "Point", "coordinates": [100.859316, 13.583191]}, "properties": {"id": "zone_492", "unit_type": "cluster", "centroid": [13.58323, 100.8593], "radius_m": 26.8, "province": "สมุทรปราการ", "road": "บางนา-ชลบุรี", "route_code": "E004S009|U", "km_min": 29.3, "km_max": 29.3, "accident_count": 3, "deaths": 0, "serious_injury": 0, "minor_injury": 3, "fatal_crashes": 0, "injured_total": 3, "severity_index": 1.0, "level": "medium", "economic_loss": 174000, "epdo_million": 0.174, "single_count": 0, "multi_count": 3, "single_pct": 0.0, "multi_pct": 100.0, "pattern": "multiple", "top_cause": "ไม่ระบุ", "road_feature": "ทางตรง", "crash_pattern": "ชนท้าย", "road_type": "การทางพิเศษ", "speed_limit": 100, "road_label": "บางนา-ชลบุรี", "road_label_source": "record", "road_ref": "ทางพิเศษสายE004S009|U กม.29.3", "medoid_raw": [100.859307, 13.58315], "snap_distance_m": 4.66}}, {"type": "Feature", "geometry": {"type": "Point", "coordinates": [100.856962, 13.583692]}, "properties": {"id": "zone_493", "unit_type": "cluster", "centroid": [13.583745, 100.857011], "radius_m": 39.3, "province": "สมุทรปราการ", "road": "ไม่ระบุ", "route_code": "34", "km_min": 29.0, "km_max": 29.0, "accident_count": 6, "deaths": 1, "serious_injury": 1, "minor_injury": 7, "fatal_crashes": 1, "injured_total": 8, "severity_index": 1.5, "level": "medium", "economic_loss": 9106000, "epdo_million": 9.106, "single_count": 1, "multi_count": 5, "single_pct": 16.7, "multi_pct": 83.3, "pattern": "multiple", "top_cause": "ขับรถเร็วเกินอัตรากำหนด", "road_feature": "ทางตรง+ไม่มีความลาดชัน", "crash_pattern": "ชนท้าย", "road_type": "ทางหลวง", "speed_limit": 90, "road_label": "ทางเข้าท่าอากาศยานสุวรรณภูมิ - บางวัว", "road_label_source": "nearest_road", "road_ref": "ทล.34 กม.29", "medoid_raw": [100.856971, 13.583732], "snap_distance_m": 4.55}}, {"type": "Feature", "geometry": {"type": "Point", "coordinates": [100.658564, 13.662848]}, "properties": {"id": "zone_494", "unit_type": "cluster", "centroid": [13.662983, 100.65829], "radius_m": 99.7, "province": "สมุทรปราการ", "road": "บางนา-ชลบุรี", "route_code": "E004S009|I", "km_min": 5.6, "km_max": 5.7, "accident_count": 3, "deaths": 0, "serious_injury": 0, "minor_injury": 4, "fatal_crashes": 0, "injured_total": 4, "severity_index": 1.3333, "level": "medium", "economic_loss": 232000, "epdo_million": 0.232, "single_count": 1, "multi_count": 2, "single_pct": 33.3, "multi_pct": 66.7, "pattern": "multiple", "top_cause": "ไม่ระบุ", "road_feature": "ทางตรง", "crash_pattern": "ชนด้านข้าง", "road_type": "การทางพิเศษ", "speed_limit": 100, "road_label": "บางนา-ชลบุรี", "road_label_source": "record", "road_ref": "ทางพิเศษสายE004S009|I กม.5.6-5.7", "medoid_raw": [100.658573, 13.662866], "snap_distance_m": 2.23}}, {"type": "Feature", "geometry": {"type": "Point", "coordinates": [100.55336, 13.638969]}, "properties": {"id": "zone_495", "unit_type": "cluster", "centroid": [13.638672, 100.553004], "radius_m": 499.1, "province": "สมุทรปราการ", "road": "บางพลี-สุขสวัสดิ์", "route_code": "E007S013|U", "km_min": 18.2, "km_max": 19.1, "accident_count": 11, "deaths": 0, "serious_injury": 0, "minor_injury": 2, "fatal_crashes": 0, "injured_total": 2, "severity_index": 0.1818, "level": "low", "economic_loss": 116000, "epdo_million": 0.116, "single_count": 3, "multi_count": 8, "single_pct": 27.3, "multi_pct": 72.7, "pattern": "multiple", "top_cause": "ขับรถกระชั้นชิด", "road_feature": "ทางแยกต่างระดับ/Ramps", "crash_pattern": "ชนท้าย", "road_type": "การทางพิเศษ", "speed_limit": 100, "road_label": "บางพลี-สุขสวัสดิ์", "road_label_source": "record", "road_ref": "ทางพิเศษสายE007S013|U กม.18.2-19.1", "medoid_raw": [100.55336, 13.638985], "snap_distance_m": 1.78}}, {"type": "Feature", "geometry": {"type": "Point", "coordinates": [100.927424, 13.616207]}, "properties": {"id": "zone_496", "unit_type": "cluster", "centroid": [13.616199, 100.927637], "radius_m": 1127.9, "province": "สมุทรปราการ", "road": "แขวงคลองสองต้นนุ่น - พิมพา", "route_code": "7", "km_min": 36.2, "km_max": 38.6, "accident_count": 32, "deaths": 1, "serious_injury": 0, "minor_injury": 2, "fatal_crashes": 1, "injured_total": 2, "severity_index": 0.0938, "level": "low", "economic_loss": 6816000, "epdo_million": 6.816, "single_count": 11, "multi_count": 21, "single_pct": 34.4, "multi_pct": 65.6, "pattern": "multiple", "top_cause": "ขับรถเร็วเกินอัตรากำหนด", "road_feature": "ทางตรง+ไม่มีความลาดชัน", "crash_pattern": "ชนท้าย", "road_type": "ทางหลวง", "speed_limit": 90, "road_label": "แขวงคลองสองต้นนุ่น - พิมพา", "road_label_source": "record", "road_ref": "ทล.7 กม.36.2-38.6", "medoid_raw": [100.927474, 13.61628], "snap_distance_m": 9.75}}, {"type": "Feature", "geometry": {"type": "Point", "coordinates": [100.916061, 13.623785]}, "properties": {"id": "zone_497", "unit_type": "cluster", "centroid": [13.623838, 100.915671], "radius_m": 196.8, "province": "สมุทรปราการ", "road": "แขวงคลองสองต้นนุ่น - พิมพา", "route_code": "7", "km_min": 35.7, "km_max": 36.0, "accident_count": 5, "deaths": 0, "serious_injury": 0, "minor_injury": 16, "fatal_crashes": 0, "injured_total": 16, "severity_index": 3.2, "level": "high", "economic_loss": 928000, "epdo_million": 0.928, "single_count": 2, "multi_count": 3, "single_pct": 40.0, "multi_pct": 60.0, "pattern": "multiple", "top_cause": "ขับรถเร็วเกินอัตราที่กำหนด", "road_feature": "ทางตรง+ไม่มีความลาดชัน", "crash_pattern": "ชนท้าย", "road_type": "ทางหลวง", "speed_limit": 90, "road_label": "แขวงคลองสองต้นนุ่น - พิมพา", "road_label_source": "record", "road_ref": "ทล.7 กม.35.7-36", "medoid_raw": [100.916033, 13.623743], "snap_distance_m": 5.56}}, {"type": "Feature", "geometry": {"type": "Point", "coordinates": [100.9352, 13.61148]}, "properties": {"id": "zone_498", "unit_type": "cluster", "centroid": [13.611458, 100.934889], "radius_m": 200.3, "province": "สมุทรปราการ", "road": "ไม่ระบุ", "route_code": "7", "km_min": 38.2, "km_max": 38.6, "accident_count": 7, "deaths": 0, "serious_injury": 0, "minor_injury": 5, "fatal_crashes": 0, "injured_total": 5, "severity_index": 0.7143, "level": "low", "economic_loss": 290000, "epdo_million": 0.29, "single_count": 3, "multi_count": 4, "single_pct": 42.9, "multi_pct": 57.1, "pattern": "mixed", "top_cause": "ขับรถเร็วเกินอัตรากำหนด", "road_feature": "ทางตรง+ไม่มีความลาดชัน", "crash_pattern": "ชนท้าย", "road_type": "ทางหลวง", "speed_limit": 90, "road_label": "แขวงคลองสองต้นนุ่น - พิมพา", "road_label_source": "nearest_road", "road_ref": "ทล.7 กม.38.2-38.6", "medoid_raw": [100.93518, 13.61145], "snap_distance_m": 3.97}}, {"type": "Feature", "geometry": {"type": "Point", "coordinates": [100.929804, 13.614871]}, "properties": {"id": "zone_499", "unit_type": "cluster", "centroid": [13.614899, 100.929568], "radius_m": 106.2, "province": "สมุทรปราการ", "road": "ไม่ระบุ", "route_code": "7", "km_min": 37.6, "km_max": 37.8, "accident_count": 4, "deaths": 0, "serious_injury": 0, "minor_injury": 15, "fatal_crashes": 0, "injured_total": 15, "severity_index": 3.75, "level": "high", "economic_loss": 870000, "epdo_million": 0.87, "single_count": 2, "multi_count": 2, "single_pct": 50.0, "multi_pct": 50.0, "pattern": "mixed", "top_cause": "ขับรถเร็วเกินอัตรากำหนด", "road_feature": "ทางตรง+ไม่มีความลาดชัน", "crash_pattern": "ชนท้าย", "road_type": "ทางหลวง", "speed_limit": 90, "road_label": "แขวงคลองสองต้นนุ่น - พิมพา", "road_label_source": "nearest_road", "road_ref": "ทล.7 กม.37.6-37.8", "medoid_raw": [100.929813, 13.614885], "snap_distance_m": 1.84}}, {"type": "Feature", "geometry": {"type": "Point", "coordinates": [100.918396, 13.622285]}, "properties": {"id": "zone_500", "unit_type": "cluster", "centroid": [13.6219, 100.918669], "radius_m": 296.2, "province": "สมุทรปราการ", "road": "ไม่ระบุ", "route_code": "7", "km_min": 36.0, "km_max": 36.5, "accident_count": 6, "deaths": 0, "serious_injury": 0, "minor_injury": 0, "fatal_crashes": 0, "injured_total": 0, "severity_index": 0.0, "level": "low", "economic_loss": 0, "epdo_million": 0.0, "single_count": 5, "multi_count": 1, "single_pct": 83.3, "multi_pct": 16.7, "pattern": "single", "top_cause": "ยางเสื่อมสภาพ/ยางแตก", "road_feature": "ทางตรง+ไม่มีความลาดชัน", "crash_pattern": "พลิกคว่ำ/ตกถนนในทางตรง", "road_type": "ทางหลวง", "speed_limit": 90, "road_label": "แขวงคลองสองต้นนุ่น - พิมพา", "road_label_source": "nearest_road", "road_ref": "ทล.7 กม.36-36.5", "medoid_raw": [100.918358, 13.622229], "snap_distance_m": 7.46}}, {"type": "Feature", "geometry": {"type": "Point", "coordinates": [100.80336, 13.595081]}, "properties": {"id": "zone_501", "unit_type": "cluster", "centroid": [13.595403, 100.802875], "radius_m": 393.6, "province": "สมุทรปราการ", "road": "ทางเข้าท่าอากาศยานสุวรรณภูมิ - บางวัว", "route_code": "34", "km_min": 22.6, "km_max": 23.0, "accident_count": 10, "deaths": 1, "serious_injury": 2, "minor_injury": 3, "fatal_crashes": 1, "injured_total": 5, "severity_index": 0.6, "level": "low", "economic_loss": 10874000, "epdo_million": 10.874, "single_count": 3, "multi_count": 7, "single_pct": 30.0, "multi_pct": 70.0, "pattern": "multiple", "top_cause": "ขับรถเร็วเกินอัตราที่กำหนด", "road_feature": "ทางตรง+ที่ราบ", "crash_pattern": "ชนท้าย", "road_type": "ทางหลวง", "speed_limit": 90, "road_label": "ทางเข้าท่าอากาศยานสุวรรณภูมิ - บางวัว", "road_label_source": "record", "road_ref": "ทล.34 กม.22.6-23", "medoid_raw": [100.803368, 13.595104], "snap_distance_m": 2.7}}, {"type": "Feature", "geometry": {"type": "Point", "coordinates": [100.802483, 13.595808]}, "properties": {"id": "zone_502", "unit_type": "cluster", "centroid": [13.595731, 100.802516], "radius_m": 104.3, "province": "สมุทรปราการ", "road": "บางนา-ชลบุรี", "route_code": "E004S009|I", "km_min": 22.9, "km_max": 23.1, "accident_count": 3, "deaths": 0, "serious_injury": 0, "minor_injury": 2, "fatal_crashes": 0, "injured_total": 2, "severity_index": 0.6667, "level": "low", "economic_loss": 116000, "epdo_million": 0.116, "single_count": 0, "multi_count": 3, "single_pct": 0.0, "multi_pct": 100.0, "pattern": "multiple", "top_cause": "ไม่ระบุ", "road_feature": "ทางตรง", "crash_pattern": "ชนท้าย", "road_type": "การทางพิเศษ", "speed_limit": 100, "road_label": "บางนา-ชลบุรี", "road_label_source": "record", "road_ref": "ทางพิเศษสายE004S009|I กม.22.9-23.1", "medoid_raw": [100.802491, 13.595805], "snap_distance_m": 0.93}}, {"type": "Feature", "geometry": {"type": "Point", "coordinates": [100.753739, 13.503287]}, "properties": {"id": "zone_503", "unit_type": "cluster", "centroid": [13.503399, 100.753593], "radius_m": 101.8, "province": "สมุทรปราการ", "road": "บางตำหรุ - คลองด่าน", "route_code": "3", "km_min": 48.3, "km_max": 48.45, "accident_count": 3, "deaths": 0, "serious_injury": 0, "minor_injury": 1, "fatal_crashes": 0, "injured_total": 1, "severity_index": 0.3333, "level": "low", "economic_loss": 58000, "epdo_million": 0.058, "single_count": 2, "multi_count": 1, "single_pct": 66.7, "multi_pct": 33.3, "pattern": "single", "top_cause": "ขับรถเร็วเกินอัตรากำหนด", "road_feature": "ทางตรง+ไม่มีความลาดชัน", "crash_pattern": "พลิกคว่ำ/ตกถนนในทางตรง", "road_type": "ทางหลวง", "speed_limit": 90, "road_label": "บางตำหรุ - คลองด่าน", "road_label_source": "record", "road_ref": "ทล.3 กม.48.3-48.5", "medoid_raw": [100.753762, 13.503435], "snap_distance_m": 16.64}}, {"type": "Feature", "geometry": {"type": "Point", "coordinates": [100.545536, 13.636403]}, "properties": {"id": "zone_504", "unit_type": "cluster", "centroid": [13.636485, 100.545678], "radius_m": 397.0, "province": "สมุทรปราการ", "road": "บางพลี-สุขสวัสดิ์", "route_code": "E007S013|I", "km_min": 19.3, "km_max": 19.9, "accident_count": 16, "deaths": 2, "serious_injury": 0, "minor_injury": 3, "fatal_crashes": 2, "injured_total": 3, "severity_index": 0.3125, "level": "low", "economic_loss": 13574000, "epdo_million": 13.574, "single_count": 3, "multi_count": 13, "single_pct": 18.8, "multi_pct": 81.2, "pattern": "multiple", "top_cause": "ขับรถกระชั้นชิด", "road_feature": "ทางตรง", "crash_pattern": "ชนท้าย", "road_type": "การทางพิเศษ", "speed_limit": 100, "road_label": "บางพลี-สุขสวัสดิ์", "road_label_source": "record", "road_ref": "ทางพิเศษสายE007S013|I กม.19.3-19.9", "medoid_raw": [100.545555, 13.636358], "snap_distance_m": 5.41}}, {"type": "Feature", "geometry": {"type": "Point", "coordinates": [100.769421, 13.607523]}, "properties": {"id": "zone_505", "unit_type": "cluster", "centroid": [13.607443, 100.769684], "radius_m": 263.4, "province": "สมุทรปราการ", "road": "ทางเข้าท่าอากาศยานสุวรรณภูมิ - บางวัว", "route_code": "34", "km_min": 19.0, "km_max": 19.3, "accident_count": 9, "deaths": 1, "serious_injury": 0, "minor_injury": 9, "fatal_crashes": 1, "injured_total": 9, "severity_index": 1.1111, "level": "medium", "economic_loss": 7222000, "epdo_million": 7.222, "single_count": 4, "multi_count": 5, "single_pct": 44.4, "multi_pct": 55.6, "pattern": "mixed", "top_cause": "ขับรถเร็วเกินอัตราที่กำหนด", "road_feature": "ทางตรง+ไม่มีความลาดชัน", "crash_pattern": "ชนท้าย", "road_type": "ทางหลวง", "speed_limit": 90, "road_label": "ทางเข้าท่าอากาศยานสุวรรณภูมิ - บางวัว", "road_label_source": "record", "road_ref": "ทล.34 กม.19-19.3", "medoid_raw": [100.76943, 13.607546], "snap_distance_m": 2.74}}, {"type": "Feature", "geometry": {"type": "Point", "coordinates": [100.770849, 13.607011]}, "properties": {"id": "zone_506", "unit_type": "cluster", "centroid": [13.607009, 100.770848], "radius_m": 197.9, "province": "สมุทรปราการ", "road": "ไม่ระบุ", "route_code": "34", "km_min": 19.0, "km_max": 19.4, "accident_count": 3, "deaths": 1, "serious_injury": 0, "minor_injury": 3, "fatal_crashes": 1, "injured_total": 3, "severity_index": 1.3333, "level": "medium", "economic_loss": 6874000, "epdo_million": 6.874, "single_count": 1, "multi_count": 2, "single_pct": 33.3, "multi_pct": 66.7, "pattern": "multiple", "top_cause": "ขับรถเร็วเกินอัตรากำหนด", "road_feature": "ทางตรง+ไม่มีความลาดชัน", "crash_pattern": "ชนท้าย", "road_type": "ทางหลวง", "speed_limit": 90, "road_label": "ทางเข้าท่าอากาศยานสุวรรณภูมิ - บางวัว", "road_label_source": "nearest_road", "road_ref": "ทล.34 กม.19-19.4", "medoid_raw": [100.770848, 13.607009], "snap_distance_m": 0.25}}, {"type": "Feature", "geometry": {"type": "Point", "coordinates": [100.779447, 13.603925]}, "properties": {"id": "zone_507", "unit_type": "cluster", "centroid": [13.604, 100.778909], "radius_m": 199.9, "province": "สมุทรปราการ", "road": "ทางเข้าท่าอากาศยานสุวรรณภูมิ - บางวัว", "route_code": "34", "km_min": 20.0, "km_max": 20.2, "accident_count": 3, "deaths": 1, "serious_injury": 2, "minor_injury": 0, "fatal_crashes": 1, "injured_total": 2, "severity_index": 1.0, "level": "medium", "economic_loss": 10700000, "epdo_million": 10.7, "single_count": 0, "multi_count": 3, "single_pct": 0.0, "multi_pct": 100.0, "pattern": "multiple", "top_cause": "ขับรถเร็วเกินอัตราที่กำหนด", "road_feature": "ทางตรง+ที่ราบ", "crash_pattern": "ชนท้าย", "road_type": "ทางหลวง", "speed_limit": 90, "road_label": "ทางเข้าท่าอากาศยานสุวรรณภูมิ - บางวัว", "road_label_source": "record", "road_ref": "ทล.34 กม.20-20.2", "medoid_raw": [100.779437, 13.6039], "snap_distance_m": 2.98}}, {"type": "Feature", "geometry": {"type": "Point", "coordinates": [100.775891, 13.604938]}, "properties": {"id": "zone_508", "unit_type": "cluster", "centroid": [13.605292, 100.775715], "radius_m": 98.6, "province": "สมุทรปราการ", "road": "ทางเข้าท่าอากาศยานสุวรรณภูมิ - บางวัว", "route_code": "34", "km_min": 19.7, "km_max": 19.8, "accident_count": 3, "deaths": 2, "serious_injury": 0, "minor_injury": 0, "fatal_crashes": 2, "injured_total": 0, "severity_index": 0.6667, "level": "low", "economic_loss": 13400000, "epdo_million": 13.4, "single_count": 0, "multi_count": 3, "single_pct": 0.0, "multi_pct": 100.0, "pattern": "multiple", "top_cause": "ขับรถเร็วเกินอัตราที่กำหนด", "road_feature": "ทางตรง+ที่ราบ", "crash_pattern": "ชนท้าย", "road_type": "ทางหลวง", "speed_limit": 90, "road_label": "ทางเข้าท่าอากาศยานสุวรรณภูมิ - บางวัว", "road_label_source": "record", "road_ref": "ทล.34 กม.19.7-19.8", "medoid_raw": [100.775897, 13.604953], "snap_distance_m": 1.79}}, {"type": "Feature", "geometry": {"type": "Point", "coordinates": [100.834672, 13.58854]}, "properties": {"id": "zone_509", "unit_type": "cluster", "centroid": [13.588394, 100.834937], "radius_m": 541.0, "province": "สมุทรปราการ", "road": "ทางเข้าท่าอากาศยานสุวรรณภูมิ - บางวัว", "route_code": "34", "km_min": 26.0, "km_max": 27.0, "accident_count": 21, "deaths": 3, "serious_injury": 5, "minor_injury": 0, "fatal_crashes": 3, "injured_total": 5, "severity_index": 0.381, "level": "low", "economic_loss": 30100000, "epdo_million": 30.1, "single_count": 6, "multi_count": 15, "single_pct": 28.6, "multi_pct": 71.4, "pattern": "multiple", "top_cause": "ขับรถเร็วเกินอัตรากำหนด", "road_feature": "ทางตรง+ไม่มีความลาดชัน", "crash_pattern": "ชนท้าย", "road_type": "ทางหลวง", "speed_limit": 90, "road_label": "ทางเข้าท่าอากาศยานสุวรรณภูมิ - บางวัว", "road_label_source": "record", "road_ref": "ทล.34 กม.26-27", "medoid_raw": [100.834661, 13.588491], "snap_distance_m": 5.58}}, {"type": "Feature", "geometry": {"type": "Point", "coordinates": [100.839111, 13.587485]}, "properties": {"id": "zone_510", "unit_type": "cluster", "centroid": [13.587537, 100.839123], "radius_m": 0.0, "province": "สมุทรปราการ", "road": "ไม่ระบุ", "route_code": "34", "km_min": 27.0, "km_max": 27.0, "accident_count": 7, "deaths": 0, "serious_injury": 0, "minor_injury": 9, "fatal_crashes": 0, "injured_total": 9, "severity_index": 1.2857, "level": "medium", "economic_loss": 522000, "epdo_million": 0.522, "single_count": 0, "multi_count": 7, "single_pct": 0.0, "multi_pct": 100.0, "pattern": "multiple", "top_cause": "ขับรถเร็วเกินอัตรากำหนด", "road_feature": "ทางตรง+ไม่มีความลาดชัน", "crash_pattern": "ชนท้าย", "road_type": "ทางหลวง", "speed_limit": 90, "road_label": "ทางเข้าท่าอากาศยานสุวรรณภูมิ - บางวัว", "road_label_source": "nearest_road", "road_ref": "ทล.34 กม.27", "medoid_raw": [100.839123, 13.587537], "snap_distance_m": 5.93}}, {"type": "Feature", "geometry": {"type": "Point", "coordinates": [100.78676, 13.6013]}, "properties": {"id": "zone_511", "unit_type": "cluster", "centroid": [13.601272, 100.786619], "radius_m": 93.3, "province": "สมุทรปราการ", "road": "ทางเข้าท่าอากาศยานสุวรรณภูมิ - บางวัว", "route_code": "34", "km_min": 21.0, "km_max": 21.149, "accident_count": 6, "deaths": 0, "serious_injury": 0, "minor_injury": 2, "fatal_crashes": 0, "injured_total": 2, "severity_index": 0.3333, "level": "low", "economic_loss": 116000, "epdo_million": 0.116, "single_count": 4, "multi_count": 2, "single_pct": 66.7, "multi_pct": 33.3, "pattern": "single", "top_cause": "หลับใน", "road_feature": "ทางตรง+ไม่มีความลาดชัน", "crash_pattern": "พลิกคว่ำ/ตกถนนในทางตรง", "road_type": "ทางหลวง", "speed_limit": 90, "road_label": "ทางเข้าท่าอากาศยานสุวรรณภูมิ - บางวัว", "road_label_source": "record", "road_ref": "ทล.34 กม.21-21.1", "medoid_raw": [100.786769, 13.601324], "snap_distance_m": 2.84}}, {"type": "Feature", "geometry": {"type": "Point", "coordinates": [100.586511, 13.630611]}, "properties": {"id": "zone_512", "unit_type": "cluster", "centroid": [13.630557, 100.586895], "radius_m": 102.0, "province": "สมุทรปราการ", "road": "บางพลี-สุขสวัสดิ์", "route_code": "E007S013|I", "km_min": 14.8, "km_max": 14.9, "accident_count": 7, "deaths": 0, "serious_injury": 0, "minor_injury": 2, "fatal_crashes": 0, "injured_total": 2, "severity_index": 0.2857, "level": "low", "economic_loss": 116000, "epdo_million": 0.116, "single_count": 4, "multi_count": 3, "single_pct": 57.1, "multi_pct": 42.9, "pattern": "mixed", "top_cause": "ขับรถกระชั้นชิด", "road_feature": "ทางตรง", "crash_pattern": "ชนสิ่งกีดขวาง (บนผิวจราจร)", "road_type": "การทางพิเศษ", "speed_limit": 100, "road_label": "บางพลี-สุขสวัสดิ์", "road_label_source": "record", "road_ref": "ทางพิเศษสายE007S013|I กม.14.8-14.9", "medoid_raw": [100.586502, 13.630576], "snap_distance_m": 4.01}}, {"type": "Feature", "geometry": {"type": "Point", "coordinates": [100.696323, 13.641843]}, "properties": {"id": "zone_513", "unit_type": "cluster", "centroid": [13.641994, 100.696176], "radius_m": 197.7, "province": "สมุทรปราการ", "road": "บางนา-ชลบุรี", "route_code": "E004S009|U", "km_min": 10.2, "km_max": 10.5, "accident_count": 9, "deaths": 0, "serious_injury": 0, "minor_injury": 0, "fatal_crashes": 0, "injured_total": 0, "severity_index": 0.0, "level": "low", "economic_loss": 0, "epdo_million": 0.0, "single_count": 1, "multi_count": 8, "single_pct": 11.1, "multi_pct": 88.9, "pattern": "multiple", "top_cause": "ขับรถกระชั้นชิด", "road_feature": "ทางตรง", "crash_pattern": "ชนท้าย", "road_type": "การทางพิเศษ", "speed_limit": 100, "road_label": "บางนา-ชลบุรี", "road_label_source": "record", "road_ref": "ทางพิเศษสายE004S009|U กม.10.2-10.5", "medoid_raw": [100.696336, 13.641864], "snap_distance_m": 2.73}}, {"type": "Feature", "geometry": {"type": "Point", "coordinates": [100.693228, 13.643646]}, "properties": {"id": "zone_514", "unit_type": "cluster", "centroid": [13.643662, 100.693202], "radius_m": 101.7, "province": "สมุทรปราการ", "road": "ไม่ระบุ", "route_code": "34", "km_min": 9.8, "km_max": 10.0, "accident_count": 3, "deaths": 1, "serious_injury": 0, "minor_injury": 1, "fatal_crashes": 1, "injured_total": 1, "severity_index": 0.6667, "level": "low", "economic_loss": 6758000, "epdo_million": 6.758, "single_count": 1, "multi_count": 2, "single_pct": 33.3, "multi_pct": 66.7, "pattern": "multiple", "top_cause": "ขับรถเร็วเกินอัตรากำหนด", "road_feature": "ทางตรง+ไม่มีความลาดชัน", "crash_pattern": "ชนท้าย", "road_type": "ทางหลวง", "speed_limit": 90, "road_label": "บางนา - ทางเข้าท่าอากาศยานสุวรรณภูมิ", "road_label_source": "nearest_road", "road_ref": "ทล.34 กม.9.8-10", "medoid_raw": [100.693241, 13.643668], "snap_distance_m": 2.82}}, {"type": "Feature", "geometry": {"type": "Point", "coordinates": [100.782876, 13.509601]}, "properties": {"id": "zone_515", "unit_type": "cluster", "centroid": [13.509886, 100.78309], "radius_m": 122.0, "province": "สมุทรปราการ", "road": "บางตำหรุ - คลองด่าน", "route_code": "3", "km_min": 51.85, "km_max": 52.02, "accident_count": 4, "deaths": 1, "serious_injury": 0, "minor_injury": 4, "fatal_crashes": 1, "injured_total": 4, "severity_index": 1.25, "level": "medium", "economic_loss": 6932000, "epdo_million": 6.932, "single_count": 2, "multi_count": 2, "single_pct": 50.0, "multi_pct": 50.0, "pattern": "mixed", "top_cause": "ขับรถเร็วเกินอัตราที่กำหนด", "road_feature": "ทางตรง+ที่ราบ", "crash_pattern": "พลิกคว่ำ/ตกถนนในทางตรง", "road_type": "ทางหลวง", "speed_limit": 90, "road_label": "บางตำหรุ - คลองด่าน", "road_label_source": "record", "road_ref": "ทล.3 กม.51.9-52", "medoid_raw": [100.782866, 13.50961], "snap_distance_m": 1.47}}, {"type": "Feature", "geometry": {"type": "Point", "coordinates": [100.911686, 13.572265]}, "properties": {"id": "zone_516", "unit_type": "cluster", "centroid": [13.572229, 100.911465], "radius_m": 94.2, "province": "สมุทรปราการ", "road": "บางนา-ชลบุรี", "route_code": "E004S009|I", "km_min": 35.0, "km_max": 35.1, "accident_count": 4, "deaths": 0, "serious_injury": 0, "minor_injury": 10, "fatal_crashes": 0, "injured_total": 10, "severity_index": 2.5, "level": "high", "economic_loss": 580000, "epdo_million": 0.58, "single_count": 0, "multi_count": 4, "single_pct": 0.0, "multi_pct": 100.0, "pattern": "multiple", "top_cause": "ไม่ระบุ", "road_feature": "ทางตรง", "crash_pattern": "ชนท้าย", "road_type": "การทางพิเศษ", "speed_limit": 100, "road_label": "บางนา-ชลบุรี", "road_label_source": "record", "road_ref": "ทางพิเศษสายE004S009|I กม.35-35.1", "medoid_raw": [100.911682, 13.572247], "snap_distance_m": 2.05}}, {"type": "Feature", "geometry": {"type": "Point", "coordinates": [100.807378, 13.509765]}, "properties": {"id": "zone_517", "unit_type": "cluster", "centroid": [13.509722, 100.80735], "radius_m": 45.9, "province": "สมุทรปราการ", "road": "บางตำหรุ - คลองด่าน", "route_code": "3", "km_min": 54.7, "km_max": 54.725, "accident_count": 3, "deaths": 1, "serious_injury": 1, "minor_injury": 0, "fatal_crashes": 1, "injured_total": 1, "severity_index": 0.6667, "level": "low", "economic_loss": 8700000, "epdo_million": 8.7, "single_count": 1, "multi_count": 2, "single_pct": 33.3, "multi_pct": 66.7, "pattern": "multiple", "top_cause": "ขับรถเร็วเกินอัตราที่กำหนด", "road_feature": "ทางตรง+ไม่มีความลาดชัน", "crash_pattern": "พลิกคว่ำ/ตกถนนในทางตรง", "road_type": "ทางหลวง", "speed_limit": 90, "road_label": "บางตำหรุ - คลองด่าน", "road_label_source": "record", "road_ref": "ทล.3 กม.54.7", "medoid_raw": [100.80738, 13.509712], "snap_distance_m": 5.9}}, {"type": "Feature", "geometry": {"type": "Point", "coordinates": [100.668977, 13.656985]}, "properties": {"id": "zone_518", "unit_type": "cluster", "centroid": [13.656984, 100.668976], "radius_m": 0.0, "province": "สมุทรปราการ", "road": "บางนา-ชลบุรี", "route_code": "E004S009|U", "km_min": 7.0, "km_max": 7.0, "accident_count": 4, "deaths": 0, "serious_injury": 0, "minor_injury": 1, "fatal_crashes": 0, "injured_total": 1, "severity_index": 0.25, "level": "low", "economic_loss": 58000, "epdo_million": 0.058, "single_count": 0, "multi_count": 4, "single_pct": 0.0, "multi_pct": 100.0, "pattern": "multiple", "top_cause": "ไม่ระบุ", "road_feature": "ทางตรง", "crash_pattern": "ชนท้าย", "road_type": "การทางพิเศษ", "speed_limit": 100, "road_label": "บางนา-ชลบุรี", "road_label_source": "record", "road_ref": "ทางพิเศษสายE004S009|U กม.7", "medoid_raw": [100.668976, 13.656984], "snap_distance_m": 0.16}}, {"type": "Feature", "geometry": {"type": "Point", "coordinates": [100.646193, 13.600379]}, "properties": {"id": "zone_519", "unit_type": "cluster", "centroid": [13.600237, 100.645832], "radius_m": 102.4, "province": "สมุทรปราการ", "road": "บางพลี-สุขสวัสดิ์", "route_code": "E007S013|I", "km_min": 7.5, "km_max": 7.6, "accident_count": 5, "deaths": 0, "serious_injury": 0, "minor_injury": 6, "fatal_crashes": 0, "injured_total": 6, "severity_index": 1.2, "level": "medium", "economic_loss": 348000, "epdo_million": 0.348, "single_count": 2, "multi_count": 3, "single_pct": 40.0, "multi_pct": 60.0, "pattern": "multiple", "top_cause": "ขับรถกระชั้นชิด", "road_feature": "ทางตรง", "crash_pattern": "พลิกคว่ำ/ตกถนนในทางตรง", "road_type": "การทางพิเศษ", "speed_limit": 100, "road_label": "บางพลี-สุขสวัสดิ์", "road_label_source": "record", "road_ref": "ทางพิเศษสายE007S013|I กม.7.5-7.6", "medoid_raw": [100.646208, 13.60028], "snap_distance_m": 11.13}}, {"type": "Feature", "geometry": {"type": "Point", "coordinates": [100.865908, 13.581901]}, "properties": {"id": "zone_520", "unit_type": "cluster", "centroid": [13.581828, 100.865895], "radius_m": 38.1, "province": "สมุทรปราการ", "road": "ทางเข้าท่าอากาศยานสุวรรณภูมิ - บางวัว", "route_code": "34", "km_min": 30.0, "km_max": 30.0, "accident_count": 7, "deaths": 0, "serious_injury": 0, "minor_injury": 7, "fatal_crashes": 0, "injured_total": 7, "severity_index": 1.0, "level": "medium", "economic_loss": 406000, "epdo_million": 0.406, "single_count": 0, "multi_count": 7, "single_pct": 0.0, "multi_pct": 100.0, "pattern": "multiple", "top_cause": "ขับรถเร็วเกินอัตรากำหนด", "road_feature": "ทางตรง+ไม่มีความลาดชัน", "crash_pattern": "ชนท้าย", "road_type": "ทางหลวง", "speed_limit": 90, "road_label": "ทางเข้าท่าอากาศยานสุวรรณภูมิ - บางวัว", "road_label_source": "record", "road_ref": "ทล.34 กม.30", "medoid_raw": [100.8659, 13.581864], "snap_distance_m": 4.2}}, {"type": "Feature", "geometry": {"type": "Point", "coordinates": [100.654793, 13.605117]}, "properties": {"id": "zone_521", "unit_type": "cluster", "centroid": [13.605241, 100.654157], "radius_m": 803.9, "province": "สมุทรปราการ", "road": "บางพลี-สุขสวัสดิ์", "route_code": "E007S013|U", "km_min": 5.6, "km_max": 7.0, "accident_count": 18, "deaths": 0, "serious_injury": 0, "minor_injury": 11, "fatal_crashes": 0, "injured_total": 11, "severity_index": 0.6111, "level": "low", "economic_loss": 638000, "epdo_million": 0.638, "single_count": 2, "multi_count": 16, "single_pct": 11.1, "multi_pct": 88.9, "pattern": "multiple", "top_cause": "ขับรถกระชั้นชิด", "road_feature": "ทางตรง", "crash_pattern": "ชนท้าย", "road_type": "การทางพิเศษ", "speed_limit": 100, "road_label": "บางพลี-สุขสวัสดิ์", "road_label_source": "record", "road_ref": "ทางพิเศษสายE007S013|U กม.5.6-7", "medoid_raw": [100.65487, 13.605056], "snap_distance_m": 10.74}}, {"type": "Feature", "geometry": {"type": "Point", "coordinates": [100.670171, 13.518161]}, "properties": {"id": "zone_522", "unit_type": "cluster", "centroid": [13.518241, 100.669616], "radius_m": 264.7, "province": "สมุทรปราการ", "road": "ท้ายบ้าน - บางตำหรุ", "route_code": "3", "km_min": 38.98, "km_max": 39.3, "accident_count": 5, "deaths": 0, "serious_injury": 0, "minor_injury": 0, "fatal_crashes": 0, "injured_total": 0, "severity_index": 0.0, "level": "low", "economic_loss": 0, "epdo_million": 0.0, "single_count": 3, "multi_count": 2, "single_pct": 60.0, "multi_pct": 40.0, "pattern": "single", "top_cause": "ขับรถเร็วเกินอัตรากำหนด", "road_feature": "ทางตรง+ไม่มีความลาดชัน", "crash_pattern": "พลิกคว่ำ/ตกถนนในทางตรง", "road_type": "ทางหลวง", "speed_limit": 90, "road_label": "ท้ายบ้าน - บางตำหรุ", "road_label_source": "record", "road_ref": "ทล.3 กม.39-39.3", "medoid_raw": [100.670143, 13.518042], "snap_distance_m": 13.57}}, {"type": "Feature", "geometry": {"type": "Point", "coordinates": [100.657625, 13.521125]}, "properties": {"id": "zone_523", "unit_type": "cluster", "centroid": [13.521099, 100.657482], "radius_m": 279.2, "province": "สมุทรปราการ", "road": "ท้ายบ้าน - บางตำหรุ", "route_code": "3", "km_min": 37.5, "km_max": 37.95, "accident_count": 7, "deaths": 0, "serious_injury": 1, "minor_injury": 1, "fatal_crashes": 0, "injured_total": 2, "severity_index": 0.2857, "level": "low", "economic_loss": 2058000, "epdo_million": 2.058, "single_count": 4, "multi_count": 3, "single_pct": 57.1, "multi_pct": 42.9, "pattern": "mixed", "top_cause": "ขับรถเร็วเกินอัตรากำหนด", "road_feature": "ทางตรง+ไม่มีความลาดชัน", "crash_pattern": "พลิกคว่ำ/ตกถนนในทางตรง", "road_type": "ทางหลวง", "speed_limit": 90, "road_label": "ท้ายบ้าน - บางตำหรุ", "road_label_source": "record", "road_ref": "ทล.3 กม.37.5-38", "medoid_raw": [100.657611, 13.521066], "snap_distance_m": 6.73}}, {"type": "Feature", "geometry": {"type": "Point", "coordinates": [100.706867, 13.636304]}, "properties": {"id": "zone_524", "unit_type": "cluster", "centroid": [13.636176, 100.706841], "radius_m": 300.3, "province": "สมุทรปราการ", "road": "บางนา-ชลบุรี", "route_code": "E004S009|U", "km_min": 11.5, "km_max": 12.0, "accident_count": 9, "deaths": 0, "serious_injury": 0, "minor_injury": 0, "fatal_crashes": 0, "injured_total": 0, "severity_index": 0.0, "level": "low", "economic_loss": 0, "epdo_million": 0.0, "single_count": 4, "multi_count": 5, "single_pct": 44.4, "multi_pct": 55.6, "pattern": "mixed", "top_cause": "ขับรถกระชั้นชิด", "road_feature": "ทางตรง", "crash_pattern": "ชนท้าย", "road_type": "การทางพิเศษ", "speed_limit": 100, "road_label": "บางนา-ชลบุรี", "road_label_source": "record", "road_ref": "ทางพิเศษสายE004S009|U กม.11.5-12", "medoid_raw": [100.706868, 13.636305], "snap_distance_m": 0.16}}, {"type": "Feature", "geometry": {"type": "Point", "coordinates": [100.619748, 13.613182]}, "properties": {"id": "zone_525", "unit_type": "cluster", "centroid": [13.61358, 100.619301], "radius_m": 198.9, "province": "สมุทรปราการ", "road": "บางพลี-สุขสวัสดิ์", "route_code": "E007S013|U", "km_min": 10.8, "km_max": 11.0, "accident_count": 6, "deaths": 0, "serious_injury": 0, "minor_injury": 9, "fatal_crashes": 0, "injured_total": 9, "severity_index": 1.5, "level": "medium", "economic_loss": 522000, "epdo_million": 0.522, "single_count": 0, "multi_count": 6, "single_pct": 0.0, "multi_pct": 100.0, "pattern": "multiple", "top_cause": "ขับรถกระชั้นชิด", "road_feature": "ทางตรง", "crash_pattern": "ชนท้าย", "road_type": "การทางพิเศษ", "speed_limit": 100, "road_label": "บางพลี-สุขสวัสดิ์", "road_label_source": "record", "road_ref": "ทางพิเศษสายE007S013|U กม.10.8-11", "medoid_raw": [100.619701, 13.613121], "snap_distance_m": 8.47}}, {"type": "Feature", "geometry": {"type": "Point", "coordinates": [100.610748, 13.619528]}, "properties": {"id": "zone_526", "unit_type": "cluster", "centroid": [13.619481, 100.610727], "radius_m": 37.9, "province": "สมุทรปราการ", "road": "บางพลี-สุขสวัสดิ์", "route_code": "E007S013|U", "km_min": 12.0, "km_max": 12.0, "accident_count": 3, "deaths": 0, "serious_injury": 0, "minor_injury": 5, "fatal_crashes": 0, "injured_total": 5, "severity_index": 1.6667, "level": "medium", "economic_loss": 290000, "epdo_million": 0.29, "single_count": 0, "multi_count": 3, "single_pct": 0.0, "multi_pct": 100.0, "pattern": "multiple", "top_cause": "ขับรถกระชั้นชิด", "road_feature": "ทางตรง", "crash_pattern": "ชนท้าย", "road_type": "การทางพิเศษ", "speed_limit": 100, "road_label": "บางพลี-สุขสวัสดิ์", "road_label_source": "record", "road_ref": "ทางพิเศษสายE007S013|U กม.12", "medoid_raw": [100.61078, 13.619582], "snap_distance_m": 6.93}}, {"type": "Feature", "geometry": {"type": "Point", "coordinates": [100.848037, 13.585589]}, "properties": {"id": "zone_527", "unit_type": "cluster", "centroid": [13.585642, 100.848475], "radius_m": 139.2, "province": "สมุทรปราการ", "road": "ทางเข้าท่าอากาศยานสุวรรณภูมิ - บางวัว", "route_code": "34", "km_min": 28.0, "km_max": 28.0, "accident_count": 3, "deaths": 0, "serious_injury": 0, "minor_injury": 0, "fatal_crashes": 0, "injured_total": 0, "severity_index": 0.0, "level": "low", "economic_loss": 0, "epdo_million": 0.0, "single_count": 0, "multi_count": 3, "single_pct": 0.0, "multi_pct": 100.0, "pattern": "multiple", "top_cause": "ขับรถเร็วเกินอัตรากำหนด", "road_feature": "ทางตรง+ไม่มีความลาดชัน", "crash_pattern": "ชนท้าย", "road_type": "ทางหลวง", "speed_limit": 90, "road_label": "ทางเข้าท่าอากาศยานสุวรรณภูมิ - บางวัว", "road_label_source": "record", "road_ref": "ทล.34 กม.28", "medoid_raw": [100.848046, 13.585628], "snap_distance_m": 4.44}}, {"type": "Feature", "geometry": {"type": "Point", "coordinates": [100.849411, 13.585239]}, "properties": {"id": "zone_528", "unit_type": "cluster", "centroid": [13.585265, 100.849786], "radius_m": 94.4, "province": "สมุทรปราการ", "road": "บางนา-ชลบุรี", "route_code": "E004S009|U", "km_min": 28.2, "km_max": 28.3, "accident_count": 7, "deaths": 0, "serious_injury": 0, "minor_injury": 0, "fatal_crashes": 0, "injured_total": 0, "severity_index": 0.0, "level": "low", "economic_loss": 0, "epdo_million": 0.0, "single_count": 6, "multi_count": 1, "single_pct": 85.7, "multi_pct": 14.3, "pattern": "single", "top_cause": "ไม่ระบุ", "road_feature": "ทางตรง", "crash_pattern": "พลิกคว่ำ/ตกถนนในทางตรง", "road_type": "การทางพิเศษ", "speed_limit": 100, "road_label": "บางนา-ชลบุรี", "road_label_source": "record", "road_ref": "ทางพิเศษสายE004S009|U กม.28.2-28.3", "medoid_raw": [100.849412, 13.585244], "snap_distance_m": 0.57}}, {"type": "Feature", "geometry": {"type": "Point", "coordinates": [100.672872, 13.631336]}, "properties": {"id": "zone_529", "unit_type": "cluster", "centroid": [13.631276, 100.67269], "radius_m": 93.8, "province": "สมุทรปราการ", "road": "บางพลี-สุขสวัสดิ์", "route_code": "E007S013|U", "km_min": 2.9, "km_max": 3.0, "accident_count": 4, "deaths": 0, "serious_injury": 0, "minor_injury": 21, "fatal_crashes": 0, "injured_total": 21, "severity_index": 5.25, "level": "high", "economic_loss": 1218000, "epdo_million": 1.218, "single_count": 0, "multi_count": 4, "single_pct": 0.0, "multi_pct": 100.0, "pattern": "multiple", "top_cause": "ไม่ระบุ", "road_feature": "ทางตรง", "crash_pattern": "พลิกคว่ำ/ตกถนนในทางตรง", "road_type": "การทางพิเศษ", "speed_limit": 100, "road_label": "บางพลี-สุขสวัสดิ์", "road_label_source": "record", "road_ref": "ทางพิเศษสายE007S013|U กม.2.9-3", "medoid_raw": [100.672938, 13.631285], "snap_distance_m": 9.11}}, {"type": "Feature", "geometry": {"type": "Point", "coordinates": [100.684855, 13.525612]}, "properties": {"id": "zone_530", "unit_type": "cluster", "centroid": [13.525502, 100.685004], "radius_m": 125.2, "province": "สมุทรปราการ", "road": "บางปู - บางพลี", "route_code": "3256", "km_min": 1.06, "km_max": 1.24, "accident_count": 3, "deaths": 2, "serious_injury": 1, "minor_injury": 1, "fatal_crashes": 1, "injured_total": 2, "severity_index": 1.0, "level": "medium", "economic_loss": 15458000, "epdo_million": 15.458, "single_count": 2, "multi_count": 1, "single_pct": 66.7, "multi_pct": 33.3, "pattern": "single", "top_cause": "ขับรถเร็วเกินอัตราที่กำหนด", "road_feature": "ทางตรง+ที่ราบ", "crash_pattern": "พลิกคว่ำ/ตกถนนในทางตรง", "road_type": "ทางหลวง", "speed_limit": 90, "road_label": "บางปู - บางพลี", "road_label_source": "record", "road_ref": "ทล.3256 กม.1.1-1.2", "medoid_raw": [100.684923, 13.525586], "snap_distance_m": 7.9}}, {"type": "Feature", "geometry": {"type": "Point", "coordinates": [100.604843, 13.57412]}, "properties": {"id": "zone_531", "unit_type": "cluster", "centroid": [13.574111, 100.604989], "radius_m": 172.9, "province": "สมุทรปราการ", "road": "แบริ่ง - ท้ายบ้าน", "route_code": "3", "km_min": 28.975, "km_max": 29.2, "accident_count": 3, "deaths": 0, "serious_injury": 0, "minor_injury": 1, "fatal_crashes": 0, "injured_total": 1, "severity_index": 0.3333, "level": "low", "economic_loss": 58000, "epdo_million": 0.058, "single_count": 3, "multi_count": 0, "single_pct": 100.0, "multi_pct": 0.0, "pattern": "single", "top_cause": "ขับรถเร็วเกินอัตราที่กำหนด", "road_feature": "ทางแยกรูปตัว T+ที่ราบ", "crash_pattern": "พลิกคว่ำ/ตกถนนในทางโค้ง", "road_type": "ทางหลวง", "speed_limit": 90, "road_label": "แบริ่ง - ท้ายบ้าน", "road_label_source": "record", "road_ref": "ทล.3 กม.29-29.2", "medoid_raw": [100.604941, 13.574141], "snap_distance_m": 10.85}}, {"type": "Feature", "geometry": {"type": "Point", "coordinates": [100.664692, 13.621471]}, "properties": {"id": "zone_532", "unit_type": "cluster", "centroid": [13.621357, 100.664649], "radius_m": 163.6, "province": "สมุทรปราการ", "road": "บางพลี-สุขสวัสดิ์", "route_code": "E007S013|I", "km_min": 4.2, "km_max": 4.5, "accident_count": 5, "deaths": 0, "serious_injury": 0, "minor_injury": 1, "fatal_crashes": 0, "injured_total": 1, "severity_index": 0.2, "level": "low", "economic_loss": 58000, "epdo_million": 0.058, "single_count": 2, "multi_count": 3, "single_pct": 40.0, "multi_pct": 60.0, "pattern": "multiple", "top_cause": "ขับรถกระชั้นชิด", "road_feature": "ทางตรง", "crash_pattern": "ชนท้าย", "road_type": "การทางพิเศษ", "speed_limit": 100, "road_label": "บางพลี-สุขสวัสดิ์", "road_label_source": "record", "road_ref": "ทางพิเศษสายE007S013|I กม.4.2-4.5", "medoid_raw": [100.664752, 13.621426], "snap_distance_m": 8.19}}, {"type": "Feature", "geometry": {"type": "Point", "coordinates": [100.701226, 13.639436]}, "properties": {"id": "zone_533", "unit_type": "cluster", "centroid": [13.63944, 100.701228], "radius_m": 0.0, "province": "สมุทรปราการ", "road": "บางนา-ชลบุรี", "route_code": "E004S009|I", "km_min": 11.0, "km_max": 11.0, "accident_count": 3, "deaths": 0, "serious_injury": 0, "minor_injury": 0, "fatal_crashes": 0, "injured_total": 0, "severity_index": 0.0, "level": "low", "economic_loss": 0, "epdo_million": 0.0, "single_count": 0, "multi_count": 3, "single_pct": 0.0, "multi_pct": 100.0, "pattern": "multiple", "top_cause": "ขับรถกระชั้นชิด", "road_feature": "ทางตรง", "crash_pattern": "ชนท้าย", "road_type": "การทางพิเศษ", "speed_limit": 100, "road_label": "บางนา-ชลบุรี", "road_label_source": "record", "road_ref": "ทางพิเศษสายE004S009|I กม.11", "medoid_raw": [100.701228, 13.63944], "snap_distance_m": 0.49}}, {"type": "Feature", "geometry": {"type": "Point", "coordinates": [100.701448, 13.639196]}, "properties": {"id": "zone_534", "unit_type": "cluster", "centroid": [13.638931, 100.701835], "radius_m": 203.3, "province": "สมุทรปราการ", "road": "ไม่ระบุ", "route_code": "34", "km_min": 10.8, "km_max": 11.1, "accident_count": 4, "deaths": 1, "serious_injury": 0, "minor_injury": 3, "fatal_crashes": 1, "injured_total": 3, "severity_index": 1.0, "level": "medium", "economic_loss": 6874000, "epdo_million": 6.874, "single_count": 1, "multi_count": 3, "single_pct": 25.0, "multi_pct": 75.0, "pattern": "multiple", "top_cause": "ขับรถเร็วเกินอัตรากำหนด", "road_feature": "ทางตรง+ไม่มีความลาดชัน", "crash_pattern": "ชนท้าย", "road_type": "ทางหลวง", "speed_limit": 90, "road_label": "บางนา - ทางเข้าท่าอากาศยานสุวรรณภูมิ", "road_label_source": "nearest_road", "road_ref": "ทล.34 กม.10.8-11.1", "medoid_raw": [100.701425, 13.639157], "snap_distance_m": 5.0}}, {"type": "Feature", "geometry": {"type": "Point", "coordinates": [100.603186, 13.622941]}, "properties": {"id": "zone_535", "unit_type": "cluster", "centroid": [13.622869, 100.603447], "radius_m": 300.9, "province": "สมุทรปราการ", "road": "บางพลี-สุขสวัสดิ์", "route_code": "E007S013|I", "km_min": 12.6, "km_max": 13.1, "accident_count": 7, "deaths": 2, "serious_injury": 0, "minor_injury": 2, "fatal_crashes": 2, "injured_total": 2, "severity_index": 0.5714, "level": "low", "economic_loss": 13516000, "epdo_million": 13.516, "single_count": 0, "multi_count": 7, "single_pct": 0.0, "multi_pct": 100.0, "pattern": "multiple", "top_cause": "ไม่ระบุ", "road_feature": "ทางตรง", "crash_pattern": "ชนท้าย", "road_type": "การทางพิเศษ", "speed_limit": 100, "road_label": "บางพลี-สุขสวัสดิ์", "road_label_source": "record", "road_ref": "ทางพิเศษสายE007S013|I กม.12.6-13.1", "medoid_raw": [100.603198, 13.622974], "snap_distance_m": 3.89}}, {"type": "Feature", "geometry": {"type": "Point", "coordinates": [100.90249, 13.574033]}, "properties": {"id": "zone_536", "unit_type": "cluster", "centroid": [13.574163, 100.902101], "radius_m": 101.3, "province": "สมุทรปราการ", "road": "ทางเข้าท่าอากาศยานสุวรรณภูมิ - บางวัว", "route_code": "34", "km_min": 34.0, "km_max": 34.1, "accident_count": 4, "deaths": 0, "serious_injury": 0, "minor_injury": 0, "fatal_crashes": 0, "injured_total": 0, "severity_index": 0.0, "level": "low", "economic_loss": 0, "epdo_million": 0.0, "single_count": 4, "multi_count": 0, "single_pct": 100.0, "multi_pct": 0.0, "pattern": "single", "top_cause": "ขับรถเร็วเกินอัตรากำหนด", "road_feature": "ทางตรง+ไม่มีความลาดชัน", "crash_pattern": "พลิกคว่ำ/ตกถนนในทางตรง", "road_type": "ทางหลวง", "speed_limit": 90, "road_label": "ทางเข้าท่าอากาศยานสุวรรณภูมิ - บางวัว", "road_label_source": "record", "road_ref": "ทล.34 กม.34-34.1", "medoid_raw": [100.90248, 13.573987], "snap_distance_m": 5.23}}, {"type": "Feature", "geometry": {"type": "Point", "coordinates": [100.7297, 13.624485]}, "properties": {"id": "zone_537", "unit_type": "cluster", "centroid": [13.624389, 100.729551], "radius_m": 189.6, "province": "สมุทรปราการ", "road": "บางนา-ชลบุรี", "route_code": "E004S009|U", "km_min": 14.3, "km_max": 14.6, "accident_count": 6, "deaths": 0, "serious_injury": 0, "minor_injury": 2, "fatal_crashes": 0, "injured_total": 2, "severity_index": 0.3333, "level": "low", "economic_loss": 116000, "epdo_million": 0.116, "single_count": 2, "multi_count": 4, "single_pct": 33.3, "multi_pct": 66.7, "pattern": "multiple", "top_cause": "ไม่ระบุ", "road_feature": "ทางตรง", "crash_pattern": "พลิกคว่ำ/ตกถนนในทางตรง", "road_type": "การทางพิเศษ", "speed_limit": 100, "road_label": "บางนา-ชลบุรี", "road_label_source": "record", "road_ref": "ทางพิเศษสายE004S009|U กม.14.3-14.6", "medoid_raw": [100.729698, 13.62448], "snap_distance_m": 0.6}}, {"type": "Feature", "geometry": {"type": "Point", "coordinates": [100.812279, 13.592965]}, "properties": {"id": "zone_538", "unit_type": "cluster", "centroid": [13.593122, 100.812012], "radius_m": 100.4, "province": "สมุทรปราการ", "road": "ทางเข้าท่าอากาศยานสุวรรณภูมิ - บางวัว", "route_code": "34", "km_min": 23.9, "km_max": 24.0, "accident_count": 3, "deaths": 0, "serious_injury": 1, "minor_injury": 1, "fatal_crashes": 0, "injured_total": 2, "severity_index": 0.6667, "level": "low", "economic_loss": 2058000, "epdo_million": 2.058, "single_count": 0, "multi_count": 3, "single_pct": 0.0, "multi_pct": 100.0, "pattern": "multiple", "top_cause": "ขับรถเร็วเกินอัตราที่กำหนด", "road_feature": "ทางตรง+ที่ราบ", "crash_pattern": "ชนท้าย", "road_type": "ทางหลวง", "speed_limit": 90, "road_label": "ทางเข้าท่าอากาศยานสุวรรณภูมิ - บางวัว", "road_label_source": "record", "road_ref": "ทล.34 กม.23.9-24", "medoid_raw": [100.812286, 13.592996], "snap_distance_m": 3.53}}, {"type": "Feature", "geometry": {"type": "Point", "coordinates": [100.594922, 13.626844]}, "properties": {"id": "zone_539", "unit_type": "cluster", "centroid": [13.626847, 100.595182], "radius_m": 293.4, "province": "สมุทรปราการ", "road": "บางพลี-สุขสวัสดิ์", "route_code": "E007S013|U", "km_min": 13.6, "km_max": 14.1, "accident_count": 13, "deaths": 1, "serious_injury": 0, "minor_injury": 12, "fatal_crashes": 1, "injured_total": 12, "severity_index": 1.0, "level": "medium", "economic_loss": 7396000, "epdo_million": 7.396, "single_count": 3, "multi_count": 10, "single_pct": 23.1, "multi_pct": 76.9, "pattern": "multiple", "top_cause": "ละสายตาจากการขับขี่", "road_feature": "ทางตรง", "crash_pattern": "ชนท้าย", "road_type": "การทางพิเศษ", "speed_limit": 100, "road_label": "บางพลี-สุขสวัสดิ์", "road_label_source": "record", "road_ref": "ทางพิเศษสายE007S013|U กม.13.6-14.1", "medoid_raw": [100.594921, 13.626841], "snap_distance_m": 0.35}}, {"type": "Feature", "geometry": {"type": "Point", "coordinates": [100.638217, 13.601609]}, "properties": {"id": "zone_540", "unit_type": "cluster", "centroid": [13.601523, 100.638264], "radius_m": 199.9, "province": "สมุทรปราการ", "road": "บางพลี-สุขสวัสดิ์", "route_code": "E007S013|U", "km_min": 8.2, "km_max": 8.5, "accident_count": 7, "deaths": 0, "serious_injury": 0, "minor_injury": 6, "fatal_crashes": 0, "injured_total": 6, "severity_index": 0.8571, "level": "low", "economic_loss": 348000, "epdo_million": 0.348, "single_count": 1, "multi_count": 6, "single_pct": 14.3, "multi_pct": 85.7, "pattern": "multiple", "top_cause": "หางพ่วงหลุด", "road_feature": "ทางตรง", "crash_pattern": "ชนท้าย", "road_type": "การทางพิเศษ", "speed_limit": 100, "road_label": "บางพลี-สุขสวัสดิ์", "road_label_source": "record", "road_ref": "ทางพิเศษสายE007S013|U กม.8.2-8.5", "medoid_raw": [100.638228, 13.601636], "snap_distance_m": 3.23}}, {"type": "Feature", "geometry": {"type": "Point", "coordinates": [100.818469, 13.50976]}, "properties": {"id": "zone_541", "unit_type": "cluster", "centroid": [13.509791, 100.818138], "radius_m": 126.1, "province": "สมุทรปราการ", "road": "บางตำหรุ - คลองด่าน", "route_code": "3", "km_min": 55.9, "km_max": 55.92, "accident_count": 3, "deaths": 1, "serious_injury": 1, "minor_injury": 0, "fatal_crashes": 1, "injured_total": 1, "severity_index": 0.6667, "level": "low", "economic_loss": 8700000, "epdo_million": 8.7, "single_count": 2, "multi_count": 1, "single_pct": 66.7, "multi_pct": 33.3, "pattern": "single", "top_cause": "ขับรถเร็วเกินอัตรากำหนด", "road_feature": "ทางโค้งปกติ+ที่ราบ", "crash_pattern": "ชนท้าย", "road_type": "ทางหลวง", "speed_limit": 90, "road_label": "บางตำหรุ - คลองด่าน", "road_label_source": "record", "road_ref": "ทล.3 กม.55.9", "medoid_raw": [100.818461, 13.509733], "snap_distance_m": 3.12}}, {"type": "Feature", "geometry": {"type": "Point", "coordinates": [100.892671, 13.576208]}, "properties": {"id": "zone_542", "unit_type": "cluster", "centroid": [13.576118, 100.892754], "radius_m": 50.5, "province": "สมุทรปราการ", "road": "ทางเข้าท่าอากาศยานสุวรรณภูมิ - บางวัว", "route_code": "34", "km_min": 33.0, "km_max": 33.05, "accident_count": 5, "deaths": 0, "serious_injury": 1, "minor_injury": 0, "fatal_crashes": 0, "injured_total": 1, "severity_index": 0.2, "level": "low", "economic_loss": 2000000, "epdo_million": 2.0, "single_count": 1, "multi_count": 4, "single_pct": 20.0, "multi_pct": 80.0, "pattern": "multiple", "top_cause": "ขับรถเร็วเกินอัตราที่กำหนด", "road_feature": "ทางตรง+ที่ราบ", "crash_pattern": "ชนท้าย", "road_type": "ทางหลวง", "speed_limit": 90, "road_label": "ทางเข้าท่าอากาศยานสุวรรณภูมิ - บางวัว", "road_label_source": "record", "road_ref": "ทล.34 กม.33", "medoid_raw": [100.892668, 13.576194], "snap_distance_m": 1.59}}, {"type": "Feature", "geometry": {"type": "Point", "coordinates": [100.712452, 13.633011]}, "properties": {"id": "zone_543", "unit_type": "cluster", "centroid": [13.632982, 100.712435], "radius_m": 0.0, "province": "สมุทรปราการ", "road": "บางนา-ชลบุรี", "route_code": "E004S009|U", "km_min": 12.4, "km_max": 12.4, "accident_count": 3, "deaths": 0, "serious_injury": 0, "minor_injury": 4, "fatal_crashes": 0, "injured_total": 4, "severity_index": 1.3333, "level": "medium", "economic_loss": 232000, "epdo_million": 0.232, "single_count": 0, "multi_count": 3, "single_pct": 0.0, "multi_pct": 100.0, "pattern": "multiple", "top_cause": "ละสายตาจากการขับขี่", "road_feature": "ทางตรง", "crash_pattern": "ชนท้าย", "road_type": "การทางพิเศษ", "speed_limit": 100, "road_label": "บางนา-ชลบุรี", "road_label_source": "record", "road_ref": "ทางพิเศษสายE004S009|U กม.12.4", "medoid_raw": [100.712435, 13.632982], "snap_distance_m": 3.71}}, {"type": "Feature", "geometry": {"type": "Point", "coordinates": [100.581971, 13.631323]}, "properties": {"id": "zone_544", "unit_type": "cluster", "centroid": [13.631563, 100.58178], "radius_m": 195.9, "province": "สมุทรปราการ", "road": "บางพลี-สุขสวัสดิ์", "route_code": "E007S013|U", "km_min": 15.2, "km_max": 15.5, "accident_count": 5, "deaths": 0, "serious_injury": 0, "minor_injury": 0, "fatal_crashes": 0, "injured_total": 0, "severity_index": 0.0, "level": "low", "economic_loss": 0, "epdo_million": 0.0, "single_count": 2, "multi_count": 3, "single_pct": 40.0, "multi_pct": 60.0, "pattern": "multiple", "top_cause": "ขับรถกระชั้นชิด", "road_feature": "ทางตรง", "crash_pattern": "พลิกคว่ำ/ตกถนนในทางตรง", "road_type": "การทางพิเศษ", "speed_limit": 100, "road_label": "บางพลี-สุขสวัสดิ์", "road_label_source": "record", "road_ref": "ทางพิเศษสายE007S013|U กม.15.2-15.5", "medoid_raw": [100.58197, 13.631319], "snap_distance_m": 0.46}}, {"type": "Feature", "geometry": {"type": "Point", "coordinates": [100.529367, 13.629741]}, "properties": {"id": "zone_545", "unit_type": "cluster", "centroid": [13.629473, 100.52917], "radius_m": 343.5, "province": "สมุทรปราการ", "road": "บางพลี-สุขสวัสดิ์", "route_code": "E007S013|U", "km_min": 21.2, "km_max": 21.8, "accident_count": 9, "deaths": 0, "serious_injury": 0, "minor_injury": 8, "fatal_crashes": 0, "injured_total": 8, "severity_index": 0.8889, "level": "low", "economic_loss": 464000, "epdo_million": 0.464, "single_count": 1, "multi_count": 8, "single_pct": 11.1, "multi_pct": 88.9, "pattern": "multiple", "top_cause": "ละสายตาจากการขับขี่", "road_feature": "ทางตรง", "crash_pattern": "ชนท้าย", "road_type": "การทางพิเศษ", "speed_limit": 100, "road_label": "บางพลี-สุขสวัสดิ์", "road_label_source": "record", "road_ref": "ทางพิเศษสายE007S013|U กม.21.2-21.8", "medoid_raw": [100.529392, 13.629677], "snap_distance_m": 7.61}}, {"type": "Feature", "geometry": {"type": "Point", "coordinates": [100.537081, 13.63269]}, "properties": {"id": "zone_546", "unit_type": "cluster", "centroid": [13.63272, 100.537189], "radius_m": 495.3, "province": "สมุทรปราการ", "road": "บางพลี-สุขสวัสดิ์", "route_code": "E007S013|I", "km_min": 20.1, "km_max": 21.0, "accident_count": 20, "deaths": 0, "serious_injury": 0, "minor_injury": 4, "fatal_crashes": 0, "injured_total": 4, "severity_index": 0.2, "level": "low", "economic_loss": 232000, "epdo_million": 0.232, "single_count": 0, "multi_count": 20, "single_pct": 0.0, "multi_pct": 100.0, "pattern": "multiple", "top_cause": "ไม่ระบุ", "road_feature": "ทางตรง", "crash_pattern": "ชนท้าย", "road_type": "การทางพิเศษ", "speed_limit": 100, "road_label": "บางพลี-สุขสวัสดิ์", "road_label_source": "record", "road_ref": "ทางพิเศษสายE007S013|I กม.20.1-21", "medoid_raw": [100.537132, 13.632584], "snap_distance_m": 13.01}}, {"type": "Feature", "geometry": {"type": "Point", "coordinates": [100.870147, 13.580891]}, "properties": {"id": "zone_547", "unit_type": "cluster", "centroid": [13.58091, 100.870006], "radius_m": 110.3, "province": "สมุทรปราการ", "road": "บางนา-ชลบุรี", "route_code": "E004S009|U", "km_min": 30.4, "km_max": 30.5, "accident_count": 7, "deaths": 0, "serious_injury": 0, "minor_injury": 3, "fatal_crashes": 0, "injured_total": 3, "severity_index": 0.4286, "level": "low", "economic_loss": 174000, "epdo_million": 0.174, "single_count": 0, "multi_count": 7, "single_pct": 0.0, "multi_pct": 100.0, "pattern": "multiple", "top_cause": "ขับรถกระชั้นชิด", "road_feature": "ทางตรง", "crash_pattern": "ชนท้าย", "road_type": "การทางพิเศษ", "speed_limit": 100, "road_label": "บางนา-ชลบุรี", "road_label_source": "record", "road_ref": "ทางพิเศษสายE004S009|U กม.30.4-30.5", "medoid_raw": [100.870137, 13.580848], "snap_distance_m": 4.9}}, {"type": "Feature", "geometry": {"type": "Point", "coordinates": [100.688994, 13.539117]}, "properties": {"id": "zone_548", "unit_type": "cluster", "centroid": [13.539312, 100.689271], "radius_m": 139.4, "province": "สมุทรปราการ", "road": "บางปู - บางพลี", "route_code": "3256", "km_min": 2.65, "km_max": 2.85, "accident_count": 3, "deaths": 1, "serious_injury": 1, "minor_injury": 1, "fatal_crashes": 1, "injured_total": 2, "severity_index": 1.0, "level": "medium", "economic_loss": 8758000, "epdo_million": 8.758, "single_count": 0, "multi_count": 3, "single_pct": 0.0, "multi_pct": 100.0, "pattern": "multiple", "top_cause": "ขับรถเร็วเกินอัตราที่กำหนด", "road_feature": "ทางตรง+ไม่มีความลาดชัน", "crash_pattern": "ชนท้าย", "road_type": "ทางหลวง", "speed_limit": 90, "road_label": "บางปู - บางพลี", "road_label_source": "record", "road_ref": "ทล.3256 กม.2.6-2.9", "medoid_raw": [100.689143, 13.539096], "snap_distance_m": 16.28}}, {"type": "Feature", "geometry": {"type": "Point", "coordinates": [100.624394, 13.608759]}, "properties": {"id": "zone_549", "unit_type": "cluster", "centroid": [13.608784, 100.624431], "radius_m": 112.2, "province": "สมุทรปราการ", "road": "บางพลี-สุขสวัสดิ์", "route_code": "E007S013|I", "km_min": 10.0, "km_max": 10.2, "accident_count": 4, "deaths": 0, "serious_injury": 0, "minor_injury": 0, "fatal_crashes": 0, "injured_total": 0, "severity_index": 0.0, "level": "low", "economic_loss": 0, "epdo_million": 0.0, "single_count": 0, "multi_count": 4, "single_pct": 0.0, "multi_pct": 100.0, "pattern": "multiple", "top_cause": "ไม่ระบุ", "road_feature": "ทางตรง", "crash_pattern": "ชนท้าย", "road_type": "การทางพิเศษ", "speed_limit": 100, "road_label": "บางพลี-สุขสวัสดิ์", "road_label_source": "record", "road_ref": "ทางพิเศษสายE007S013|I กม.10-10.2", "medoid_raw": [100.62436, 13.608701], "snap_distance_m": 7.42}}, {"type": "Feature", "geometry": {"type": "Point", "coordinates": [100.661058, 13.616194]}, "properties": {"id": "zone_550", "unit_type": "cluster", "centroid": [13.616309, 100.661118], "radius_m": 50.4, "province": "สมุทรปราการ", "road": "บางพลี-สุขสวัสดิ์", "route_code": "E007S013|I", "km_min": 5.0, "km_max": 5.0, "accident_count": 3, "deaths": 0, "serious_injury": 0, "minor_injury": 4, "fatal_crashes": 0, "injured_total": 4, "severity_index": 1.3333, "level": "medium", "economic_loss": 232000, "epdo_million": 0.232, "single_count": 0, "multi_count": 3, "single_pct": 0.0, "multi_pct": 100.0, "pattern": "multiple", "top_cause": "ไม่ระบุ", "road_feature": "ทางตรง", "crash_pattern": "พลิกคว่ำ/ตกถนนในทางตรง", "road_type": "การทางพิเศษ", "speed_limit": 100, "road_label": "บางพลี-สุขสวัสดิ์", "road_label_source": "record", "road_ref": "ทางพิเศษสายE007S013|I กม.5", "medoid_raw": [100.661124, 13.616158], "snap_distance_m": 8.18}}, {"type": "Feature", "geometry": {"type": "Point", "coordinates": [100.679094, 13.639238]}, "properties": {"id": "zone_551", "unit_type": "cluster", "centroid": [13.638762, 100.678766], "radius_m": 193.7, "province": "สมุทรปราการ", "road": "บางพลี-สุขสวัสดิ์", "route_code": "E007S013|I", "km_min": 1.8, "km_max": 2.0, "accident_count": 3, "deaths": 0, "serious_injury": 0, "minor_injury": 0, "fatal_crashes": 0, "injured_total": 0, "severity_index": 0.0, "level": "low", "economic_loss": 0, "epdo_million": 0.0, "single_count": 1, "multi_count": 2, "single_pct": 33.3, "multi_pct": 66.7, "pattern": "multiple", "top_cause": "ไม่ระบุ", "road_feature": "ทางแยกต่างระดับ/Ramps", "crash_pattern": "ชนท้าย", "road_type": "การทางพิเศษ", "speed_limit": 100, "road_label": "บางพลี-สุขสวัสดิ์", "road_label_source": "record", "road_ref": "ทางพิเศษสายE007S013|I กม.1.8-2", "medoid_raw": [100.679182, 13.639179], "snap_distance_m": 11.55}}, {"type": "Feature", "geometry": {"type": "Point", "coordinates": [100.577379, 13.632118]}, "properties": {"id": "zone_552", "unit_type": "cluster", "centroid": [13.632307, 100.577091], "radius_m": 199.9, "province": "สมุทรปราการ", "road": "บางพลี-สุขสวัสดิ์", "route_code": "E007S013|U", "km_min": 15.8, "km_max": 16.1, "accident_count": 9, "deaths": 0, "serious_injury": 0, "minor_injury": 5, "fatal_crashes": 0, "injured_total": 5, "severity_index": 0.5556, "level": "low", "economic_loss": 290000, "epdo_million": 0.29, "single_count": 0, "multi_count": 9, "single_pct": 0.0, "multi_pct": 100.0, "pattern": "multiple", "top_cause": "ไม่ระบุ", "road_feature": "ทางตรง", "crash_pattern": "ชนท้าย", "road_type": "การทางพิเศษ", "speed_limit": 100, "road_label": "บางพลี-สุขสวัสดิ์", "road_label_source": "record", "road_ref": "ทางพิเศษสายE007S013|U กม.15.8-16.1", "medoid_raw": [100.577374, 13.632087], "snap_distance_m": 3.49}}, {"type": "Feature", "geometry": {"type": "Point", "coordinates": [100.680521, 13.642004]}, "properties": {"id": "zone_553", "unit_type": "cluster", "centroid": [13.641695, 100.680389], "radius_m": 130.2, "province": "สมุทรปราการ", "road": "บางพลี-สุขสวัสดิ์", "route_code": "E007S013|U", "km_min": 1.5, "km_max": 1.6, "accident_count": 7, "deaths": 0, "serious_injury": 0, "minor_injury": 8, "fatal_crashes": 0, "injured_total": 8, "severity_index": 1.1429, "level": "medium", "economic_loss": 464000, "epdo_million": 0.464, "single_count": 0, "multi_count": 7, "single_pct": 0.0, "multi_pct": 100.0, "pattern": "multiple", "top_cause": "ไม่ระบุ", "road_feature": "ทางตรง", "crash_pattern": "ชนท้าย", "road_type": "การทางพิเศษ", "speed_limit": 100, "road_label": "บางพลี-สุขสวัสดิ์", "road_label_source": "record", "road_ref": "ทางพิเศษสายE007S013|U กม.1.5-1.6", "medoid_raw": [100.680544, 13.641994], "snap_distance_m": 2.72}}, {"type": "Feature", "geometry": {"type": "Point", "coordinates": [100.542817, 13.618458]}, "properties": {"id": "zone_554", "unit_type": "cluster", "centroid": [13.618529, 100.542878], "radius_m": 171.9, "province": "สมุทรปราการ", "road": "ไม่ระบุ", "route_code": "303", "km_min": 16.258, "km_max": 16.6, "accident_count": 3, "deaths": 1, "serious_injury": 0, "minor_injury": 1, "fatal_crashes": 1, "injured_total": 1, "severity_index": 0.6667, "level": "low", "economic_loss": 6758000, "epdo_million": 6.758, "single_count": 1, "multi_count": 2, "single_pct": 33.3, "multi_pct": 66.7, "pattern": "multiple", "top_cause": "หลับใน", "road_feature": "ทางตรง+ไม่มีความลาดชัน", "crash_pattern": "ชนท้าย", "road_type": "ทางหลวง", "speed_limit": 90, "road_label": "ราษฎร์บูรณะ - พระสมุทรเจดีย์", "road_label_source": "nearest_road", "road_ref": "ทล.303 กม.16.3-16.6", "medoid_raw": [100.542853, 13.618489], "snap_distance_m": 5.2}}, {"type": "Feature", "geometry": {"type": "Point", "coordinates": [100.556837, 13.603213]}, "properties": {"id": "zone_555", "unit_type": "cluster", "centroid": [13.603409, 100.556586], "radius_m": 216.6, "province": "สมุทรปราการ", "road": "ราษฎร์บูรณะ - พระสมุทรเจดีย์", "route_code": "303", "km_min": 18.55, "km_max": 18.8, "accident_count": 9, "deaths": 0, "serious_injury": 1, "minor_injury": 0, "fatal_crashes": 0, "injured_total": 1, "severity_index": 0.1111, "level": "low", "economic_loss": 2000000, "epdo_million": 2.0, "single_count": 1, "multi_count": 8, "single_pct": 11.1, "multi_pct": 88.9, "pattern": "multiple", "top_cause": "ขับรถเร็วเกินอัตรากำหนด", "road_feature": "ทางตรง+ไม่มีความลาดชัน", "crash_pattern": "ชนท้าย", "road_type": "ทางหลวง", "speed_limit": 90, "road_label": "ราษฎร์บูรณะ - พระสมุทรเจดีย์", "road_label_source": "record", "road_ref": "ทล.303 กม.18.6-18.8", "medoid_raw": [100.556801, 13.603183], "snap_distance_m": 5.12}}, {"type": "Feature", "geometry": {"type": "Point", "coordinates": [100.55194, 13.60864]}, "properties": {"id": "zone_556", "unit_type": "cluster", "centroid": [13.60852, 100.551976], "radius_m": 100.3, "province": "สมุทรปราการ", "road": "ราษฎร์บูรณะ - พระสมุทรเจดีย์", "route_code": "303", "km_min": 17.8, "km_max": 18.0, "accident_count": 4, "deaths": 0, "serious_injury": 0, "minor_injury": 3, "fatal_crashes": 0, "injured_total": 3, "severity_index": 0.75, "level": "low", "economic_loss": 174000, "epdo_million": 0.174, "single_count": 0, "multi_count": 4, "single_pct": 0.0, "multi_pct": 100.0, "pattern": "multiple", "top_cause": "ขับรถเร็วเกินอัตรากำหนด", "road_feature": "ทางตรง+ไม่มีความลาดชัน", "crash_pattern": "ชนท้าย", "road_type": "ทางหลวง", "speed_limit": 90, "road_label": "ราษฎร์บูรณะ - พระสมุทรเจดีย์", "road_label_source": "record", "road_ref": "ทล.303 กม.17.8-18", "medoid_raw": [100.551898, 13.608604], "snap_distance_m": 6.05}}, {"type": "Feature", "geometry": {"type": "Point", "coordinates": [100.522427, 13.626208]}, "properties": {"id": "zone_557", "unit_type": "cluster", "centroid": [13.626251, 100.522739], "radius_m": 96.5, "province": "สมุทรปราการ", "road": "บางพลี-สุขสวัสดิ์", "route_code": "E007S013|I", "km_min": 22.2, "km_max": 22.3, "accident_count": 3, "deaths": 0, "serious_injury": 0, "minor_injury": 1, "fatal_crashes": 0, "injured_total": 1, "severity_index": 0.3333, "level": "low", "economic_loss": 58000, "epdo_million": 0.058, "single_count": 0, "multi_count": 3, "single_pct": 0.0, "multi_pct": 100.0, "pattern": "multiple", "top_cause": "ไม่ระบุ", "road_feature": "ทางแยกต่างระดับ/Ramps", "crash_pattern": "ชนท้าย", "road_type": "การทางพิเศษ", "speed_limit": 100, "road_label": "บางพลี-สุขสวัสดิ์", "road_label_source": "record", "road_ref": "ทางพิเศษสายE007S013|I กม.22.2-22.3", "medoid_raw": [100.522474, 13.626119], "snap_distance_m": 11.12}}, {"type": "Feature", "geometry": {"type": "Point", "coordinates": [100.517677, 13.624004]}, "properties": {"id": "zone_558", "unit_type": "cluster", "centroid": [13.624091, 100.517968], "radius_m": 96.9, "province": "สมุทรปราการ", "road": "ไม่ระบุ", "route_code": "3902", "km_min": 1.995, "km_max": 2.1, "accident_count": 3, "deaths": 0, "serious_injury": 0, "minor_injury": 4, "fatal_crashes": 0, "injured_total": 4, "severity_index": 1.3333, "level": "medium", "economic_loss": 232000, "epdo_million": 0.232, "single_count": 0, "multi_count": 3, "single_pct": 0.0, "multi_pct": 100.0, "pattern": "multiple", "top_cause": "ขับรถเร็วเกินอัตรากำหนด", "road_feature": "ทางตรง+ไม่มีความลาดชัน", "crash_pattern": "ชนท้าย", "road_type": "ทางหลวง", "speed_limit": 90, "road_label": "พระประแดง - บางแค", "road_label_source": "nearest_road", "road_ref": "ทล.3902 กม.2-2.1", "medoid_raw": [100.517702, 13.623959], "snap_distance_m": 5.69}}, {"type": "Feature", "geometry": {"type": "Point", "coordinates": [100.61318, 13.618198]}, "properties": {"id": "zone_559", "unit_type": "cluster", "centroid": [13.618068, 100.61311], "radius_m": 199.1, "province": "สมุทรปราการ", "road": "บางพลี-สุขสวัสดิ์", "route_code": "E007S013|I", "km_min": 11.5, "km_max": 11.8, "accident_count": 4, "deaths": 0, "serious_injury": 0, "minor_injury": 1, "fatal_crashes": 0, "injured_total": 1, "severity_index": 0.25, "level": "low", "economic_loss": 58000, "epdo_million": 0.058, "single_count": 2, "multi_count": 2, "single_pct": 50.0, "multi_pct": 50.0, "pattern": "mixed", "top_cause": "ไม่ระบุ", "road_feature": "ทางตรง", "crash_pattern": "ชนท้าย", "road_type": "การทางพิเศษ", "speed_limit": 100, "road_label": "บางพลี-สุขสวัสดิ์", "road_label_source": "record", "road_ref": "ทางพิเศษสายE007S013|I กม.11.5-11.8", "medoid_raw": [100.61318, 13.618198], "snap_distance_m": 0.0}}, {"type": "Feature", "geometry": {"type": "Point", "coordinates": [100.63615, 13.528318]}, "properties": {"id": "zone_560", "unit_type": "cluster", "centroid": [13.528374, 100.635907], "radius_m": 128.5, "province": "สมุทรปราการ", "road": "ท้ายบ้าน - บางตำหรุ", "route_code": "3", "km_min": 35.12, "km_max": 35.31, "accident_count": 3, "deaths": 0, "serious_injury": 0, "minor_injury": 1, "fatal_crashes": 0, "injured_total": 1, "severity_index": 0.3333, "level": "low", "economic_loss": 58000, "epdo_million": 0.058, "single_count": 3, "multi_count": 0, "single_pct": 100.0, "multi_pct": 0.0, "pattern": "single", "top_cause": "ขับรถเร็วเกินอัตรากำหนด", "road_feature": "ทางตรง+ไม่มีความลาดชัน", "crash_pattern": "พลิกคว่ำ/ตกถนนในทางตรง", "road_type": "ทางหลวง", "speed_limit": 90, "road_label": "ท้ายบ้าน - บางตำหรุ", "road_label_source": "record", "road_ref": "ทล.3 กม.35.1-35.3", "medoid_raw": [100.636113, 13.528268], "snap_distance_m": 6.85}}, {"type": "Feature", "geometry": {"type": "Point", "coordinates": [100.694828, 13.512755]}, "properties": {"id": "zone_561", "unit_type": "cluster", "centroid": [13.512857, 100.694644], "radius_m": 100.2, "province": "สมุทรปราการ", "road": "บางตำหรุ - คลองด่าน", "route_code": "3", "km_min": 41.85, "km_max": 41.95, "accident_count": 3, "deaths": 0, "serious_injury": 0, "minor_injury": 0, "fatal_crashes": 0, "injured_total": 0, "severity_index": 0.0, "level": "low", "economic_loss": 0, "epdo_million": 0.0, "single_count": 1, "multi_count": 2, "single_pct": 33.3, "multi_pct": 66.7, "pattern": "multiple", "top_cause": "ขับรถเร็วเกินอัตรากำหนด", "road_feature": "ทางตรง+ไม่มีความลาดชัน", "crash_pattern": "ชนท้าย", "road_type": "ทางหลวง", "speed_limit": 90, "road_label": "บางตำหรุ - คลองด่าน", "road_label_source": "record", "road_ref": "ทล.3 กม.41.9-42", "medoid_raw": [100.694834, 13.51278], "snap_distance_m": 2.85}}, {"type": "Feature", "geometry": {"type": "Point", "coordinates": [100.70323, 13.510898]}, "properties": {"id": "zone_562", "unit_type": "cluster", "centroid": [13.510961, 100.703055], "radius_m": 130.2, "province": "สมุทรปราการ", "road": "บางตำหรุ - คลองด่าน", "route_code": "3", "km_min": 42.75, "km_max": 42.95, "accident_count": 3, "deaths": 0, "serious_injury": 0, "minor_injury": 0, "fatal_crashes": 0, "injured_total": 0, "severity_index": 0.0, "level": "low", "economic_loss": 0, "epdo_million": 0.0, "single_count": 2, "multi_count": 1, "single_pct": 66.7, "multi_pct": 33.3, "pattern": "single", "top_cause": "ขับรถเร็วเกินอัตรากำหนด", "road_feature": "ทางตรง+ไม่มีความลาดชัน", "crash_pattern": "ชนท้าย", "road_type": "ทางหลวง", "speed_limit": 90, "road_label": "บางตำหรุ - คลองด่าน", "road_label_source": "record", "road_ref": "ทล.3 กม.42.8-43", "medoid_raw": [100.703236, 13.510921], "snap_distance_m": 2.64}}, {"type": "Feature", "geometry": {"type": "Point", "coordinates": [100.560578, 13.637402]}, "properties": {"id": "zone_563", "unit_type": "cluster", "centroid": [13.637136, 100.560976], "radius_m": 321.5, "province": "สมุทรปราการ", "road": "บางพลี-สุขสวัสดิ์", "route_code": "E007S013|I", "km_min": 17.5, "km_max": 18.0, "accident_count": 5, "deaths": 0, "serious_injury": 0, "minor_injury": 1, "fatal_crashes": 0, "injured_total": 1, "severity_index": 0.2, "level": "low", "economic_loss": 58000, "epdo_million": 0.058, "single_count": 1, "multi_count": 4, "single_pct": 20.0, "multi_pct": 80.0, "pattern": "multiple", "top_cause": "ไม่ระบุ", "road_feature": "ทางตรง", "crash_pattern": "ชนท้าย", "road_type": "การทางพิเศษ", "speed_limit": 100, "road_label": "บางพลี-สุขสวัสดิ์", "road_label_source": "record", "road_ref": "ทางพิเศษสายE007S013|I กม.17.5-18", "medoid_raw": [100.560592, 13.637438], "snap_distance_m": 4.28}}, {"type": "Feature", "geometry": {"type": "Point", "coordinates": [100.568397, 13.634505]}, "properties": {"id": "zone_564", "unit_type": "cluster", "centroid": [13.634472, 100.568581], "radius_m": 98.9, "province": "สมุทรปราการ", "road": "บางพลี-สุขสวัสดิ์", "route_code": "E007S013|U", "km_min": 16.8, "km_max": 16.9, "accident_count": 5, "deaths": 0, "serious_injury": 0, "minor_injury": 0, "fatal_crashes": 0, "injured_total": 0, "severity_index": 0.0, "level": "low", "economic_loss": 0, "epdo_million": 0.0, "single_count": 0, "multi_count": 5, "single_pct": 0.0, "multi_pct": 100.0, "pattern": "multiple", "top_cause": "ไม่ระบุ", "road_feature": "ทางตรง", "crash_pattern": "ชนท้าย", "road_type": "การทางพิเศษ", "speed_limit": 100, "road_label": "บางพลี-สุขสวัสดิ์", "road_label_source": "record", "road_ref": "ทางพิเศษสายE007S013|U กม.16.8-16.9", "medoid_raw": [100.56841, 13.634536], "snap_distance_m": 3.72}}, {"type": "Feature", "geometry": {"type": "Point", "coordinates": [100.547638, 13.613371]}, "properties": {"id": "zone_565", "unit_type": "cluster", "centroid": [13.613555, 100.547386], "radius_m": 100.3, "province": "สมุทรปราการ", "road": "ราษฎร์บูรณะ - พระสมุทรเจดีย์", "route_code": "303", "km_min": 17.1, "km_max": 17.2, "accident_count": 3, "deaths": 0, "serious_injury": 0, "minor_injury": 0, "fatal_crashes": 0, "injured_total": 0, "severity_index": 0.0, "level": "low", "economic_loss": 0, "epdo_million": 0.0, "single_count": 0, "multi_count": 3, "single_pct": 0.0, "multi_pct": 100.0, "pattern": "multiple", "top_cause": "ขับรถเร็วเกินอัตรากำหนด", "road_feature": "ทางตรง+ไม่มีความลาดชัน", "crash_pattern": "ชนท้าย", "road_type": "ทางหลวง", "speed_limit": 90, "road_label": "ราษฎร์บูรณะ - พระสมุทรเจดีย์", "road_label_source": "record", "road_ref": "ทล.303 กม.17.1-17.2", "medoid_raw": [100.547593, 13.613332], "snap_distance_m": 6.52}}, {"type": "Feature", "geometry": {"type": "Point", "coordinates": [100.180697, 13.523128]}, "properties": {"id": "zone_566", "unit_type": "cluster", "centroid": [13.523253, 100.180717], "radius_m": 846.7, "province": "สมุทรสาคร", "road": "สะพานข้ามแม่น้ำท่าจีนฝั่งตะวันตก - นาโคก", "route_code": "35", "km_min": 37.95, "km_max": 39.75, "accident_count": 67, "deaths": 1, "serious_injury": 1, "minor_injury": 24, "fatal_crashes": 1, "injured_total": 25, "severity_index": 0.3881, "level": "low", "economic_loss": 10092000, "epdo_million": 10.092, "single_count": 31, "multi_count": 36, "single_pct": 46.3, "multi_pct": 53.7, "pattern": "mixed", "top_cause": "ขับรถเร็วเกินอัตราที่กำหนด", "road_feature": "ทางตรง+ที่ราบ", "crash_pattern": "ชนท้าย", "road_type": "ทางหลวง", "speed_limit": 90, "road_label": "สะพานข้ามแม่น้ำท่าจีนฝั่งตะวันตก - นาโคก", "road_label_source": "record", "road_ref": "ทล.35 กม.38-39.8", "medoid_raw": [100.180669, 13.523222], "snap_distance_m": 10.88}}, {"type": "Feature", "geometry": {"type": "Point", "coordinates": [100.190276, 13.526358]}, "properties": {"id": "zone_567", "unit_type": "cluster", "centroid": [13.526443, 100.190184], "radius_m": 73.3, "province": "สมุทรสาคร", "road": "สะพานข้ามแม่น้ำท่าจีนฝั่งตะวันตก - นาโคก", "route_code": "35", "km_min": 37.7, "km_max": 37.9, "accident_count": 5, "deaths": 0, "serious_injury": 0, "minor_injury": 1, "fatal_crashes": 0, "injured_total": 1, "severity_index": 0.2, "level": "low", "economic_loss": 58000, "epdo_million": 0.058, "single_count": 4, "multi_count": 1, "single_pct": 80.0, "multi_pct": 20.0, "pattern": "single", "top_cause": "ขับรถเร็วเกินอัตราที่กำหนด", "road_feature": "ทางตรง+ที่ราบ", "crash_pattern": "พลิกคว่ำ/ตกถนนในทางตรง", "road_type": "ทางหลวง", "speed_limit": 90, "road_label": "สะพานข้ามแม่น้ำท่าจีนฝั่งตะวันตก - นาโคก", "road_label_source": "record", "road_ref": "ทล.35 กม.37.7-37.9", "medoid_raw": [100.190252, 13.526424], "snap_distance_m": 7.78}}, {"type": "Feature", "geometry": {"type": "Point", "coordinates": [100.183236, 13.524187]}, "properties": {"id": "zone_568", "unit_type": "cluster", "centroid": [13.52423, 100.183064], "radius_m": 855.2, "province": "สมุทรสาคร", "road": "ไม่ระบุ", "route_code": "35", "km_min": 0.23, "km_max": 39.46, "accident_count": 36, "deaths": 1, "serious_injury": 1, "minor_injury": 7, "fatal_crashes": 1, "injured_total": 8, "severity_index": 0.25, "level": "low", "economic_loss": 9106000, "epdo_million": 9.106, "single_count": 14, "multi_count": 22, "single_pct": 38.9, "multi_pct": 61.1, "pattern": "multiple", "top_cause": "ขับรถเร็วเกินอัตรากำหนด", "road_feature": "ทางตรง+ไม่มีความลาดชัน", "crash_pattern": "ชนท้าย", "road_type": "ทางหลวง", "speed_limit": 90, "road_label": "สะพานข้ามแม่น้ำท่าจีนฝั่งตะวันตก - นาโคก", "road_label_source": "nearest_road", "road_ref": "ทล.35 กม.0.2-39.5", "medoid_raw": [100.183241, 13.524173], "snap_distance_m": 1.65}}, {"type": "Feature", "geometry": {"type": "Point", "coordinates": [100.213606, 13.534212]}, "properties": {"id": "zone_569", "unit_type": "cluster", "centroid": [13.534283, 100.213549], "radius_m": 3155.9, "province": "สมุทรสาคร", "road": "สะพานข้ามแม่น้ำท่าจีนฝั่งตะวันตก - นาโคก", "route_code": "35", "km_min": 31.9, "km_max": 37.5, "accident_count": 223, "deaths": 3, "serious_injury": 5, "minor_injury": 53, "fatal_crashes": 3, "injured_total": 58, "severity_index": 0.2735, "level": "low", "economic_loss": 33174000, "epdo_million": 33.174, "single_count": 56, "multi_count": 167, "single_pct": 25.1, "multi_pct": 74.9, "pattern": "multiple", "top_cause": "ขับรถเร็วเกินอัตราที่กำหนด", "road_feature": "ทางตรง+ที่ราบ", "crash_pattern": "ชนท้าย", "road_type": "ทางหลวง", "speed_limit": 90, "road_label": "สะพานข้ามแม่น้ำท่าจีนฝั่งตะวันตก - นาโคก", "road_label_source": "record", "road_ref": "ทล.35 กม.31.9-37.5", "medoid_raw": [100.21358, 13.534285], "snap_distance_m": 8.59}}, {"type": "Feature", "geometry": {"type": "Point", "coordinates": [100.249106, 13.543798]}, "properties": {"id": "zone_570", "unit_type": "cluster", "centroid": [13.543865, 100.249264], "radius_m": 695.1, "province": "สมุทรสาคร", "road": "สะพานข้ามแม่น้ำท่าจีนฝั่งตะวันตก - นาโคก", "route_code": "35", "km_min": 30.4, "km_max": 31.7, "accident_count": 37, "deaths": 1, "serious_injury": 1, "minor_injury": 6, "fatal_crashes": 1, "injured_total": 7, "severity_index": 0.2162, "level": "low", "economic_loss": 9048000, "epdo_million": 9.048, "single_count": 4, "multi_count": 33, "single_pct": 10.8, "multi_pct": 89.2, "pattern": "multiple", "top_cause": "ขับรถเร็วเกินอัตราที่กำหนด", "road_feature": "ทางตรง+ที่ราบ", "crash_pattern": "ชนท้าย", "road_type": "ทางหลวง", "speed_limit": 90, "road_label": "สะพานข้ามแม่น้ำท่าจีนฝั่งตะวันตก - นาโคก", "road_label_source": "record", "road_ref": "ทล.35 กม.30.4-31.7", "medoid_raw": [100.249103, 13.543822], "snap_distance_m": 2.69}}, {"type": "Feature", "geometry": {"type": "Point", "coordinates": [100.259155, 13.546439]}, "properties": {"id": "zone_571", "unit_type": "cluster", "centroid": [13.546563, 100.259153], "radius_m": 350.1, "province": "สมุทรสาคร", "road": "แสมดำ - สะพานข้ามแม่น้ำท่าจีนฝั่งตะวันตก", "route_code": "35", "km_min": 29.5, "km_max": 30.25, "accident_count": 37, "deaths": 1, "serious_injury": 2, "minor_injury": 15, "fatal_crashes": 1, "injured_total": 17, "severity_index": 0.4865, "level": "low", "economic_loss": 11570000, "epdo_million": 11.57, "single_count": 11, "multi_count": 26, "single_pct": 29.7, "multi_pct": 70.3, "pattern": "multiple", "top_cause": "ขับรถเร็วเกินอัตราที่กำหนด", "road_feature": "ทางตรง+ที่ราบ", "crash_pattern": "ชนท้าย", "road_type": "ทางหลวง", "speed_limit": 90, "road_label": "แสมดำ - สะพานข้ามแม่น้ำท่าจีนฝั่งตะวันตก", "road_label_source": "record", "road_ref": "ทล.35 กม.29.5-30.2", "medoid_raw": [100.25916, 13.546433], "snap_distance_m": 0.86}}, {"type": "Feature", "geometry": {"type": "Point", "coordinates": [100.26407, 13.550597]}, "properties": {"id": "zone_572", "unit_type": "cluster", "centroid": [13.550542, 100.263849], "radius_m": 156.4, "province": "สมุทรสาคร", "road": "แสมดำ - สะพานข้ามแม่น้ำท่าจีนฝั่งตะวันตก", "route_code": "35", "km_min": 29.1, "km_max": 29.4, "accident_count": 3, "deaths": 0, "serious_injury": 0, "minor_injury": 1, "fatal_crashes": 0, "injured_total": 1, "severity_index": 0.3333, "level": "low", "economic_loss": 58000, "epdo_million": 0.058, "single_count": 0, "multi_count": 3, "single_pct": 0.0, "multi_pct": 100.0, "pattern": "multiple", "top_cause": "ขับรถเร็วเกินอัตรากำหนด", "road_feature": "ทางตรง+ไม่มีความลาดชัน", "crash_pattern": "ชนท้าย", "road_type": "ทางหลวง", "speed_limit": 90, "road_label": "แสมดำ - สะพานข้ามแม่น้ำท่าจีนฝั่งตะวันตก", "road_label_source": "record", "road_ref": "ทล.35 กม.29.1-29.4", "medoid_raw": [100.264111, 13.550556], "snap_distance_m": 6.36}}, {"type": "Feature", "geometry": {"type": "Point", "coordinates": [100.233243, 13.541227]}, "properties": {"id": "zone_573", "unit_type": "cluster", "centroid": [13.54095, 100.233398], "radius_m": 605.3, "province": "สมุทรสาคร", "road": "ไม่ระบุ", "route_code": "35", "km_min": 31.7, "km_max": 33.3, "accident_count": 18, "deaths": 0, "serious_injury": 0, "minor_injury": 17, "fatal_crashes": 0, "injured_total": 17, "severity_index": 0.9444, "level": "low", "economic_loss": 986000, "epdo_million": 0.986, "single_count": 8, "multi_count": 10, "single_pct": 44.4, "multi_pct": 55.6, "pattern": "mixed", "top_cause": "ขับรถเร็วเกินอัตรากำหนด", "road_feature": "ทางตรง+ไม่มีความลาดชัน", "crash_pattern": "พลิกคว่ำ/ตกถนนในทางตรง", "road_type": "ทางหลวง", "speed_limit": 90, "road_label": "สะพานข้ามแม่น้ำท่าจีนฝั่งตะวันตก - นาโคก", "road_label_source": "nearest_road", "road_ref": "ทล.35 กม.31.7-33.3", "medoid_raw": [100.233239, 13.541239], "snap_distance_m": 1.4}}, {"type": "Feature", "geometry": {"type": "Point", "coordinates": [100.250019, 13.543898]}, "properties": {"id": "zone_574", "unit_type": "cluster", "centroid": [13.544009, 100.250619], "radius_m": 197.5, "province": "สมุทรสาคร", "road": "ไม่ระบุ", "route_code": "35", "km_min": 30.5, "km_max": 31.0, "accident_count": 3, "deaths": 0, "serious_injury": 0, "minor_injury": 1, "fatal_crashes": 0, "injured_total": 1, "severity_index": 0.3333, "level": "low", "economic_loss": 58000, "epdo_million": 0.058, "single_count": 2, "multi_count": 1, "single_pct": 66.7, "multi_pct": 33.3, "pattern": "single", "top_cause": "ขับรถเร็วเกินอัตรากำหนด", "road_feature": "ทางตรง+ไม่มีความลาดชัน", "crash_pattern": "พลิกคว่ำ/ตกถนนในทางตรง", "road_type": "ทางหลวง", "speed_limit": 90, "road_label": "สะพานข้ามแม่น้ำท่าจีนฝั่งตะวันตก - นาโคก", "road_label_source": "nearest_road", "road_ref": "ทล.35 กม.30.5-31", "medoid_raw": [100.250016, 13.543926], "snap_distance_m": 3.13}}, {"type": "Feature", "geometry": {"type": "Point", "coordinates": [100.261219, 13.54842]}, "properties": {"id": "zone_575", "unit_type": "cluster", "centroid": [13.548455, 100.261325], "radius_m": 630.4, "province": "สมุทรสาคร", "road": "ไม่ระบุ", "route_code": "35", "km_min": 29.0, "km_max": 30.275, "accident_count": 29, "deaths": 3, "serious_injury": 1, "minor_injury": 8, "fatal_crashes": 3, "injured_total": 9, "severity_index": 0.4138, "level": "low", "economic_loss": 22564000, "epdo_million": 22.564, "single_count": 9, "multi_count": 20, "single_pct": 31.0, "multi_pct": 69.0, "pattern": "multiple", "top_cause": "ขับรถเร็วเกินอัตรากำหนด", "road_feature": "ทางตรง+ไม่มีความลาดชัน", "crash_pattern": "ชนท้าย", "road_type": "ทางหลวง", "speed_limit": 90, "road_label": "แสมดำ - สะพานข้ามแม่น้ำท่าจีนฝั่งตะวันตก", "road_label_source": "nearest_road", "road_ref": "ทล.35 กม.29-30.3", "medoid_raw": [100.261222, 13.548417], "snap_distance_m": 0.47}}, {"type": "Feature", "geometry": {"type": "Point", "coordinates": [100.243835, 13.543359]}, "properties": {"id": "zone_576", "unit_type": "cluster", "centroid": [13.543368, 100.244136], "radius_m": 391.9, "province": "สมุทรสาคร", "road": "ไม่ระบุ", "route_code": "35", "km_min": 31.2, "km_max": 31.9, "accident_count": 25, "deaths": 0, "serious_injury": 0, "minor_injury": 2, "fatal_crashes": 0, "injured_total": 2, "severity_index": 0.08, "level": "low", "economic_loss": 116000, "epdo_million": 0.116, "single_count": 8, "multi_count": 17, "single_pct": 32.0, "multi_pct": 68.0, "pattern": "multiple", "top_cause": "ขับรถเร็วเกินอัตรากำหนด", "road_feature": "ทางตรง+ไม่มีความลาดชัน", "crash_pattern": "ชนท้าย", "road_type": "ทางหลวง", "speed_limit": 90, "road_label": "สะพานข้ามแม่น้ำท่าจีนฝั่งตะวันตก - นาโคก", "road_label_source": "nearest_road", "road_ref": "ทล.35 กม.31.2-31.9", "medoid_raw": [100.243832, 13.543384], "snap_distance_m": 2.8}}, {"type": "Feature", "geometry": {"type": "Point", "coordinates": [100.203549, 13.531044]}, "properties": {"id": "zone_577", "unit_type": "cluster", "centroid": [13.530961, 100.203564], "radius_m": 1127.7, "province": "สมุทรสาคร", "road": "ไม่ระบุ", "route_code": "35", "km_min": 35.079, "km_max": 37.02, "accident_count": 79, "deaths": 0, "serious_injury": 0, "minor_injury": 8, "fatal_crashes": 0, "injured_total": 8, "severity_index": 0.1013, "level": "low", "economic_loss": 464000, "epdo_million": 0.464, "single_count": 17, "multi_count": 62, "single_pct": 21.5, "multi_pct": 78.5, "pattern": "multiple", "top_cause": "ขับรถเร็วเกินอัตรากำหนด", "road_feature": "ทางตรง+ไม่มีความลาดชัน", "crash_pattern": "ชนท้าย", "road_type": "ทางหลวง", "speed_limit": 90, "road_label": "สะพานข้ามแม่น้ำท่าจีนฝั่งตะวันตก - นาโคก", "road_label_source": "nearest_road", "road_ref": "ทล.35 กม.35.1-37", "medoid_raw": [100.203567, 13.530993], "snap_distance_m": 6.0}}, {"type": "Feature", "geometry": {"type": "Point", "coordinates": [100.22599, 13.538297]}, "properties": {"id": "zone_578", "unit_type": "cluster", "centroid": [13.538345, 100.225765], "radius_m": 295.7, "province": "สมุทรสาคร", "road": "ไม่ระบุ", "route_code": "35", "km_min": 33.57, "km_max": 33.9, "accident_count": 9, "deaths": 0, "serious_injury": 0, "minor_injury": 1, "fatal_crashes": 0, "injured_total": 1, "severity_index": 0.1111, "level": "low", "economic_loss": 58000, "epdo_million": 0.058, "single_count": 4, "multi_count": 5, "single_pct": 44.4, "multi_pct": 55.6, "pattern": "mixed", "top_cause": "ขับรถเร็วเกินอัตรากำหนด", "road_feature": "ทางตรง+ไม่มีความลาดชัน", "crash_pattern": "ชนท้าย", "road_type": "ทางหลวง", "speed_limit": 90, "road_label": "สะพานข้ามแม่น้ำท่าจีนฝั่งตะวันตก - นาโคก", "road_label_source": "nearest_road", "road_ref": "ทล.35 กม.33.6-33.9", "medoid_raw": [100.225994, 13.538284], "snap_distance_m": 1.51}}, {"type": "Feature", "geometry": {"type": "Point", "coordinates": [100.218352, 13.535817]}, "properties": {"id": "zone_579", "unit_type": "cluster", "centroid": [13.535896, 100.218364], "radius_m": 349.9, "province": "สมุทรสาคร", "road": "ไม่ระบุ", "route_code": "35", "km_min": 34.1, "km_max": 34.895, "accident_count": 23, "deaths": 2, "serious_injury": 0, "minor_injury": 3, "fatal_crashes": 2, "injured_total": 3, "severity_index": 0.2174, "level": "low", "economic_loss": 13574000, "epdo_million": 13.574, "single_count": 4, "multi_count": 19, "single_pct": 17.4, "multi_pct": 82.6, "pattern": "multiple", "top_cause": "ขับรถเร็วเกินอัตรากำหนด", "road_feature": "ทางตรง+ไม่มีความลาดชัน", "crash_pattern": "ชนท้าย", "road_type": "ทางหลวง", "speed_limit": 90, "road_label": "สะพานข้ามแม่น้ำท่าจีนฝั่งตะวันตก - นาโคก", "road_label_source": "nearest_road", "road_ref": "ทล.35 กม.34.1-34.9", "medoid_raw": [100.218366, 13.535779], "snap_distance_m": 4.49}}, {"type": "Feature", "geometry": {"type": "Point", "coordinates": [100.254581, 13.544438]}, "properties": {"id": "zone_580", "unit_type": "cluster", "centroid": [13.544456, 100.254578], "radius_m": 0.0, "province": "สมุทรสาคร", "road": "ไม่ระบุ", "route_code": "35", "km_min": 30.5, "km_max": 30.5, "accident_count": 3, "deaths": 0, "serious_injury": 0, "minor_injury": 0, "fatal_crashes": 0, "injured_total": 0, "severity_index": 0.0, "level": "low", "economic_loss": 0, "epdo_million": 0.0, "single_count": 1, "multi_count": 2, "single_pct": 33.3, "multi_pct": 66.7, "pattern": "multiple", "top_cause": "คน/รถ/สัตว์ตัดหน้ากระชั้นชิด", "road_feature": "ทางตรง+ไม่มีความลาดชัน", "crash_pattern": "ชนท้าย", "road_type": "ทางหลวง", "speed_limit": 90, "road_label": "สะพานข้ามแม่น้ำท่าจีนฝั่งตะวันตก - นาโคก", "road_label_source": "nearest_road", "road_ref": "ทล.35 กม.30.5", "medoid_raw": [100.254578, 13.544456], "snap_distance_m": 2.03}}, {"type": "Feature", "geometry": {"type": "Point", "coordinates": [100.297793, 13.574994]}, "properties": {"id": "zone_581", "unit_type": "cluster", "centroid": [13.575128, 100.297945], "radius_m": 1341.7, "province": "สมุทรสาคร", "road": "แสมดำ - สะพานข้ามแม่น้ำท่าจีนฝั่งตะวันตก", "route_code": "35", "km_min": 23.2, "km_max": 25.73, "accident_count": 63, "deaths": 1, "serious_injury": 8, "minor_injury": 21, "fatal_crashes": 1, "injured_total": 29, "severity_index": 0.4762, "level": "low", "economic_loss": 23918000, "epdo_million": 23.918, "single_count": 25, "multi_count": 38, "single_pct": 39.7, "multi_pct": 60.3, "pattern": "multiple", "top_cause": "เมาสุรา", "road_feature": "ทางตรง+ที่ราบ", "crash_pattern": "ชนท้าย", "road_type": "ทางหลวง", "speed_limit": 90, "road_label": "แสมดำ - สะพานข้ามแม่น้ำท่าจีนฝั่งตะวันตก", "road_label_source": "record", "road_ref": "ทล.35 กม.23.2-25.7", "medoid_raw": [100.297778, 13.575022], "snap_distance_m": 3.51}}, {"type": "Feature", "geometry": {"type": "Point", "coordinates": [100.294143, 13.573099]}, "properties": {"id": "zone_582", "unit_type": "cluster", "centroid": [13.573127, 100.294128], "radius_m": 0.0, "province": "สมุทรสาคร", "road": "ไม่ระบุ", "route_code": "35", "km_min": 25.1, "km_max": 25.1, "accident_count": 3, "deaths": 0, "serious_injury": 0, "minor_injury": 1, "fatal_crashes": 0, "injured_total": 1, "severity_index": 0.3333, "level": "low", "economic_loss": 58000, "epdo_million": 0.058, "single_count": 0, "multi_count": 3, "single_pct": 0.0, "multi_pct": 100.0, "pattern": "multiple", "top_cause": "ขับรถเร็วเกินอัตรากำหนด", "road_feature": "ทางตรง+ไม่มีความลาดชัน", "crash_pattern": "ชนท้าย", "road_type": "ทางหลวง", "speed_limit": 90, "road_label": "แสมดำ - สะพานข้ามแม่น้ำท่าจีนฝั่งตะวันตก", "road_label_source": "nearest_road", "road_ref": "ทล.35 กม.25.1", "medoid_raw": [100.294128, 13.573127], "snap_distance_m": 3.51}}, {"type": "Feature", "geometry": {"type": "Point", "coordinates": [100.308675, 13.5809]}, "properties": {"id": "zone_583", "unit_type": "cluster", "centroid": [13.580519, 100.30827], "radius_m": 205.1, "province": "สมุทรสาคร", "road": "ไม่ระบุ", "route_code": "35", "km_min": 22.785, "km_max": 23.5, "accident_count": 5, "deaths": 1, "serious_injury": 0, "minor_injury": 1, "fatal_crashes": 1, "injured_total": 1, "severity_index": 0.4, "level": "low", "economic_loss": 6758000, "epdo_million": 6.758, "single_count": 5, "multi_count": 0, "single_pct": 100.0, "multi_pct": 0.0, "pattern": "single", "top_cause": "ขับรถเร็วเกินอัตรากำหนด", "road_feature": "ทางตรง+ไม่มีความลาดชัน", "crash_pattern": "พลิกคว่ำ/ตกถนนในทางตรง", "road_type": "ทางหลวง", "speed_limit": 90, "road_label": "แสมดำ - สะพานข้ามแม่น้ำท่าจีนฝั่งตะวันตก", "road_label_source": "nearest_road", "road_ref": "ทล.35 กม.22.8-23.5", "medoid_raw": [100.308677, 13.580899], "snap_distance_m": 0.24}}, {"type": "Feature", "geometry": {"type": "Point", "coordinates": [100.368337, 13.600618]}, "properties": {"id": "zone_584", "unit_type": "cluster", "centroid": [13.600772, 100.368341], "radius_m": 230.9, "province": "สมุทรสาคร", "road": "แสมดำ - สะพานข้ามแม่น้ำท่าจีนฝั่งตะวันตก", "route_code": "35", "km_min": 16.0, "km_max": 16.3, "accident_count": 17, "deaths": 0, "serious_injury": 0, "minor_injury": 2, "fatal_crashes": 0, "injured_total": 2, "severity_index": 0.1176, "level": "low", "economic_loss": 116000, "epdo_million": 0.116, "single_count": 4, "multi_count": 13, "single_pct": 23.5, "multi_pct": 76.5, "pattern": "multiple", "top_cause": "ขับรถเร็วเกินอัตราที่กำหนด", "road_feature": "ทางตรง+ที่ราบ", "crash_pattern": "ชนท้าย", "road_type": "ทางหลวง", "speed_limit": 90, "road_label": "แสมดำ - สะพานข้ามแม่น้ำท่าจีนฝั่งตะวันตก", "road_label_source": "record", "road_ref": "ทล.35 กม.16-16.3", "medoid_raw": [100.36834, 13.600615], "snap_distance_m": 0.47}}, {"type": "Feature", "geometry": {"type": "Point", "coordinates": [100.3694, 13.601852]}, "properties": {"id": "zone_585", "unit_type": "cluster", "centroid": [13.601848, 100.369407], "radius_m": 1.1, "province": "สมุทรสาคร", "road": "ไม่ระบุ", "route_code": "35", "km_min": 16.0, "km_max": 16.0, "accident_count": 5, "deaths": 0, "serious_injury": 4, "minor_injury": 1, "fatal_crashes": 0, "injured_total": 5, "severity_index": 1.0, "level": "medium", "economic_loss": 8058000, "epdo_million": 8.058, "single_count": 3, "multi_count": 2, "single_pct": 60.0, "multi_pct": 40.0, "pattern": "single", "top_cause": "ขับรถเร็วเกินอัตรากำหนด", "road_feature": "ทางตรง+ไม่มีความลาดชัน", "crash_pattern": "พลิกคว่ำ/ตกถนนในทางตรง", "road_type": "ทางหลวง", "speed_limit": 90, "road_label": "แสมดำ - สะพานข้ามแม่น้ำท่าจีนฝั่งตะวันตก", "road_label_source": "nearest_road", "road_ref": "ทล.35 กม.16", "medoid_raw": [100.369405, 13.601847], "snap_distance_m": 0.78}}, {"type": "Feature", "geometry": {"type": "Point", "coordinates": [100.325058, 13.588011]}, "properties": {"id": "zone_586", "unit_type": "cluster", "centroid": [13.587938, 100.324975], "radius_m": 1525.1, "province": "สมุทรสาคร", "road": "แสมดำ - สะพานข้ามแม่น้ำท่าจีนฝั่งตะวันตก", "route_code": "35", "km_min": 19.8, "km_max": 22.85, "accident_count": 89, "deaths": 5, "serious_injury": 7, "minor_injury": 21, "fatal_crashes": 4, "injured_total": 28, "severity_index": 0.3596, "level": "low", "economic_loss": 48718000, "epdo_million": 48.718, "single_count": 38, "multi_count": 51, "single_pct": 42.7, "multi_pct": 57.3, "pattern": "mixed", "top_cause": "ขับรถเร็วเกินอัตราที่กำหนด", "road_feature": "ทางตรง+ที่ราบ", "crash_pattern": "ชนท้าย", "road_type": "ทางหลวง", "speed_limit": 90, "road_label": "แสมดำ - สะพานข้ามแม่น้ำท่าจีนฝั่งตะวันตก", "road_label_source": "record", "road_ref": "ทล.35 กม.19.8-22.9", "medoid_raw": [100.32507, 13.587981], "snap_distance_m": 3.58}}, {"type": "Feature", "geometry": {"type": "Point", "coordinates": [100.327721, 13.589169]}, "properties": {"id": "zone_587", "unit_type": "cluster", "centroid": [13.589334, 100.327266], "radius_m": 607.1, "province": "สมุทรสาคร", "road": "ไม่ระบุ", "route_code": "35", "km_min": 7.5, "km_max": 22.3, "accident_count": 25, "deaths": 0, "serious_injury": 0, "minor_injury": 5, "fatal_crashes": 0, "injured_total": 5, "severity_index": 0.2, "level": "low", "economic_loss": 290000, "epdo_million": 0.29, "single_count": 11, "multi_count": 14, "single_pct": 44.0, "multi_pct": 56.0, "pattern": "mixed", "top_cause": "ขับรถเร็วเกินอัตรากำหนด", "road_feature": "ทางตรง+ไม่มีความลาดชัน", "crash_pattern": "ชนท้าย", "road_type": "ทางหลวง", "speed_limit": 90, "road_label": "แสมดำ - สะพานข้ามแม่น้ำท่าจีนฝั่งตะวันตก", "road_label_source": "nearest_road", "road_ref": "ทล.35 กม.7.5-22.3", "medoid_raw": [100.327716, 13.589181], "snap_distance_m": 1.44}}, {"type": "Feature", "geometry": {"type": "Point", "coordinates": [100.314485, 13.583589]}, "properties": {"id": "zone_588", "unit_type": "cluster", "centroid": [13.583718, 100.314536], "radius_m": 267.5, "province": "สมุทรสาคร", "road": "ไม่ระบุ", "route_code": "35", "km_min": 22.3, "km_max": 22.8, "accident_count": 8, "deaths": 0, "serious_injury": 0, "minor_injury": 3, "fatal_crashes": 0, "injured_total": 3, "severity_index": 0.375, "level": "low", "economic_loss": 174000, "epdo_million": 0.174, "single_count": 5, "multi_count": 3, "single_pct": 62.5, "multi_pct": 37.5, "pattern": "single", "top_cause": "หลับใน", "road_feature": "ทางตรง+ไม่มีความลาดชัน", "crash_pattern": "พลิกคว่ำ/ตกถนนในทางตรง", "road_type": "ทางหลวง", "speed_limit": 90, "road_label": "แสมดำ - สะพานข้ามแม่น้ำท่าจีนฝั่งตะวันตก", "road_label_source": "nearest_road", "road_ref": "ทล.35 กม.22.3-22.8", "medoid_raw": [100.314486, 13.583587], "snap_distance_m": 0.25}}, {"type": "Feature", "geometry": {"type": "Point", "coordinates": [100.336451, 13.59252]}, "properties": {"id": "zone_589", "unit_type": "cluster", "centroid": [13.592201, 100.336013], "radius_m": 201.6, "province": "สมุทรสาคร", "road": "ไม่ระบุ", "route_code": "35", "km_min": 19.8, "km_max": 20.2, "accident_count": 4, "deaths": 0, "serious_injury": 0, "minor_injury": 5, "fatal_crashes": 0, "injured_total": 5, "severity_index": 1.25, "level": "medium", "economic_loss": 290000, "epdo_million": 0.29, "single_count": 2, "multi_count": 2, "single_pct": 50.0, "multi_pct": 50.0, "pattern": "mixed", "top_cause": "ขับรถเร็วเกินอัตรากำหนด", "road_feature": "ทางตรง+ไม่มีความลาดชัน", "crash_pattern": "ชนท้าย", "road_type": "ทางหลวง", "speed_limit": 90, "road_label": "แสมดำ - สะพานข้ามแม่น้ำท่าจีนฝั่งตะวันตก", "road_label_source": "nearest_road", "road_ref": "ทล.35 กม.19.8-20.2", "medoid_raw": [100.336434, 13.592565], "snap_distance_m": 5.33}}, {"type": "Feature", "geometry": {"type": "Point", "coordinates": [100.139766, 13.51029]}, "properties": {"id": "zone_590", "unit_type": "cluster", "centroid": [13.510308, 100.139485], "radius_m": 179.2, "province": "สมุทรสาคร", "road": "สะพานข้ามแม่น้ำท่าจีนฝั่งตะวันตก - นาโคก", "route_code": "35", "km_min": 43.49, "km_max": 43.75, "accident_count": 8, "deaths": 2, "serious_injury": 1, "minor_injury": 1, "fatal_crashes": 2, "injured_total": 2, "severity_index": 0.5, "level": "low", "economic_loss": 15458000, "epdo_million": 15.458, "single_count": 4, "multi_count": 4, "single_pct": 50.0, "multi_pct": 50.0, "pattern": "mixed", "top_cause": "ขับรถเร็วเกินอัตราที่กำหนด", "road_feature": "ทางตรง+ที่ราบ", "crash_pattern": "พลิกคว่ำ/ตกถนนในทางตรง", "road_type": "ทางหลวง", "speed_limit": 90, "road_label": "สะพานข้ามแม่น้ำท่าจีนฝั่งตะวันตก - นาโคก", "road_label_source": "record", "road_ref": "ทล.35 กม.43.5-43.8", "medoid_raw": [100.139738, 13.510384], "snap_distance_m": 10.88}}, {"type": "Feature", "geometry": {"type": "Point", "coordinates": [100.139678, 13.510265]}, "properties": {"id": "zone_591", "unit_type": "cluster", "centroid": [13.510349, 100.13962], "radius_m": 19.9, "province": "สมุทรสาคร", "road": "ไม่ระบุ", "route_code": "35", "km_min": 43.57, "km_max": 43.6, "accident_count": 3, "deaths": 0, "serious_injury": 0, "minor_injury": 1, "fatal_crashes": 0, "injured_total": 1, "severity_index": 0.3333, "level": "low", "economic_loss": 58000, "epdo_million": 0.058, "single_count": 2, "multi_count": 1, "single_pct": 66.7, "multi_pct": 33.3, "pattern": "single", "top_cause": "ขับรถเร็วเกินอัตรากำหนด", "road_feature": "ทางตรง+ไม่มีความลาดชัน", "crash_pattern": "พลิกคว่ำ/ตกถนนในทางตรง", "road_type": "ทางหลวง", "speed_limit": 90, "road_label": "สะพานข้ามแม่น้ำท่าจีนฝั่งตะวันตก - นาโคก", "road_label_source": "nearest_road", "road_ref": "ทล.35 กม.43.6", "medoid_raw": [100.13965, 13.510358], "snap_distance_m": 10.78}}, {"type": "Feature", "geometry": {"type": "Point", "coordinates": [100.345912, 13.614034]}, "properties": {"id": "zone_592", "unit_type": "cluster", "centroid": [13.613892, 100.3458], "radius_m": 71.6, "province": "สมุทรสาคร", "road": "สมุทรสาคร - บางบอน", "route_code": "3242", "km_min": 10.7, "km_max": 10.8, "accident_count": 4, "deaths": 0, "serious_injury": 0, "minor_injury": 11, "fatal_crashes": 0, "injured_total": 11, "severity_index": 2.75, "level": "high", "economic_loss": 638000, "epdo_million": 0.638, "single_count": 3, "multi_count": 1, "single_pct": 75.0, "multi_pct": 25.0, "pattern": "single", "top_cause": "ขับรถเร็วเกินอัตราที่กำหนด", "road_feature": "ทางตรง+ที่ราบ", "crash_pattern": "พลิกคว่ำ/ตกถนนในทางตรง", "road_type": "ทางหลวง", "speed_limit": 90, "road_label": "สมุทรสาคร - บางบอน", "road_label_source": "record", "road_ref": "ทล.3242 กม.10.7-10.8", "medoid_raw": [100.345921, 13.614028], "snap_distance_m": 1.18}}, {"type": "Feature", "geometry": {"type": "Point", "coordinates": [100.36233, 13.594703]}, "properties": {"id": "zone_593", "unit_type": "cluster", "centroid": [13.594586, 100.361991], "radius_m": 297.5, "province": "สมุทรสาคร", "road": "แสมดำ - สะพานข้ามแม่น้ำท่าจีนฝั่งตะวันตก", "route_code": "35", "km_min": 16.9, "km_max": 17.4, "accident_count": 8, "deaths": 0, "serious_injury": 2, "minor_injury": 1, "fatal_crashes": 0, "injured_total": 3, "severity_index": 0.375, "level": "low", "economic_loss": 4058000, "epdo_million": 4.058, "single_count": 2, "multi_count": 6, "single_pct": 25.0, "multi_pct": 75.0, "pattern": "multiple", "top_cause": "ขับรถเร็วเกินอัตราที่กำหนด", "road_feature": "ทางแยกรูปตัว T+ที่ราบ", "crash_pattern": "ชนท้าย", "road_type": "ทางหลวง", "speed_limit": 90, "road_label": "แสมดำ - สะพานข้ามแม่น้ำท่าจีนฝั่งตะวันตก", "road_label_source": "record", "road_ref": "ทล.35 กม.16.9-17.4", "medoid_raw": [100.362338, 13.594695], "snap_distance_m": 1.24}}, {"type": "Feature", "geometry": {"type": "Point", "coordinates": [100.358316, 13.592678]}, "properties": {"id": "zone_594", "unit_type": "cluster", "centroid": [13.592645, 100.358322], "radius_m": 0.0, "province": "สมุทรสาคร", "road": "ไม่ระบุ", "route_code": "35", "km_min": 17.6, "km_max": 17.6, "accident_count": 3, "deaths": 0, "serious_injury": 0, "minor_injury": 2, "fatal_crashes": 0, "injured_total": 2, "severity_index": 0.6667, "level": "low", "economic_loss": 116000, "epdo_million": 0.116, "single_count": 3, "multi_count": 0, "single_pct": 100.0, "multi_pct": 0.0, "pattern": "single", "top_cause": "มีการตัดหน้าระยะกระชั้นชิด", "road_feature": "ทางโค้งปกติ+ที่ราบ", "crash_pattern": "ไม่มีรายละเอียด", "road_type": "ทางหลวง", "speed_limit": 90, "road_label": "แสมดำ - สะพานข้ามแม่น้ำท่าจีนฝั่งตะวันตก", "road_label_source": "nearest_road", "road_ref": "ทล.35 กม.17.6", "medoid_raw": [100.358322, 13.592645], "snap_distance_m": 3.73}}, {"type": "Feature", "geometry": {"type": "Point", "coordinates": [100.364554, 13.596946]}, "properties": {"id": "zone_595", "unit_type": "cluster", "centroid": [13.597039, 100.364575], "radius_m": 125.2, "province": "สมุทรสาคร", "road": "ไม่ระบุ", "route_code": "35", "km_min": 16.7, "km_max": 18.5, "accident_count": 5, "deaths": 0, "serious_injury": 1, "minor_injury": 2, "fatal_crashes": 0, "injured_total": 3, "severity_index": 0.6, "level": "low", "economic_loss": 2116000, "epdo_million": 2.116, "single_count": 2, "multi_count": 3, "single_pct": 40.0, "multi_pct": 60.0, "pattern": "multiple", "top_cause": "ขับรถเร็วเกินอัตรากำหนด", "road_feature": "ทางตรง+ไม่มีความลาดชัน", "crash_pattern": "ชนท้าย", "road_type": "ทางหลวง", "speed_limit": 90, "road_label": "แสมดำ - สะพานข้ามแม่น้ำท่าจีนฝั่งตะวันตก", "road_label_source": "nearest_road", "road_ref": "ทล.35 กม.16.7-18.5", "medoid_raw": [100.364585, 13.596917], "snap_distance_m": 4.65}}, {"type": "Feature", "geometry": {"type": "Point", "coordinates": [100.097337, 13.46153]}, "properties": {"id": "zone_596", "unit_type": "cluster", "centroid": [13.461419, 100.097303], "radius_m": 300.7, "province": "สมุทรสาคร", "road": "สะพานข้ามแม่น้ำท่าจีนฝั่งตะวันตก - นาโคก", "route_code": "35", "km_min": 50.9, "km_max": 51.4, "accident_count": 6, "deaths": 1, "serious_injury": 1, "minor_injury": 3, "fatal_crashes": 1, "injured_total": 4, "severity_index": 0.8333, "level": "low", "economic_loss": 8874000, "epdo_million": 8.874, "single_count": 5, "multi_count": 1, "single_pct": 83.3, "multi_pct": 16.7, "pattern": "single", "top_cause": "ขับรถเร็วเกินอัตราที่กำหนด", "road_feature": "ทางตรง+ที่ราบ", "crash_pattern": "พลิกคว่ำ/ตกถนนในทางตรง", "road_type": "ทางหลวง", "speed_limit": 90, "road_label": "สะพานข้ามแม่น้ำท่าจีนฝั่งตะวันตก - นาโคก", "road_label_source": "record", "road_ref": "ทล.35 กม.50.9-51.4", "medoid_raw": [100.09738, 13.461469], "snap_distance_m": 8.22}}, {"type": "Feature", "geometry": {"type": "Point", "coordinates": [100.126958, 13.504271]}, "properties": {"id": "zone_597", "unit_type": "cluster", "centroid": [13.503761, 100.126992], "radius_m": 286.6, "province": "สมุทรสาคร", "road": "สะพานข้ามแม่น้ำท่าจีนฝั่งตะวันตก - นาโคก", "route_code": "35", "km_min": 44.915, "km_max": 45.432, "accident_count": 6, "deaths": 0, "serious_injury": 0, "minor_injury": 2, "fatal_crashes": 0, "injured_total": 2, "severity_index": 0.3333, "level": "low", "economic_loss": 116000, "epdo_million": 0.116, "single_count": 5, "multi_count": 1, "single_pct": 83.3, "multi_pct": 16.7, "pattern": "single", "top_cause": "มีการตัดหน้าระยะกระชั้นชิด", "road_feature": "ทางตรง+ที่ราบ", "crash_pattern": "พลิกคว่ำ/ตกถนนในทางตรง", "road_type": "ทางหลวง", "speed_limit": 90, "road_label": "สะพานข้ามแม่น้ำท่าจีนฝั่งตะวันตก - นาโคก", "road_label_source": "record", "road_ref": "ทล.35 กม.44.9-45.4", "medoid_raw": [100.127059, 13.504221], "snap_distance_m": 12.25}}, {"type": "Feature", "geometry": {"type": "Point", "coordinates": [100.267243, 13.554033]}, "properties": {"id": "zone_598", "unit_type": "cluster", "centroid": [13.553867, 100.267247], "radius_m": 44.5, "province": "สมุทรสาคร", "road": "แสมดำ - สะพานข้ามแม่น้ำท่าจีนฝั่งตะวันตก", "route_code": "35", "km_min": 28.7, "km_max": 28.725, "accident_count": 3, "deaths": 0, "serious_injury": 0, "minor_injury": 0, "fatal_crashes": 0, "injured_total": 0, "severity_index": 0.0, "level": "low", "economic_loss": 0, "epdo_million": 0.0, "single_count": 0, "multi_count": 3, "single_pct": 0.0, "multi_pct": 100.0, "pattern": "multiple", "top_cause": "มีการตัดหน้าระยะกระชั้นชิด", "road_feature": "ทางตรง+ที่ราบ", "crash_pattern": "ชนท้าย", "road_type": "ทางหลวง", "speed_limit": 90, "road_label": "แสมดำ - สะพานข้ามแม่น้ำท่าจีนฝั่งตะวันตก", "road_label_source": "record", "road_ref": "ทล.35 กม.28.7", "medoid_raw": [100.267251, 13.554025], "snap_distance_m": 1.24}}, {"type": "Feature", "geometry": {"type": "Point", "coordinates": [100.268816, 13.555152]}, "properties": {"id": "zone_599", "unit_type": "cluster", "centroid": [13.555424, 100.269154], "radius_m": 152.0, "province": "สมุทรสาคร", "road": "แสมดำ - สะพานข้ามแม่น้ำท่าจีนฝั่งตะวันตก", "route_code": "35", "km_min": 28.3, "km_max": 28.45, "accident_count": 3, "deaths": 0, "serious_injury": 0, "minor_injury": 1, "fatal_crashes": 0, "injured_total": 1, "severity_index": 0.3333, "level": "low", "economic_loss": 58000, "epdo_million": 0.058, "single_count": 2, "multi_count": 1, "single_pct": 66.7, "multi_pct": 33.3, "pattern": "single", "top_cause": "ขับรถเร็วเกินอัตรากำหนด", "road_feature": "ทางตรง+ไม่มีความลาดชัน", "crash_pattern": "พลิกคว่ำ/ตกถนนในทางตรง", "road_type": "ทางหลวง", "speed_limit": 90, "road_label": "แสมดำ - สะพานข้ามแม่น้ำท่าจีนฝั่งตะวันตก", "road_label_source": "record", "road_ref": "ทล.35 กม.28.3-28.4", "medoid_raw": [100.268855, 13.555112], "snap_distance_m": 6.13}}, {"type": "Feature", "geometry": {"type": "Point", "coordinates": [100.268641, 13.55552]}, "properties": {"id": "zone_600", "unit_type": "cluster", "centroid": [13.555287, 100.268604], "radius_m": 171.4, "province": "สมุทรสาคร", "road": "ไม่ระบุ", "route_code": "35", "km_min": 28.375, "km_max": 28.65, "accident_count": 7, "deaths": 1, "serious_injury": 0, "minor_injury": 3, "fatal_crashes": 1, "injured_total": 3, "severity_index": 0.5714, "level": "low", "economic_loss": 6874000, "epdo_million": 6.874, "single_count": 4, "multi_count": 3, "single_pct": 57.1, "multi_pct": 42.9, "pattern": "mixed", "top_cause": "ขับรถเร็วเกินอัตรากำหนด", "road_feature": "ทางตรง+ไม่มีความลาดชัน", "crash_pattern": "ชนท้าย", "road_type": "ทางหลวง", "speed_limit": 90, "road_label": "แสมดำ - สะพานข้ามแม่น้ำท่าจีนฝั่งตะวันตก", "road_label_source": "nearest_road", "road_ref": "ทล.35 กม.28.4-28.6", "medoid_raw": [100.268666, 13.555484], "snap_distance_m": 4.83}}, {"type": "Feature", "geometry": {"type": "Point", "coordinates": [100.152965, 13.514257]}, "properties": {"id": "zone_601", "unit_type": "cluster", "centroid": [13.514338, 100.152842], "radius_m": 79.7, "province": "สมุทรสาคร", "road": "สะพานข้ามแม่น้ำท่าจีนฝั่งตะวันตก - นาโคก", "route_code": "35", "km_min": 42.02, "km_max": 42.15, "accident_count": 3, "deaths": 0, "serious_injury": 0, "minor_injury": 1, "fatal_crashes": 0, "injured_total": 1, "severity_index": 0.3333, "level": "low", "economic_loss": 58000, "epdo_million": 0.058, "single_count": 2, "multi_count": 1, "single_pct": 66.7, "multi_pct": 33.3, "pattern": "single", "top_cause": "ขับรถเร็วเกินอัตราที่กำหนด", "road_feature": "ทางตรง+ที่ราบ", "crash_pattern": "พลิกคว่ำ/ตกถนนในทางตรง", "road_type": "ทางหลวง", "speed_limit": 90, "road_label": "สะพานข้ามแม่น้ำท่าจีนฝั่งตะวันตก - นาโคก", "road_label_source": "record", "road_ref": "ทล.35 กม.42-42.1", "medoid_raw": [100.15293, 13.514366], "snap_distance_m": 12.7}}, {"type": "Feature", "geometry": {"type": "Point", "coordinates": [100.157097, 13.515508]}, "properties": {"id": "zone_602", "unit_type": "cluster", "centroid": [13.515667, 100.157251], "radius_m": 209.1, "province": "สมุทรสาคร", "road": "สะพานข้ามแม่น้ำท่าจีนฝั่งตะวันตก - นาโคก", "route_code": "35", "km_min": 41.39, "km_max": 41.8, "accident_count": 4, "deaths": 0, "serious_injury": 0, "minor_injury": 5, "fatal_crashes": 0, "injured_total": 5, "severity_index": 1.25, "level": "medium", "economic_loss": 290000, "epdo_million": 0.29, "single_count": 2, "multi_count": 2, "single_pct": 50.0, "multi_pct": 50.0, "pattern": "mixed", "top_cause": "หลับใน", "road_feature": "ทางตรง+ที่ราบ", "crash_pattern": "ชนท้าย", "road_type": "ทางหลวง", "speed_limit": 90, "road_label": "สะพานข้ามแม่น้ำท่าจีนฝั่งตะวันตก - นาโคก", "road_label_source": "record", "road_ref": "ทล.35 กม.41.4-41.8", "medoid_raw": [100.157064, 13.515611], "snap_distance_m": 12.0}}, {"type": "Feature", "geometry": {"type": "Point", "coordinates": [100.319898, 13.677322]}, "properties": {"id": "zone_603", "unit_type": "cluster", "centroid": [13.677506, 100.319895], "radius_m": 275.9, "province": "สมุทรสาคร", "road": "แยกสาครเกษม - คลองมะเดื่อ", "route_code": "3651", "km_min": 2.95, "km_max": 3.55, "accident_count": 5, "deaths": 0, "serious_injury": 0, "minor_injury": 1, "fatal_crashes": 0, "injured_total": 1, "severity_index": 0.2, "level": "low", "economic_loss": 58000, "epdo_million": 0.058, "single_count": 5, "multi_count": 0, "single_pct": 100.0, "multi_pct": 0.0, "pattern": "single", "top_cause": "ขับรถเร็วเกินอัตรากำหนด", "road_feature": "ทางตรง+ไม่มีความลาดชัน", "crash_pattern": "พลิกคว่ำ/ตกถนนในทางตรง", "road_type": "ทางหลวง", "speed_limit": 90, "road_label": "แยกสาครเกษม - คลองมะเดื่อ", "road_label_source": "record", "road_ref": "ทล.3651 กม.3-3.5", "medoid_raw": [100.319837, 13.677341], "snap_distance_m": 6.92}}, {"type": "Feature", "geometry": {"type": "Point", "coordinates": [100.319521, 13.676194]}, "properties": {"id": "zone_604", "unit_type": "cluster", "centroid": [13.676249, 100.319437], "radius_m": 112.1, "province": "สมุทรสาคร", "road": "ไม่ระบุ", "route_code": "3651", "km_min": 3.25, "km_max": 3.45, "accident_count": 3, "deaths": 0, "serious_injury": 1, "minor_injury": 4, "fatal_crashes": 0, "injured_total": 5, "severity_index": 1.6667, "level": "medium", "economic_loss": 2232000, "epdo_million": 2.232, "single_count": 1, "multi_count": 2, "single_pct": 33.3, "multi_pct": 66.7, "pattern": "multiple", "top_cause": "ขับรถเร็วเกินอัตรากำหนด", "road_feature": "ทางตรง+ไม่มีความลาดชัน", "crash_pattern": "พลิกคว่ำ/ตกถนนในทางตรง", "road_type": "ทางหลวง", "speed_limit": 90, "road_label": "แยกสาครเกษม - คลองมะเดื่อ", "road_label_source": "nearest_road", "road_ref": "ทล.3651 กม.3.2-3.5", "medoid_raw": [100.319472, 13.67621], "snap_distance_m": 5.59}}, {"type": "Feature", "geometry": {"type": "Point", "coordinates": [100.273753, 13.577126]}, "properties": {"id": "zone_605", "unit_type": "cluster", "centroid": [13.577161, 100.273853], "radius_m": 32.7, "province": "สมุทรสาคร", "road": "อ้อมน้อย - สมุทรสาคร", "route_code": "3091", "km_min": 17.79, "km_max": 17.9, "accident_count": 3, "deaths": 0, "serious_injury": 0, "minor_injury": 4, "fatal_crashes": 0, "injured_total": 4, "severity_index": 1.3333, "level": "medium", "economic_loss": 232000, "epdo_million": 0.232, "single_count": 2, "multi_count": 1, "single_pct": 66.7, "multi_pct": 33.3, "pattern": "single", "top_cause": "ขับรถเร็วเกินอัตรากำหนด", "road_feature": "ทางตรง+ไม่มีความลาดชัน", "crash_pattern": "พลิกคว่ำ/ตกถนนในทางตรง", "road_type": "ทางหลวง", "speed_limit": 90, "road_label": "อ้อมน้อย - สมุทรสาคร", "road_label_source": "record", "road_ref": "ทล.3091 กม.17.8-17.9", "medoid_raw": [100.273814, 13.577082], "snap_distance_m": 8.21}}, {"type": "Feature", "geometry": {"type": "Point", "coordinates": [100.351939, 13.592724]}, "properties": {"id": "zone_606", "unit_type": "cluster", "centroid": [13.592623, 100.352083], "radius_m": 197.6, "province": "สมุทรสาคร", "road": "แสมดำ - สะพานข้ามแม่น้ำท่าจีนฝั่งตะวันตก", "route_code": "35", "km_min": 18.1, "km_max": 18.5, "accident_count": 5, "deaths": 1, "serious_injury": 1, "minor_injury": 1, "fatal_crashes": 1, "injured_total": 2, "severity_index": 0.6, "level": "low", "economic_loss": 8758000, "epdo_million": 8.758, "single_count": 5, "multi_count": 0, "single_pct": 100.0, "multi_pct": 0.0, "pattern": "single", "top_cause": "ขับรถเร็วเกินอัตราที่กำหนด", "road_feature": "ทางตรง+ที่ราบ", "crash_pattern": "พลิกคว่ำ/ตกถนนในทางตรง", "road_type": "ทางหลวง", "speed_limit": 90, "road_label": "แสมดำ - สะพานข้ามแม่น้ำท่าจีนฝั่งตะวันตก", "road_label_source": "record", "road_ref": "ทล.35 กม.18.1-18.5", "medoid_raw": [100.351937, 13.592681], "snap_distance_m": 4.79}}, {"type": "Feature", "geometry": {"type": "Point", "coordinates": [100.362989, 13.63097]}, "properties": {"id": "zone_607", "unit_type": "cluster", "centroid": [13.630906, 100.363011], "radius_m": 184.3, "province": "สมุทรสาคร", "road": "สมุทรสาคร - บางบอน", "route_code": "3242", "km_min": 13.185, "km_max": 13.48, "accident_count": 5, "deaths": 0, "serious_injury": 0, "minor_injury": 3, "fatal_crashes": 0, "injured_total": 3, "severity_index": 0.6, "level": "low", "economic_loss": 174000, "epdo_million": 0.174, "single_count": 4, "multi_count": 1, "single_pct": 80.0, "multi_pct": 20.0, "pattern": "single", "top_cause": "ขับรถเร็วเกินอัตรากำหนด", "road_feature": "ทางตรง+ไม่มีความลาดชัน", "crash_pattern": "พลิกคว่ำ/ตกถนนในทางตรง", "road_type": "ทางหลวง", "speed_limit": 90, "road_label": "สมุทรสาคร - บางบอน", "road_label_source": "record", "road_ref": "ทล.3242 กม.13.2-13.5", "medoid_raw": [100.363024, 13.630933], "snap_distance_m": 5.59}}, {"type": "Feature", "geometry": {"type": "Point", "coordinates": [100.167643, 13.541905]}, "properties": {"id": "zone_608", "unit_type": "cluster", "centroid": [13.542053, 100.16743], "radius_m": 146.6, "province": "สมุทรสาคร", "road": "บ้านบ่อ - พระประโทน", "route_code": "375", "km_min": 2.723, "km_max": 2.8, "accident_count": 3, "deaths": 0, "serious_injury": 0, "minor_injury": 6, "fatal_crashes": 0, "injured_total": 6, "severity_index": 2.0, "level": "high", "economic_loss": 348000, "epdo_million": 0.348, "single_count": 2, "multi_count": 1, "single_pct": 66.7, "multi_pct": 33.3, "pattern": "single", "top_cause": "ขับรถเร็วเกินอัตราที่กำหนด", "road_feature": "ทางตรง+ไม่มีความลาดชัน", "crash_pattern": "พลิกคว่ำ/ตกถนนในทางตรง", "road_type": "ทางหลวง", "speed_limit": 90, "road_label": "บ้านบ่อ - พระประโทน", "road_label_source": "record", "road_ref": "ทล.375 กม.2.7-2.8", "medoid_raw": [100.167663, 13.541952], "snap_distance_m": 5.66}}, {"type": "Feature", "geometry": {"type": "Point", "coordinates": [100.273992, 13.562057]}, "properties": {"id": "zone_609", "unit_type": "cluster", "centroid": [13.562069, 100.273753], "radius_m": 66.3, "province": "สมุทรสาคร", "road": "อ้อมน้อย - สมุทรสาคร", "route_code": "3091", "km_min": 19.69, "km_max": 19.8, "accident_count": 3, "deaths": 2, "serious_injury": 2, "minor_injury": 0, "fatal_crashes": 2, "injured_total": 2, "severity_index": 1.3333, "level": "medium", "economic_loss": 17400000, "epdo_million": 17.4, "single_count": 3, "multi_count": 0, "single_pct": 100.0, "multi_pct": 0.0, "pattern": "single", "top_cause": "ขับรถเร็วเกินอัตราที่กำหนด", "road_feature": "ทางแยกต่างระดับ / Ramps+ที่ราบ", "crash_pattern": "พลิกคว่ำ/ตกถนนในทางตรง", "road_type": "ทางหลวง", "speed_limit": 90, "road_label": "อ้อมน้อย - สมุทรสาคร", "road_label_source": "record", "road_ref": "ทล.3091 กม.19.7-19.8", "medoid_raw": [100.273946, 13.562003], "snap_distance_m": 7.8}}, {"type": "Feature", "geometry": {"type": "Point", "coordinates": [100.279214, 13.564825]}, "properties": {"id": "zone_610", "unit_type": "cluster", "centroid": [13.564857, 100.279181], "radius_m": 171.6, "province": "สมุทรสาคร", "road": "แสมดำ - สะพานข้ามแม่น้ำท่าจีนฝั่งตะวันตก", "route_code": "35", "km_min": 26.775, "km_max": 27.05, "accident_count": 9, "deaths": 0, "serious_injury": 0, "minor_injury": 0, "fatal_crashes": 0, "injured_total": 0, "severity_index": 0.0, "level": "low", "economic_loss": 0, "epdo_million": 0.0, "single_count": 0, "multi_count": 9, "single_pct": 0.0, "multi_pct": 100.0, "pattern": "multiple", "top_cause": "ขับรถเร็วเกินอัตราที่กำหนด", "road_feature": "ทางโค้งปกติ+ที่ราบ", "crash_pattern": "ชนท้าย", "road_type": "ทางหลวง", "speed_limit": 90, "road_label": "แสมดำ - สะพานข้ามแม่น้ำท่าจีนฝั่งตะวันตก", "road_label_source": "record", "road_ref": "ทล.35 กม.26.8-27.1", "medoid_raw": [100.279221, 13.564818], "snap_distance_m": 1.09}}, {"type": "Feature", "geometry": {"type": "Point", "coordinates": [100.274354, 13.560572]}, "properties": {"id": "zone_611", "unit_type": "cluster", "centroid": [13.560264, 100.274189], "radius_m": 481.2, "province": "สมุทรสาคร", "road": "แสมดำ - สะพานข้ามแม่น้ำท่าจีนฝั่งตะวันตก", "route_code": "35", "km_min": 27.2, "km_max": 28.2, "accident_count": 15, "deaths": 2, "serious_injury": 1, "minor_injury": 7, "fatal_crashes": 2, "injured_total": 8, "severity_index": 0.6667, "level": "low", "economic_loss": 15806000, "epdo_million": 15.806, "single_count": 5, "multi_count": 10, "single_pct": 33.3, "multi_pct": 66.7, "pattern": "multiple", "top_cause": "ขับรถเร็วเกินอัตรากำหนด", "road_feature": "ทางตรง+ไม่มีความลาดชัน", "crash_pattern": "ชนท้าย", "road_type": "ทางหลวง", "speed_limit": 90, "road_label": "แสมดำ - สะพานข้ามแม่น้ำท่าจีนฝั่งตะวันตก", "road_label_source": "record", "road_ref": "ทล.35 กม.27.2-28.2", "medoid_raw": [100.274311, 13.560616], "snap_distance_m": 6.75}}, {"type": "Feature", "geometry": {"type": "Point", "coordinates": [100.278782, 13.564662]}, "properties": {"id": "zone_612", "unit_type": "cluster", "centroid": [13.564565, 100.278916], "radius_m": 338.8, "province": "สมุทรสาคร", "road": "ไม่ระบุ", "route_code": "35", "km_min": 26.8, "km_max": 27.3, "accident_count": 10, "deaths": 1, "serious_injury": 1, "minor_injury": 5, "fatal_crashes": 1, "injured_total": 6, "severity_index": 0.7, "level": "low", "economic_loss": 8990000, "epdo_million": 8.99, "single_count": 6, "multi_count": 4, "single_pct": 60.0, "multi_pct": 40.0, "pattern": "single", "top_cause": "ขับรถเร็วเกินอัตรากำหนด", "road_feature": "ทางตรง+ไม่มีความลาดชัน", "crash_pattern": "พลิกคว่ำ/ตกถนนในทางตรง", "road_type": "ทางหลวง", "speed_limit": 90, "road_label": "แสมดำ - สะพานข้ามแม่น้ำท่าจีนฝั่งตะวันตก", "road_label_source": "nearest_road", "road_ref": "ทล.35 กม.26.8-27.3", "medoid_raw": [100.278778, 13.564667], "snap_distance_m": 0.7}}, {"type": "Feature", "geometry": {"type": "Point", "coordinates": [100.273049, 13.559315]}, "properties": {"id": "zone_613", "unit_type": "cluster", "centroid": [13.559442, 100.27336], "radius_m": 272.5, "province": "สมุทรสาคร", "road": "ไม่ระบุ", "route_code": "35", "km_min": 27.6, "km_max": 28.125, "accident_count": 7, "deaths": 0, "serious_injury": 0, "minor_injury": 0, "fatal_crashes": 0, "injured_total": 0, "severity_index": 0.0, "level": "low", "economic_loss": 0, "epdo_million": 0.0, "single_count": 2, "multi_count": 5, "single_pct": 28.6, "multi_pct": 71.4, "pattern": "multiple", "top_cause": "ขับรถเร็วเกินอัตรากำหนด", "road_feature": "ทางตรง+ไม่มีความลาดชัน", "crash_pattern": "ชนท้าย", "road_type": "ทางหลวง", "speed_limit": 90, "road_label": "แสมดำ - สะพานข้ามแม่น้ำท่าจีนฝั่งตะวันตก", "road_label_source": "nearest_road", "road_ref": "ทล.35 กม.27.6-28.1", "medoid_raw": [100.273076, 13.559287], "snap_distance_m": 4.27}}, {"type": "Feature", "geometry": {"type": "Point", "coordinates": [100.324589, 13.687042]}, "properties": {"id": "zone_614", "unit_type": "cluster", "centroid": [13.687001, 100.324478], "radius_m": 115.9, "province": "สมุทรสาคร", "road": "แยกสาครเกษม - คลองมะเดื่อ", "route_code": "3651", "km_min": 1.92, "km_max": 2.48, "accident_count": 5, "deaths": 2, "serious_injury": 0, "minor_injury": 4, "fatal_crashes": 2, "injured_total": 4, "severity_index": 1.2, "level": "medium", "economic_loss": 13632000, "epdo_million": 13.632, "single_count": 3, "multi_count": 2, "single_pct": 60.0, "multi_pct": 40.0, "pattern": "single", "top_cause": "ขับรถเร็วเกินอัตรากำหนด", "road_feature": "ทางตรง+ไม่มีความลาดชัน", "crash_pattern": "พลิกคว่ำ/ตกถนนในทางตรง", "road_type": "ทางหลวง", "speed_limit": 90, "road_label": "แยกสาครเกษม - คลองมะเดื่อ", "road_label_source": "record", "road_ref": "ทล.3651 กม.1.9-2.5", "medoid_raw": [100.32456, 13.687057], "snap_distance_m": 3.55}}, {"type": "Feature", "geometry": {"type": "Point", "coordinates": [100.131597, 13.507799]}, "properties": {"id": "zone_615", "unit_type": "cluster", "centroid": [13.507743, 100.131176], "radius_m": 199.1, "province": "สมุทรสาคร", "road": "สะพานข้ามแม่น้ำท่าจีนฝั่งตะวันตก - นาโคก", "route_code": "35", "km_min": 44.3, "km_max": 44.7, "accident_count": 4, "deaths": 0, "serious_injury": 0, "minor_injury": 2, "fatal_crashes": 0, "injured_total": 2, "severity_index": 0.5, "level": "low", "economic_loss": 116000, "epdo_million": 0.116, "single_count": 3, "multi_count": 1, "single_pct": 75.0, "multi_pct": 25.0, "pattern": "single", "top_cause": "ขับรถเร็วเกินอัตราที่กำหนด", "road_feature": "ทางตรง+ที่ราบ", "crash_pattern": "พลิกคว่ำ/ตกถนนในทางตรง", "road_type": "ทางหลวง", "speed_limit": 90, "road_label": "สะพานข้ามแม่น้ำท่าจีนฝั่งตะวันตก - นาโคก", "road_label_source": "record", "road_ref": "ทล.35 กม.44.3-44.7", "medoid_raw": [100.131559, 13.507913], "snap_distance_m": 13.33}}, {"type": "Feature", "geometry": {"type": "Point", "coordinates": [100.279806, 13.650796]}, "properties": {"id": "zone_616", "unit_type": "cluster", "centroid": [13.650831, 100.279684], "radius_m": 139.3, "province": "สมุทรสาคร", "road": "อ้อมน้อย - สมุทรสาคร", "route_code": "3091", "km_min": 7.36, "km_max": 7.6, "accident_count": 3, "deaths": 1, "serious_injury": 0, "minor_injury": 1, "fatal_crashes": 1, "injured_total": 1, "severity_index": 0.6667, "level": "low", "economic_loss": 6758000, "epdo_million": 6.758, "single_count": 1, "multi_count": 2, "single_pct": 33.3, "multi_pct": 66.7, "pattern": "multiple", "top_cause": "ขับรถเร็วเกินอัตราที่กำหนด", "road_feature": "ทางตรง+ที่ราบ", "crash_pattern": "ชนในทิศทางตรงกันข้าม (ไม่ใช่การแซง)", "road_type": "ทางหลวง", "speed_limit": 90, "road_label": "อ้อมน้อย - สมุทรสาคร", "road_label_source": "record", "road_ref": "ทล.3091 กม.7.4-7.6", "medoid_raw": [100.279815, 13.650825], "snap_distance_m": 3.37}}, {"type": "Feature", "geometry": {"type": "Point", "coordinates": [100.283203, 13.567403]}, "properties": {"id": "zone_617", "unit_type": "cluster", "centroid": [13.567563, 100.283385], "radius_m": 98.4, "province": "สมุทรสาคร", "road": "แสมดำ - สะพานข้ามแม่น้ำท่าจีนฝั่งตะวันตก", "route_code": "35", "km_min": 26.3, "km_max": 26.54, "accident_count": 6, "deaths": 0, "serious_injury": 0, "minor_injury": 7, "fatal_crashes": 0, "injured_total": 7, "severity_index": 1.1667, "level": "medium", "economic_loss": 406000, "epdo_million": 0.406, "single_count": 1, "multi_count": 5, "single_pct": 16.7, "multi_pct": 83.3, "pattern": "multiple", "top_cause": "ขับรถเร็วเกินอัตราที่กำหนด", "road_feature": "ทางตรง+ไม่มีความลาดชัน", "crash_pattern": "ชนท้าย", "road_type": "ทางหลวง", "speed_limit": 90, "road_label": "แสมดำ - สะพานข้ามแม่น้ำท่าจีนฝั่งตะวันตก", "road_label_source": "record", "road_ref": "ทล.35 กม.26.3-26.5", "medoid_raw": [100.283175, 13.567451], "snap_distance_m": 6.14}}, {"type": "Feature", "geometry": {"type": "Point", "coordinates": [100.283203, 13.567403]}, "properties": {"id": "zone_618", "unit_type": "cluster", "centroid": [13.567597, 100.283602], "radius_m": 379.5, "province": "สมุทรสาคร", "road": "ไม่ระบุ", "route_code": "35", "km_min": 26.0, "km_max": 26.58, "accident_count": 9, "deaths": 0, "serious_injury": 2, "minor_injury": 10, "fatal_crashes": 0, "injured_total": 12, "severity_index": 1.3333, "level": "medium", "economic_loss": 4580000, "epdo_million": 4.58, "single_count": 3, "multi_count": 6, "single_pct": 33.3, "multi_pct": 66.7, "pattern": "multiple", "top_cause": "ขับรถเร็วเกินอัตรากำหนด", "road_feature": "ทางตรง+ไม่มีความลาดชัน", "crash_pattern": "ชนท้าย", "road_type": "ทางหลวง", "speed_limit": 90, "road_label": "แสมดำ - สะพานข้ามแม่น้ำท่าจีนฝั่งตะวันตก", "road_label_source": "nearest_road", "road_ref": "ทล.35 กม.26-26.6", "medoid_raw": [100.283175, 13.567451], "snap_distance_m": 6.14}}, {"type": "Feature", "geometry": {"type": "Point", "coordinates": [100.283486, 13.598598]}, "properties": {"id": "zone_619", "unit_type": "cluster", "centroid": [13.598733, 100.283442], "radius_m": 150.2, "province": "สมุทรสาคร", "road": "อ้อมน้อย - สมุทรสาคร", "route_code": "3091", "km_min": 14.495, "km_max": 15.3, "accident_count": 5, "deaths": 0, "serious_injury": 0, "minor_injury": 3, "fatal_crashes": 0, "injured_total": 3, "severity_index": 0.6, "level": "low", "economic_loss": 174000, "epdo_million": 0.174, "single_count": 3, "multi_count": 2, "single_pct": 60.0, "multi_pct": 40.0, "pattern": "single", "top_cause": "ขับรถเร็วเกินอัตรากำหนด", "road_feature": "ทางตรง+ไม่มีความลาดชัน", "crash_pattern": "ชนท้าย", "road_type": "ทางหลวง", "speed_limit": 90, "road_label": "อ้อมน้อย - สมุทรสาคร", "road_label_source": "record", "road_ref": "ทล.3091 กม.14.5-15.3", "medoid_raw": [100.283414, 13.598621], "snap_distance_m": 8.19}}, {"type": "Feature", "geometry": {"type": "Point", "coordinates": [100.120136, 13.483539]}, "properties": {"id": "zone_620", "unit_type": "cluster", "centroid": [13.483716, 100.120078], "radius_m": 76.4, "province": "สมุทรสาคร", "road": "สะพานข้ามแม่น้ำท่าจีนฝั่งตะวันตก - นาโคก", "route_code": "35", "km_min": 47.45, "km_max": 47.55, "accident_count": 3, "deaths": 0, "serious_injury": 0, "minor_injury": 2, "fatal_crashes": 0, "injured_total": 2, "severity_index": 0.6667, "level": "low", "economic_loss": 116000, "epdo_million": 0.116, "single_count": 2, "multi_count": 1, "single_pct": 66.7, "multi_pct": 33.3, "pattern": "single", "top_cause": "ขับรถเร็วเกินอัตรากำหนด", "road_feature": "ทางตรง+ไม่มีความลาดชัน", "crash_pattern": "พลิกคว่ำ/ตกถนนในทางตรง", "road_type": "ทางหลวง", "speed_limit": 90, "road_label": "สะพานข้ามแม่น้ำท่าจีนฝั่งตะวันตก - นาโคก", "road_label_source": "record", "road_ref": "ทล.35 กม.47.5", "medoid_raw": [100.120029, 13.483571], "snap_distance_m": 12.1}}, {"type": "Feature", "geometry": {"type": "Point", "coordinates": [100.093538, 13.632562]}, "properties": {"id": "zone_621", "unit_type": "cluster", "centroid": [13.632928, 100.093476], "radius_m": 150.6, "province": "สมุทรสาคร", "road": "บ้านบ่อ - พระประโทน", "route_code": "375", "km_min": 16.982, "km_max": 17.16, "accident_count": 3, "deaths": 0, "serious_injury": 0, "minor_injury": 1, "fatal_crashes": 0, "injured_total": 1, "severity_index": 0.3333, "level": "low", "economic_loss": 58000, "epdo_million": 0.058, "single_count": 1, "multi_count": 2, "single_pct": 33.3, "multi_pct": 66.7, "pattern": "multiple", "top_cause": "ขับรถเร็วเกินอัตราที่กำหนด", "road_feature": "ทางแยกรูปตัว T+ที่ราบ", "crash_pattern": "ชนท้าย", "road_type": "ทางหลวง", "speed_limit": 90, "road_label": "บ้านบ่อ - พระประโทน", "road_label_source": "record", "road_ref": "ทล.375 กม.17-17.2", "medoid_raw": [100.093521, 13.632559], "snap_distance_m": 1.87}}, {"type": "Feature", "geometry": {"type": "Point", "coordinates": [100.1813, 13.53002]}, "properties": {"id": "zone_622", "unit_type": "cluster", "centroid": [13.529793, 100.181368], "radius_m": 76.8, "province": "สมุทรสาคร", "road": "บ้านบ่อ - พระประโทน", "route_code": "375", "km_min": 0.615, "km_max": 0.885, "accident_count": 3, "deaths": 0, "serious_injury": 0, "minor_injury": 0, "fatal_crashes": 0, "injured_total": 0, "severity_index": 0.0, "level": "low", "economic_loss": 0, "epdo_million": 0.0, "single_count": 2, "multi_count": 1, "single_pct": 66.7, "multi_pct": 33.3, "pattern": "single", "top_cause": "ไม่ให้สัญญาณชะลอ / เลี้ยว", "road_feature": "ทางตรง+ไม่มีความลาดชัน", "crash_pattern": "พลิกคว่ำ/ตกถนนในทางตรง", "road_type": "ทางหลวง", "speed_limit": 90, "road_label": "บ้านบ่อ - พระประโทน", "road_label_source": "record", "road_ref": "ทล.375 กม.0.6-0.9", "medoid_raw": [100.18123, 13.52998], "snap_distance_m": 8.78}}, {"type": "Feature", "geometry": {"type": "Point", "coordinates": [100.349104, 13.618376]}, "properties": {"id": "zone_623", "unit_type": "cluster", "centroid": [13.618343, 100.349076], "radius_m": 317.2, "province": "สมุทรสาคร", "road": "สมุทรสาคร - บางบอน", "route_code": "3242", "km_min": 11.04, "km_max": 11.63, "accident_count": 9, "deaths": 1, "serious_injury": 1, "minor_injury": 7, "fatal_crashes": 1, "injured_total": 8, "severity_index": 1.0, "level": "medium", "economic_loss": 9106000, "epdo_million": 9.106, "single_count": 4, "multi_count": 5, "single_pct": 44.4, "multi_pct": 55.6, "pattern": "mixed", "top_cause": "ขับรถเร็วเกินอัตรากำหนด", "road_feature": "ทางตรง+ไม่มีความลาดชัน", "crash_pattern": "ชนสิ่งกีดขวาง (บนผิวจราจร)", "road_type": "ทางหลวง", "speed_limit": 90, "road_label": "สมุทรสาคร - บางบอน", "road_label_source": "record", "road_ref": "ทล.3242 กม.11-11.6", "medoid_raw": [100.349057, 13.618408], "snap_distance_m": 6.2}}, {"type": "Feature", "geometry": {"type": "Point", "coordinates": [100.115386, 13.473755]}, "properties": {"id": "zone_624", "unit_type": "cluster", "centroid": [13.473697, 100.115478], "radius_m": 25.2, "province": "สมุทรสาคร", "road": "สะพานข้ามแม่น้ำท่าจีนฝั่งตะวันตก - นาโคก", "route_code": "35", "km_min": 48.7, "km_max": 48.74, "accident_count": 3, "deaths": 0, "serious_injury": 0, "minor_injury": 2, "fatal_crashes": 0, "injured_total": 2, "severity_index": 0.6667, "level": "low", "economic_loss": 116000, "epdo_million": 0.116, "single_count": 2, "multi_count": 1, "single_pct": 66.7, "multi_pct": 33.3, "pattern": "single", "top_cause": "ขับรถเร็วเกินอัตรากำหนด", "road_feature": "ทางตรง+ไม่มีความลาดชัน", "crash_pattern": "พลิกคว่ำ/ตกถนนในทางตรง", "road_type": "ทางหลวง", "speed_limit": 90, "road_label": "สะพานข้ามแม่น้ำท่าจีนฝั่งตะวันตก - นาโคก", "road_label_source": "record", "road_ref": "ทล.35 กม.48.7", "medoid_raw": [100.115457, 13.473674], "snap_distance_m": 11.83}}, {"type": "Feature", "geometry": {"type": "Point", "coordinates": [100.14524, 13.512175]}, "properties": {"id": "zone_625", "unit_type": "cluster", "centroid": [13.512168, 100.145532], "radius_m": 99.6, "province": "สมุทรสาคร", "road": "ไม่ระบุ", "route_code": "35", "km_min": 42.84, "km_max": 42.95, "accident_count": 3, "deaths": 0, "serious_injury": 0, "minor_injury": 0, "fatal_crashes": 0, "injured_total": 0, "severity_index": 0.0, "level": "low", "economic_loss": 0, "epdo_million": 0.0, "single_count": 1, "multi_count": 2, "single_pct": 33.3, "multi_pct": 66.7, "pattern": "multiple", "top_cause": "คน/รถ/สัตว์ตัดหน้ากระชั้นชิด", "road_feature": "ทางตรง+ไม่มีความลาดชัน", "crash_pattern": "ชนในทิศทางตรงกันข้าม (ไม่ใช่การแซง)", "road_type": "ทางหลวง", "speed_limit": 90, "road_label": "สะพานข้ามแม่น้ำท่าจีนฝั่งตะวันตก - นาโคก", "road_label_source": "nearest_road", "road_ref": "ทล.35 กม.42.8-43", "medoid_raw": [100.145267, 13.512092], "snap_distance_m": 9.68}}, {"type": "Feature", "geometry": {"type": "Point", "coordinates": [100.316822, 13.668836]}, "properties": {"id": "zone_626", "unit_type": "cluster", "centroid": [13.668472, 100.316633], "radius_m": 141.9, "province": "สมุทรสาคร", "road": "แยกสาครเกษม - คลองมะเดื่อ", "route_code": "3651", "km_min": 4.2, "km_max": 4.33, "accident_count": 3, "deaths": 5, "serious_injury": 0, "minor_injury": 5, "fatal_crashes": 2, "injured_total": 5, "severity_index": 2.3333, "level": "high", "economic_loss": 33790000, "epdo_million": 33.79, "single_count": 1, "multi_count": 2, "single_pct": 33.3, "multi_pct": 66.7, "pattern": "multiple", "top_cause": "ขับรถเร็วเกินอัตรากำหนด", "road_feature": "ทางตรง+ไม่มีความลาดชัน", "crash_pattern": "ชนท้าย", "road_type": "ทางหลวง", "speed_limit": 90, "road_label": "แยกสาครเกษม - คลองมะเดื่อ", "road_label_source": "record", "road_ref": "ทล.3651 กม.4.2-4.3", "medoid_raw": [100.316842, 13.668826], "snap_distance_m": 2.43}}, {"type": "Feature", "geometry": {"type": "Point", "coordinates": [100.341829, 13.593205]}, "properties": {"id": "zone_627", "unit_type": "cluster", "centroid": [13.593292, 100.341388], "radius_m": 184.9, "province": "สมุทรสาคร", "road": "ไม่ระบุ", "route_code": "35", "km_min": 19.21, "km_max": 22.3, "accident_count": 3, "deaths": 0, "serious_injury": 0, "minor_injury": 1, "fatal_crashes": 0, "injured_total": 1, "severity_index": 0.3333, "level": "low", "economic_loss": 58000, "epdo_million": 0.058, "single_count": 2, "multi_count": 1, "single_pct": 66.7, "multi_pct": 33.3, "pattern": "single", "top_cause": "หลับใน", "road_feature": "ทางคนเดินเท้า+ที่ราบ", "crash_pattern": "พลิกคว่ำ/ตกถนนในทางโค้ง", "road_type": "ทางหลวง", "speed_limit": 90, "road_label": "แสมดำ - สะพานข้ามแม่น้ำท่าจีนฝั่งตะวันตก", "road_label_source": "nearest_road", "road_ref": "ทล.35 กม.19.2-22.3", "medoid_raw": [100.34183, 13.593222], "snap_distance_m": 1.89}}, {"type": "Feature", "geometry": {"type": "Point", "coordinates": [100.353336, 13.622624]}, "properties": {"id": "zone_628", "unit_type": "cluster", "centroid": [13.622475, 100.353217], "radius_m": 161.8, "province": "สมุทรสาคร", "road": "สมุทรสาคร - บางบอน", "route_code": "3242", "km_min": 11.87, "km_max": 12.1, "accident_count": 3, "deaths": 0, "serious_injury": 0, "minor_injury": 1, "fatal_crashes": 0, "injured_total": 1, "severity_index": 0.3333, "level": "low", "economic_loss": 58000, "epdo_million": 0.058, "single_count": 2, "multi_count": 1, "single_pct": 66.7, "multi_pct": 33.3, "pattern": "single", "top_cause": "ขับรถเร็วเกินอัตรากำหนด", "road_feature": "ทางตรง+ไม่มีความลาดชัน", "crash_pattern": "พลิกคว่ำ/ตกถนนในทางตรง", "road_type": "ทางหลวง", "speed_limit": 90, "road_label": "สมุทรสาคร - บางบอน", "road_label_source": "record", "road_ref": "ทล.3242 กม.11.9-12.1", "medoid_raw": [100.353374, 13.622583], "snap_distance_m": 6.14}}, {"type": "Feature", "geometry": {"type": "Point", "coordinates": [100.343452, 13.61065]}, "properties": {"id": "zone_629", "unit_type": "cluster", "centroid": [13.6105, 100.343334], "radius_m": 122.9, "province": "สมุทรสาคร", "road": "สมุทรสาคร - บางบอน", "route_code": "3242", "km_min": 10.2, "km_max": 10.35, "accident_count": 3, "deaths": 0, "serious_injury": 0, "minor_injury": 2, "fatal_crashes": 0, "injured_total": 2, "severity_index": 0.6667, "level": "low", "economic_loss": 116000, "epdo_million": 0.116, "single_count": 2, "multi_count": 1, "single_pct": 66.7, "multi_pct": 33.3, "pattern": "single", "top_cause": "ขับรถเร็วเกินอัตรากำหนด", "road_feature": "ทางตรง+ไม่มีความลาดชัน", "crash_pattern": "พลิกคว่ำ/ตกถนนในทางตรง", "road_type": "ทางหลวง", "speed_limit": 90, "road_label": "สมุทรสาคร - บางบอน", "road_label_source": "record", "road_ref": "ทล.3242 กม.10.2-10.3", "medoid_raw": [100.343464, 13.610642], "snap_distance_m": 1.57}}]}