{
 "type": "FeatureCollection",
 "calibration": {
  "version": "v2568-r10",
  "generated_at": "2026-08-19T03:34:55+00:00",
  "recalibration_policy": "ทุก 6 เดือน",
  "source": "accident2025_1.xlsx",
  "events_total": 4627,
  "events_with_coords": 4460,
  "dbscan": {
   "eps_m": 400,
   "min_samples": 3,
   "passes": 2,
   "second_pass_split_by": "road"
  },
  "scoring_method": "severity_index",
  "si_formula": "(F + PI) / Total Accident",
  "cost_per_person_thb": {
   "death": 6700000,
   "serious": 2000000,
   "minor": 58000
  },
  "epdo_weights_million_per_person": {
   "fatal": 6.7,
   "serious": 2.0,
   "minor": 0.058
  },
  "level_breaks": [
   1.0,
   2.0
  ],
  "level_break_method": "fixed_si_cutoff",
  "risk_points": 4460,
  "analysis_units": 192,
  "zones": 192,
  "core_clusters": 192,
  "noise_points": 796,
  "noise_excluded_from_levels": true,
  "overall": {
   "risk_points": 4460,
   "deaths": 223,
   "serious_injury": 180,
   "minor_injury": 2475,
   "epdo_total_million": 1997.65
  },
  "excluded_noise": {
   "risk_points": 796,
   "deaths": 114,
   "serious_injury": 88,
   "minor_injury": 479,
   "epdo_total_million": 967.58
  },
  "events_in_clusters": 3664,
  "largest_cluster_events": 712,
  "levels": {
   "high": 5,
   "medium": 47,
   "low": 140
  },
  "si_stats": {
   "mean": 0.6912,
   "median": 0.6667,
   "sd": 0.5597,
   "min": 0.0,
   "max": 3.3333
  },
  "epdo_total_million": 1030.07,
  "epdo_by_level": {
   "low": {
    "points": 140,
    "epdo_total_million": 759.37,
    "epdo_mean_million": 5.42
   },
   "medium": {
    "points": 47,
    "epdo_total_million": 220.41,
    "epdo_mean_million": 4.69
   },
   "high": {
    "points": 5,
    "epdo_total_million": 50.29,
    "epdo_mean_million": 10.06
   }
  },
  "by_province": {
   "กรุงเทพมหานคร": {
    "points": 79,
    "low_pct": 74.7,
    "medium_pct": 22.8,
    "high_pct": 2.5
   },
   "นนทบุรี": {
    "points": 8,
    "low_pct": 100.0,
    "medium_pct": 0.0,
    "high_pct": 0.0
   },
   "ปทุมธานี": {
    "points": 27,
    "low_pct": 59.3,
    "medium_pct": 40.7,
    "high_pct": 0.0
   },
   "สมุทรปราการ": {
    "points": 55,
    "low_pct": 69.1,
    "medium_pct": 29.1,
    "high_pct": 1.8
   },
   "นครปฐม": {
    "points": 2,
    "low_pct": 100.0,
    "medium_pct": 0.0,
    "high_pct": 0.0
   },
   "สมุทรสาคร": {
    "points": 21,
    "low_pct": 81.0,
    "medium_pct": 9.5,
    "high_pct": 9.5
   }
  }
 },
 "features": [
  {
   "type": "Feature",
   "geometry": {
    "type": "Point",
    "coordinates": [
     100.684557,
     13.817541
    ]
   },
   "properties": {
    "id": "zone_0",
    "unit_type": "cluster",
    "radius_m": 642.1,
    "province": "กรุงเทพมหานคร",
    "road": "คันนายาว - แยกเข้ามีนบุรี",
    "accident_count": 8,
    "deaths": 0,
    "serious_injury": 1,
    "minor_injury": 0,
    "fatal_crashes": 0,
    "injured_total": 1,
    "severity_index": 0.125,
    "level": "low",
    "economic_loss": 2000000,
    "epdo_million": 2.0,
    "single_count": 5,
    "multi_count": 3,
    "single_pct": 62.5,
    "multi_pct": 37.5,
    "pattern": "single",
    "top_cause": "ขับรถเร็วเกินอัตรากำหนด",
    "road_feature": "ทางตรง+ไม่มีความลาดชัน",
    "crash_pattern": "พลิกคว่ำ/ตกถนนในทางตรง",
    "road_type": "ทางหลวง",
    "speed_limit": 90
   }
  },
  {
   "type": "Feature",
   "geometry": {
    "type": "Point",
    "coordinates": [
     100.680066,
     13.735651
    ]
   },
   "properties": {
    "id": "zone_1",
    "unit_type": "cluster",
    "radius_m": 4266.2,
    "province": "กรุงเทพมหานคร",
    "road": "ถนนศรีนครินทร - แขวงคลองสองต้นนุ่น",
    "accident_count": 168,
    "deaths": 0,
    "serious_injury": 0,
    "minor_injury": 47,
    "fatal_crashes": 0,
    "injured_total": 47,
    "severity_index": 0.2798,
    "level": "low",
    "economic_loss": 2726000,
    "epdo_million": 2.726,
    "single_count": 35,
    "multi_count": 133,
    "single_pct": 20.8,
    "multi_pct": 79.2,
    "pattern": "multiple",
    "top_cause": "ขับรถเร็วเกินอัตรากำหนด",
    "road_feature": "ทางตรง+ไม่มีความลาดชัน",
    "crash_pattern": "ชนท้าย",
    "road_type": "ทางหลวง",
    "speed_limit": 90
   }
  },
  {
   "type": "Feature",
   "geometry": {
    "type": "Point",
    "coordinates": [
     100.692012,
     13.89414
    ]
   },
   "properties": {
    "id": "zone_2",
    "unit_type": "cluster",
    "radius_m": 10421.6,
    "province": "กรุงเทพมหานคร",
    "road": "บางปะอิน - แขวงรามอินทรา",
    "accident_count": 315,
    "deaths": 2,
    "serious_injury": 3,
    "minor_injury": 153,
    "fatal_crashes": 2,
    "injured_total": 156,
    "severity_index": 0.5016,
    "level": "low",
    "economic_loss": 28274000,
    "epdo_million": 28.274,
    "single_count": 72,
    "multi_count": 243,
    "single_pct": 22.9,
    "multi_pct": 77.1,
    "pattern": "multiple",
    "top_cause": "ขับรถเร็วเกินอัตรากำหนด",
    "road_feature": "ทางตรง+ไม่มีความลาดชัน",
    "crash_pattern": "ชนท้าย",
    "road_type": "ทางหลวง",
    "speed_limit": 90
   }
  },
  {
   "type": "Feature",
   "geometry": {
    "type": "Point",
    "coordinates": [
     100.680694,
     13.819289
    ]
   },
   "properties": {
    "id": "zone_3",
    "unit_type": "cluster",
    "radius_m": 165.3,
    "province": "กรุงเทพมหานคร",
    "road": "รัชดาภิเษก - รามอินทรา",
    "accident_count": 10,
    "deaths": 1,
    "serious_injury": 0,
    "minor_injury": 2,
    "fatal_crashes": 1,
    "injured_total": 2,
    "severity_index": 0.3,
    "level": "low",
    "economic_loss": 6816000,
    "epdo_million": 6.816,
    "single_count": 5,
    "multi_count": 5,
    "single_pct": 50.0,
    "multi_pct": 50.0,
    "pattern": "mixed",
    "top_cause": "ขับรถเร็วเกินอัตรากำหนด",
    "road_feature": "ทางโค้งกว้าง+ไม่มีความลาดชัน",
    "crash_pattern": "ชนท้าย",
    "road_type": "ทางหลวง",
    "speed_limit": 90
   }
  },
  {
   "type": "Feature",
   "geometry": {
    "type": "Point",
    "coordinates": [
     100.738586,
     13.730025
    ]
   },
   "properties": {
    "id": "zone_4",
    "unit_type": "cluster",
    "radius_m": 3959.5,
    "province": "กรุงเทพมหานคร",
    "road": "แขวงคลองสองต้นนุ่น - พิมพา",
    "accident_count": 258,
    "deaths": 0,
    "serious_injury": 0,
    "minor_injury": 78,
    "fatal_crashes": 0,
    "injured_total": 78,
    "severity_index": 0.3023,
    "level": "low",
    "economic_loss": 4524000,
    "epdo_million": 4.524,
    "single_count": 32,
    "multi_count": 226,
    "single_pct": 12.4,
    "multi_pct": 87.6,
    "pattern": "multiple",
    "top_cause": "ขับรถเร็วเกินอัตรากำหนด",
    "road_feature": "ทางตรง+ไม่มีความลาดชัน",
    "crash_pattern": "ชนท้าย",
    "road_type": "ทางหลวง",
    "speed_limit": 90
   }
  },
  {
   "type": "Feature",
   "geometry": {
    "type": "Point",
    "coordinates": [
     100.693983,
     13.763739
    ]
   },
   "properties": {
    "id": "zone_5",
    "unit_type": "cluster",
    "radius_m": 4664.9,
    "province": "กรุงเทพมหานคร",
    "road": "แขวงรามอินทรา - บางพลี",
    "accident_count": 176,
    "deaths": 1,
    "serious_injury": 2,
    "minor_injury": 103,
    "fatal_crashes": 1,
    "injured_total": 105,
    "severity_index": 0.6023,
    "level": "low",
    "economic_loss": 16674000,
    "epdo_million": 16.674,
    "single_count": 57,
    "multi_count": 119,
    "single_pct": 32.4,
    "multi_pct": 67.6,
    "pattern": "multiple",
    "top_cause": "ขับรถเร็วเกินอัตรากำหนด",
    "road_feature": "ทางตรง+ไม่มีความลาดชัน",
    "crash_pattern": "ชนท้าย",
    "road_type": "ทางหลวง",
    "speed_limit": 90
   }
  },
  {
   "type": "Feature",
   "geometry": {
    "type": "Point",
    "coordinates": [
     100.677277,
     13.813451
    ]
   },
   "properties": {
    "id": "zone_6",
    "unit_type": "cluster",
    "radius_m": 750.6,
    "province": "กรุงเทพมหานคร",
    "road": "แขวงรามอินทรา - บางพลี",
    "accident_count": 34,
    "deaths": 0,
    "serious_injury": 0,
    "minor_injury": 22,
    "fatal_crashes": 0,
    "injured_total": 22,
    "severity_index": 0.6471,
    "level": "low",
    "economic_loss": 1276000,
    "epdo_million": 1.276,
    "single_count": 3,
    "multi_count": 31,
    "single_pct": 8.8,
    "multi_pct": 91.2,
    "pattern": "multiple",
    "top_cause": "ขับรถเร็วเกินอัตรากำหนด",
    "road_feature": "ทางตรง+ไม่มีความลาดชัน",
    "crash_pattern": "ชนท้าย",
    "road_type": "ทางหลวง",
    "speed_limit": 90
   }
  },
  {
   "type": "Feature",
   "geometry": {
    "type": "Point",
    "coordinates": [
     100.68271,
     13.793368
    ]
   },
   "properties": {
    "id": "zone_7",
    "unit_type": "cluster",
    "radius_m": 236.7,
    "province": "กรุงเทพมหานคร",
    "road": "ไม่ระบุ",
    "accident_count": 3,
    "deaths": 0,
    "serious_injury": 0,
    "minor_injury": 3,
    "fatal_crashes": 0,
    "injured_total": 3,
    "severity_index": 1.0,
    "level": "medium",
    "economic_loss": 174000,
    "epdo_million": 0.174,
    "single_count": 0,
    "multi_count": 3,
    "single_pct": 0.0,
    "multi_pct": 100.0,
    "pattern": "multiple",
    "top_cause": "ขับรถเร็วเกินอัตรากำหนด",
    "road_feature": "ทางตรง+ไม่มีความลาดชัน",
    "crash_pattern": "ชนท้าย",
    "road_type": "ทางหลวง",
    "speed_limit": 90
   }
  },
  {
   "type": "Feature",
   "geometry": {
    "type": "Point",
    "coordinates": [
     100.533215,
     13.779015
    ]
   },
   "properties": {
    "id": "zone_8",
    "unit_type": "cluster",
    "radius_m": 423.0,
    "province": "กรุงเทพมหานคร",
    "road": "แจ้งวัฒนะ-พญาไท",
    "accident_count": 6,
    "deaths": 0,
    "serious_injury": 0,
    "minor_injury": 2,
    "fatal_crashes": 0,
    "injured_total": 2,
    "severity_index": 0.3333,
    "level": "low",
    "economic_loss": 116000,
    "epdo_million": 0.116,
    "single_count": 4,
    "multi_count": 2,
    "single_pct": 66.7,
    "multi_pct": 33.3,
    "pattern": "single",
    "top_cause": "ไม่ระบุ",
    "road_feature": "ทางตรง",
    "crash_pattern": "ชนสิ่งกีดขวาง (บนผิวจราจร)",
    "road_type": "การทางพิเศษ",
    "speed_limit": 100
   }
  },
  {
   "type": "Feature",
   "geometry": {
    "type": "Point",
    "coordinates": [
     100.468706,
     13.679051
    ]
   },
   "properties": {
    "id": "zone_9",
    "unit_type": "cluster",
    "radius_m": 999.5,
    "province": "กรุงเทพมหานคร",
    "road": "ดาวคะนอง - แสมดำ",
    "accident_count": 27,
    "deaths": 0,
    "serious_injury": 3,
    "minor_injury": 22,
    "fatal_crashes": 0,
    "injured_total": 25,
    "severity_index": 0.9259,
    "level": "low",
    "economic_loss": 7276000,
    "epdo_million": 7.276,
    "single_count": 11,
    "multi_count": 16,
    "single_pct": 40.7,
    "multi_pct": 59.3,
    "pattern": "mixed",
    "top_cause": "ขับรถเร็วเกินอัตรากำหนด",
    "road_feature": "ทางตรง+ไม่มีความลาดชัน",
    "crash_pattern": "ชนท้าย",
    "road_type": "ทางหลวง",
    "speed_limit": 90
   }
  },
  {
   "type": "Feature",
   "geometry": {
    "type": "Point",
    "coordinates": [
     100.420599,
     13.648405
    ]
   },
   "properties": {
    "id": "zone_10",
    "unit_type": "cluster",
    "radius_m": 5689.9,
    "province": "กรุงเทพมหานคร",
    "road": "ดาวคะนอง - แสมดำ",
    "accident_count": 277,
    "deaths": 10,
    "serious_injury": 2,
    "minor_injury": 155,
    "fatal_crashes": 10,
    "injured_total": 157,
    "severity_index": 0.6029,
    "level": "low",
    "economic_loss": 79990000,
    "epdo_million": 79.99,
    "single_count": 49,
    "multi_count": 228,
    "single_pct": 17.7,
    "multi_pct": 82.3,
    "pattern": "multiple",
    "top_cause": "ขับรถเร็วเกินอัตรากำหนด",
    "road_feature": "ทางตรง+ไม่มีความลาดชัน",
    "crash_pattern": "ชนท้าย",
    "road_type": "ทางหลวง",
    "speed_limit": 90
   }
  },
  {
   "type": "Feature",
   "geometry": {
    "type": "Point",
    "coordinates": [
     100.412128,
     13.639683
    ]
   },
   "properties": {
    "id": "zone_11",
    "unit_type": "cluster",
    "radius_m": 16.8,
    "province": "กรุงเทพมหานคร",
    "road": "พระประแดง - บางแค",
    "accident_count": 3,
    "deaths": 0,
    "serious_injury": 0,
    "minor_injury": 2,
    "fatal_crashes": 0,
    "injured_total": 2,
    "severity_index": 0.6667,
    "level": "low",
    "economic_loss": 116000,
    "epdo_million": 0.116,
    "single_count": 0,
    "multi_count": 3,
    "single_pct": 0.0,
    "multi_pct": 100.0,
    "pattern": "multiple",
    "top_cause": "ขับรถเร็วเกินอัตรากำหนด",
    "road_feature": "ทางตรง+ไม่มีความลาดชัน",
    "crash_pattern": "ชนท้าย",
    "road_type": "ทางหลวง",
    "speed_limit": 90
   }
  },
  {
   "type": "Feature",
   "geometry": {
    "type": "Point",
    "coordinates": [
     100.451082,
     13.782542
    ]
   },
   "properties": {
    "id": "zone_12",
    "unit_type": "cluster",
    "radius_m": 325.0,
    "province": "กรุงเทพมหานคร",
    "road": "ทางยกระดับบางกอกน้อย - นครชัยศรี",
    "accident_count": 4,
    "deaths": 0,
    "serious_injury": 0,
    "minor_injury": 4,
    "fatal_crashes": 0,
    "injured_total": 4,
    "severity_index": 1.0,
    "level": "medium",
    "economic_loss": 232000,
    "epdo_million": 0.232,
    "single_count": 3,
    "multi_count": 1,
    "single_pct": 75.0,
    "multi_pct": 25.0,
    "pattern": "single",
    "top_cause": "ขับรถเร็วเกินอัตรากำหนด",
    "road_feature": "ไม่ระบุ",
    "crash_pattern": "พลิกคว่ำ/ตกถนนในทางตรง",
    "road_type": "ทางหลวง",
    "speed_limit": 90
   }
  },
  {
   "type": "Feature",
   "geometry": {
    "type": "Point",
    "coordinates": [
     100.469838,
     13.788117
    ]
   },
   "properties": {
    "id": "zone_13",
    "unit_type": "cluster",
    "radius_m": 171.6,
    "province": "กรุงเทพมหานคร",
    "road": "บางพลัด - บางบำหรุ",
    "accident_count": 5,
    "deaths": 0,
    "serious_injury": 0,
    "minor_injury": 4,
    "fatal_crashes": 0,
    "injured_total": 4,
    "severity_index": 0.8,
    "level": "low",
    "economic_loss": 232000,
    "epdo_million": 0.232,
    "single_count": 2,
    "multi_count": 3,
    "single_pct": 40.0,
    "multi_pct": 60.0,
    "pattern": "multiple",
    "top_cause": "ขับรถเร็วเกินอัตรากำหนด",
    "road_feature": "ทางตรง+ไม่มีความลาดชัน",
    "crash_pattern": "ชนท้าย",
    "road_type": "ทางหลวง",
    "speed_limit": 90
   }
  },
  {
   "type": "Feature",
   "geometry": {
    "type": "Point",
    "coordinates": [
     100.408374,
     13.775372
    ]
   },
   "properties": {
    "id": "zone_14",
    "unit_type": "cluster",
    "radius_m": 927.3,
    "province": "กรุงเทพมหานคร",
    "road": "บางแค - คลองมหาสวัสดิ์",
    "accident_count": 25,
    "deaths": 2,
    "serious_injury": 1,
    "minor_injury": 12,
    "fatal_crashes": 2,
    "injured_total": 13,
    "severity_index": 0.6,
    "level": "low",
    "economic_loss": 16096000,
    "epdo_million": 16.096,
    "single_count": 12,
    "multi_count": 13,
    "single_pct": 48.0,
    "multi_pct": 52.0,
    "pattern": "mixed",
    "top_cause": "ขับรถเร็วเกินอัตรากำหนด",
    "road_feature": "ทางตรง+ไม่มีความลาดชัน",
    "crash_pattern": "ชนท้าย",
    "road_type": "ทางหลวง",
    "speed_limit": 90
   }
  },
  {
   "type": "Feature",
   "geometry": {
    "type": "Point",
    "coordinates": [
     100.409593,
     13.787793
    ]
   },
   "properties": {
    "id": "zone_15",
    "unit_type": "cluster",
    "radius_m": 183.6,
    "province": "กรุงเทพมหานคร",
    "road": "บางแค - คลองมหาสวัสดิ์",
    "accident_count": 7,
    "deaths": 0,
    "serious_injury": 1,
    "minor_injury": 4,
    "fatal_crashes": 0,
    "injured_total": 5,
    "severity_index": 0.7143,
    "level": "low",
    "economic_loss": 2232000,
    "epdo_million": 2.232,
    "single_count": 2,
    "multi_count": 5,
    "single_pct": 28.6,
    "multi_pct": 71.4,
    "pattern": "multiple",
    "top_cause": "ขับรถเร็วเกินอัตรากำหนด",
    "road_feature": "ทางตรง+ไม่มีความลาดชัน",
    "crash_pattern": "ชนท้าย",
    "road_type": "ทางหลวง",
    "speed_limit": 90
   }
  },
  {
   "type": "Feature",
   "geometry": {
    "type": "Point",
    "coordinates": [
     100.396798,
     13.784973
    ]
   },
   "properties": {
    "id": "zone_16",
    "unit_type": "cluster",
    "radius_m": 7881.1,
    "province": "กรุงเทพมหานคร",
    "road": "อรุณอมรินทร์ - พุทธมณฑลสาย4",
    "accident_count": 712,
    "deaths": 11,
    "serious_injury": 22,
    "minor_injury": 476,
    "fatal_crashes": 11,
    "injured_total": 498,
    "severity_index": 0.7149,
    "level": "low",
    "economic_loss": 145308000,
    "epdo_million": 145.308,
    "single_count": 69,
    "multi_count": 643,
    "single_pct": 9.7,
    "multi_pct": 90.3,
    "pattern": "multiple",
    "top_cause": "ขับรถเร็วเกินอัตรากำหนด",
    "road_feature": "ทางตรง+ไม่มีความลาดชัน",
    "crash_pattern": "ชนท้าย",
    "road_type": "ทางหลวง",
    "speed_limit": 90
   }
  },
  {
   "type": "Feature",
   "geometry": {
    "type": "Point",
    "coordinates": [
     100.794864,
     13.731764
    ]
   },
   "properties": {
    "id": "zone_17",
    "unit_type": "cluster",
    "radius_m": 2195.3,
    "province": "กรุงเทพมหานคร",
    "road": "แขวงคลองสองต้นนุ่น - พิมพา",
    "accident_count": 58,
    "deaths": 0,
    "serious_injury": 0,
    "minor_injury": 15,
    "fatal_crashes": 0,
    "injured_total": 15,
    "severity_index": 0.2586,
    "level": "low",
    "economic_loss": 870000,
    "epdo_million": 0.87,
    "single_count": 31,
    "multi_count": 27,
    "single_pct": 53.4,
    "multi_pct": 46.6,
    "pattern": "mixed",
    "top_cause": "ขับรถเร็วเกินอัตรากำหนด",
    "road_feature": "ทางตรง+ไม่มีความลาดชัน",
    "crash_pattern": "ชนท้าย",
    "road_type": "ทางหลวง",
    "speed_limit": 90
   }
  },
  {
   "type": "Feature",
   "geometry": {
    "type": "Point",
    "coordinates": [
     100.406413,
     13.719136
    ]
   },
   "properties": {
    "id": "zone_18",
    "unit_type": "cluster",
    "radius_m": 4831.6,
    "province": "กรุงเทพมหานคร",
    "road": "บางแค - คลองมหาสวัสดิ์",
    "accident_count": 121,
    "deaths": 6,
    "serious_injury": 6,
    "minor_injury": 80,
    "fatal_crashes": 6,
    "injured_total": 86,
    "severity_index": 0.7603,
    "level": "low",
    "economic_loss": 56840000,
    "epdo_million": 56.84,
    "single_count": 43,
    "multi_count": 78,
    "single_pct": 35.5,
    "multi_pct": 64.5,
    "pattern": "multiple",
    "top_cause": "ขับรถเร็วเกินอัตรากำหนด",
    "road_feature": "ทางตรง+ไม่มีความลาดชัน",
    "crash_pattern": "ชนท้าย",
    "road_type": "ทางหลวง",
    "speed_limit": 90
   }
  },
  {
   "type": "Feature",
   "geometry": {
    "type": "Point",
    "coordinates": [
     100.552006,
     13.77128
    ]
   },
   "properties": {
    "id": "zone_19",
    "unit_type": "cluster",
    "radius_m": 175.9,
    "province": "กรุงเทพมหานคร",
    "road": "ดินแดง - งามวงศ์วาน",
    "accident_count": 3,
    "deaths": 1,
    "serious_injury": 0,
    "minor_injury": 0,
    "fatal_crashes": 1,
    "injured_total": 0,
    "severity_index": 0.3333,
    "level": "low",
    "economic_loss": 6700000,
    "epdo_million": 6.7,
    "single_count": 2,
    "multi_count": 1,
    "single_pct": 66.7,
    "multi_pct": 33.3,
    "pattern": "single",
    "top_cause": "ขับรถเร็วเกินอัตรากำหนด",
    "road_feature": "ทางตรง+ไม่มีความลาดชัน",
    "crash_pattern": "พลิกคว่ำ/ตกถนนในทางตรง",
    "road_type": "ทางหลวง",
    "speed_limit": 90
   }
  },
  {
   "type": "Feature",
   "geometry": {
    "type": "Point",
    "coordinates": [
     100.550763,
     13.739684
    ]
   },
   "properties": {
    "id": "zone_20",
    "unit_type": "cluster",
    "radius_m": 406.8,
    "province": "กรุงเทพมหานคร",
    "road": "ดินแดง-ท่าเรือ",
    "accident_count": 18,
    "deaths": 0,
    "serious_injury": 0,
    "minor_injury": 11,
    "fatal_crashes": 0,
    "injured_total": 11,
    "severity_index": 0.6111,
    "level": "low",
    "economic_loss": 638000,
    "epdo_million": 0.638,
    "single_count": 0,
    "multi_count": 18,
    "single_pct": 0.0,
    "multi_pct": 100.0,
    "pattern": "multiple",
    "top_cause": "ไม่ระบุ",
    "road_feature": "ทางตรง",
    "crash_pattern": "ชนท้าย",
    "road_type": "การทางพิเศษ",
    "speed_limit": 100
   }
  },
  {
   "type": "Feature",
   "geometry": {
    "type": "Point",
    "coordinates": [
     100.44858,
     13.626365
    ]
   },
   "properties": {
    "id": "zone_21",
    "unit_type": "cluster",
    "radius_m": 404.3,
    "province": "กรุงเทพมหานคร",
    "road": "พระประแดง - บางแค",
    "accident_count": 7,
    "deaths": 1,
    "serious_injury": 1,
    "minor_injury": 9,
    "fatal_crashes": 1,
    "injured_total": 10,
    "severity_index": 1.5714,
    "level": "medium",
    "economic_loss": 9222000,
    "epdo_million": 9.222,
    "single_count": 1,
    "multi_count": 6,
    "single_pct": 14.3,
    "multi_pct": 85.7,
    "pattern": "multiple",
    "top_cause": "ขับรถเร็วเกินอัตรากำหนด",
    "road_feature": "ทางตรง+ไม่มีความลาดชัน",
    "crash_pattern": "ชนท้าย",
    "road_type": "ทางหลวง",
    "speed_limit": 90
   }
  },
  {
   "type": "Feature",
   "geometry": {
    "type": "Point",
    "coordinates": [
     100.819088,
     13.712223
    ]
   },
   "properties": {
    "id": "zone_22",
    "unit_type": "cluster",
    "radius_m": 1022.3,
    "province": "กรุงเทพมหานคร",
    "road": "แขวงคลองสองต้นนุ่น - พิมพา",
    "accident_count": 25,
    "deaths": 0,
    "serious_injury": 1,
    "minor_injury": 10,
    "fatal_crashes": 0,
    "injured_total": 11,
    "severity_index": 0.44,
    "level": "low",
    "economic_loss": 2580000,
    "epdo_million": 2.58,
    "single_count": 7,
    "multi_count": 18,
    "single_pct": 28.0,
    "multi_pct": 72.0,
    "pattern": "multiple",
    "top_cause": "ขับรถเร็วเกินอัตรากำหนด",
    "road_feature": "ทางตรง+ไม่มีความลาดชัน",
    "crash_pattern": "ชนท้าย",
    "road_type": "ทางหลวง",
    "speed_limit": 90
   }
  },
  {
   "type": "Feature",
   "geometry": {
    "type": "Point",
    "coordinates": [
     100.40377,
     13.661835
    ]
   },
   "properties": {
    "id": "zone_23",
    "unit_type": "cluster",
    "radius_m": 67.7,
    "province": "กรุงเทพมหานคร",
    "road": "บางบอน - โรงพยาบาลบางปะกอก8",
    "accident_count": 3,
    "deaths": 0,
    "serious_injury": 0,
    "minor_injury": 3,
    "fatal_crashes": 0,
    "injured_total": 3,
    "severity_index": 1.0,
    "level": "medium",
    "economic_loss": 174000,
    "epdo_million": 0.174,
    "single_count": 2,
    "multi_count": 1,
    "single_pct": 66.7,
    "multi_pct": 33.3,
    "pattern": "single",
    "top_cause": "ขับรถเร็วเกินอัตรากำหนด",
    "road_feature": "ทางตรง+ไม่มีความลาดชัน",
    "crash_pattern": "พลิกคว่ำ/ตกถนนในทางตรง",
    "road_type": "ทางหลวง",
    "speed_limit": 90
   }
  },
  {
   "type": "Feature",
   "geometry": {
    "type": "Point",
    "coordinates": [
     100.597372,
     13.750432
    ]
   },
   "properties": {
    "id": "zone_24",
    "unit_type": "cluster",
    "radius_m": 424.4,
    "province": "กรุงเทพมหานคร",
    "road": "พญาไท-ศรีนครินทร์",
    "accident_count": 4,
    "deaths": 0,
    "serious_injury": 0,
    "minor_injury": 6,
    "fatal_crashes": 0,
    "injured_total": 6,
    "severity_index": 1.5,
    "level": "medium",
    "economic_loss": 348000,
    "epdo_million": 0.348,
    "single_count": 0,
    "multi_count": 4,
    "single_pct": 0.0,
    "multi_pct": 100.0,
    "pattern": "multiple",
    "top_cause": "ไม่ระบุ",
    "road_feature": "ทางตรง",
    "crash_pattern": "ชนท้าย",
    "road_type": "การทางพิเศษ",
    "speed_limit": 100
   }
  },
  {
   "type": "Feature",
   "geometry": {
    "type": "Point",
    "coordinates": [
     100.599046,
     13.752959
    ]
   },
   "properties": {
    "id": "zone_25",
    "unit_type": "cluster",
    "radius_m": 275.7,
    "province": "กรุงเทพมหานคร",
    "road": "รามอินทรา-อาจณรงค์",
    "accident_count": 3,
    "deaths": 0,
    "serious_injury": 0,
    "minor_injury": 0,
    "fatal_crashes": 0,
    "injured_total": 0,
    "severity_index": 0.0,
    "level": "low",
    "economic_loss": 0,
    "epdo_million": 0.0,
    "single_count": 1,
    "multi_count": 2,
    "single_pct": 33.3,
    "multi_pct": 66.7,
    "pattern": "multiple",
    "top_cause": "ไม่ระบุ",
    "road_feature": "ทางตรง",
    "crash_pattern": "ชนท้าย",
    "road_type": "การทางพิเศษ",
    "speed_limit": 100
   }
  },
  {
   "type": "Feature",
   "geometry": {
    "type": "Point",
    "coordinates": [
     100.399453,
     13.659379
    ]
   },
   "properties": {
    "id": "zone_26",
    "unit_type": "cluster",
    "radius_m": 83.8,
    "province": "กรุงเทพมหานคร",
    "road": "บางบอน - โรงพยาบาลบางปะกอก8",
    "accident_count": 4,
    "deaths": 0,
    "serious_injury": 0,
    "minor_injury": 6,
    "fatal_crashes": 0,
    "injured_total": 6,
    "severity_index": 1.5,
    "level": "medium",
    "economic_loss": 348000,
    "epdo_million": 0.348,
    "single_count": 1,
    "multi_count": 3,
    "single_pct": 25.0,
    "multi_pct": 75.0,
    "pattern": "multiple",
    "top_cause": "ขับรถเร็วเกินอัตรากำหนด",
    "road_feature": "ทางตรง+ไม่มีความลาดชัน",
    "crash_pattern": "ชนท้าย",
    "road_type": "ทางหลวง",
    "speed_limit": 90
   }
  },
  {
   "type": "Feature",
   "geometry": {
    "type": "Point",
    "coordinates": [
     100.576782,
     13.840001
    ]
   },
   "properties": {
    "id": "zone_27",
    "unit_type": "cluster",
    "radius_m": 351.8,
    "province": "กรุงเทพมหานคร",
    "road": "มหาวิทยาลัยเกษตรศาสตร์ - คันนายาว",
    "accident_count": 8,
    "deaths": 0,
    "serious_injury": 1,
    "minor_injury": 3,
    "fatal_crashes": 0,
    "injured_total": 4,
    "severity_index": 0.5,
    "level": "low",
    "economic_loss": 2174000,
    "epdo_million": 2.174,
    "single_count": 7,
    "multi_count": 1,
    "single_pct": 87.5,
    "multi_pct": 12.5,
    "pattern": "single",
    "top_cause": "ขับรถเร็วเกินอัตรากำหนด",
    "road_feature": "ทางโค้งกว้าง+ไม่มีความลาดชัน",
    "crash_pattern": "พลิกคว่ำ/ตกถนนในทางตรง",
    "road_type": "ทางหลวง",
    "speed_limit": 90
   }
  },
  {
   "type": "Feature",
   "geometry": {
    "type": "Point",
    "coordinates": [
     100.574481,
     13.840324
    ]
   },
   "properties": {
    "id": "zone_28",
    "unit_type": "cluster",
    "radius_m": 155.3,
    "province": "กรุงเทพมหานคร",
    "road": "แยกมหาวิทยาลัยเกษตรศาสตร์ - สี่แยกแคราย",
    "accident_count": 3,
    "deaths": 0,
    "serious_injury": 0,
    "minor_injury": 1,
    "fatal_crashes": 0,
    "injured_total": 1,
    "severity_index": 0.3333,
    "level": "low",
    "economic_loss": 58000,
    "epdo_million": 0.058,
    "single_count": 3,
    "multi_count": 0,
    "single_pct": 100.0,
    "multi_pct": 0.0,
    "pattern": "single",
    "top_cause": "ขับรถเร็วเกินอัตรากำหนด",
    "road_feature": "ทางตรง+ไม่มีความลาดชัน",
    "crash_pattern": "พลิกคว่ำ/ตกถนนในทางตรง",
    "road_type": "ทางหลวง",
    "speed_limit": 90
   }
  },
  {
   "type": "Feature",
   "geometry": {
    "type": "Point",
    "coordinates": [
     100.596269,
     13.708245
    ]
   },
   "properties": {
    "id": "zone_29",
    "unit_type": "cluster",
    "radius_m": 224.1,
    "province": "กรุงเทพมหานคร",
    "road": "รามอินทรา-อาจณรงค์",
    "accident_count": 4,
    "deaths": 0,
    "serious_injury": 0,
    "minor_injury": 0,
    "fatal_crashes": 0,
    "injured_total": 0,
    "severity_index": 0.0,
    "level": "low",
    "economic_loss": 0,
    "epdo_million": 0.0,
    "single_count": 0,
    "multi_count": 4,
    "single_pct": 0.0,
    "multi_pct": 100.0,
    "pattern": "multiple",
    "top_cause": "ไม่ระบุ",
    "road_feature": "ทางตรง",
    "crash_pattern": "ชนท้าย",
    "road_type": "การทางพิเศษ",
    "speed_limit": 100
   }
  },
  {
   "type": "Feature",
   "geometry": {
    "type": "Point",
    "coordinates": [
     100.699606,
     13.694604
    ]
   },
   "properties": {
    "id": "zone_30",
    "unit_type": "cluster",
    "radius_m": 816.5,
    "province": "กรุงเทพมหานคร",
    "road": "แขวงรามอินทรา - บางพลี",
    "accident_count": 17,
    "deaths": 0,
    "serious_injury": 3,
    "minor_injury": 15,
    "fatal_crashes": 0,
    "injured_total": 18,
    "severity_index": 1.0588,
    "level": "medium",
    "economic_loss": 6870000,
    "epdo_million": 6.87,
    "single_count": 2,
    "multi_count": 15,
    "single_pct": 11.8,
    "multi_pct": 88.2,
    "pattern": "multiple",
    "top_cause": "ขับรถเร็วเกินอัตรากำหนด",
    "road_feature": "ทางตรง+ไม่มีความลาดชัน",
    "crash_pattern": "ชนท้าย",
    "road_type": "ทางหลวง",
    "speed_limit": 90
   }
  },
  {
   "type": "Feature",
   "geometry": {
    "type": "Point",
    "coordinates": [
     100.505526,
     13.621078
    ]
   },
   "properties": {
    "id": "zone_31",
    "unit_type": "cluster",
    "radius_m": 361.8,
    "province": "กรุงเทพมหานคร",
    "road": "พระประแดง - บางแค",
    "accident_count": 5,
    "deaths": 1,
    "serious_injury": 0,
    "minor_injury": 7,
    "fatal_crashes": 1,
    "injured_total": 7,
    "severity_index": 1.6,
    "level": "medium",
    "economic_loss": 7106000,
    "epdo_million": 7.106,
    "single_count": 0,
    "multi_count": 5,
    "single_pct": 0.0,
    "multi_pct": 100.0,
    "pattern": "multiple",
    "top_cause": "ขับรถเร็วเกินอัตรากำหนด",
    "road_feature": "ทางตรง+ไม่มีความลาดชัน",
    "crash_pattern": "ชนท้าย",
    "road_type": "ทางหลวง",
    "speed_limit": 90
   }
  },
  {
   "type": "Feature",
   "geometry": {
    "type": "Point",
    "coordinates": [
     100.530121,
     13.664181
    ]
   },
   "properties": {
    "id": "zone_32",
    "unit_type": "cluster",
    "radius_m": 894.5,
    "province": "สมุทรปราการ",
    "road": "ถนนวงแหวนอุตสาหกรรมเข้าสะพานภูมิพลที่ 1",
    "accident_count": 24,
    "deaths": 1,
    "serious_injury": 0,
    "minor_injury": 19,
    "fatal_crashes": 1,
    "injured_total": 19,
    "severity_index": 0.8333,
    "level": "low",
    "economic_loss": 7802000,
    "epdo_million": 7.802,
    "single_count": 6,
    "multi_count": 18,
    "single_pct": 25.0,
    "multi_pct": 75.0,
    "pattern": "multiple",
    "top_cause": "ขับรถเร็วเกินอัตรากำหนด",
    "road_feature": "ทางตรง+ไม่มีความลาดชัน",
    "crash_pattern": "ไม่ระบุ",
    "road_type": "ทางหลวงชนบท",
    "speed_limit": 80
   }
  },
  {
   "type": "Feature",
   "geometry": {
    "type": "Point",
    "coordinates": [
     100.540872,
     13.650321
    ]
   },
   "properties": {
    "id": "zone_33",
    "unit_type": "cluster",
    "radius_m": 515.5,
    "province": "สมุทรปราการ",
    "road": "ทางออกจากถนนวงแหวนอุตสาหกรรมสู่ถนนปู่เจ้าสมิงพราย",
    "accident_count": 12,
    "deaths": 0,
    "serious_injury": 0,
    "minor_injury": 4,
    "fatal_crashes": 0,
    "injured_total": 4,
    "severity_index": 0.3333,
    "level": "low",
    "economic_loss": 232000,
    "epdo_million": 0.232,
    "single_count": 6,
    "multi_count": 6,
    "single_pct": 50.0,
    "multi_pct": 50.0,
    "pattern": "mixed",
    "top_cause": "ขับรถเร็วเกินอัตรากำหนด",
    "road_feature": "ทางโค้งกว้าง+ไม่มีความลาดชัน",
    "crash_pattern": "ไม่ระบุ",
    "road_type": "ทางหลวงชนบท",
    "speed_limit": 80
   }
  },
  {
   "type": "Feature",
   "geometry": {
    "type": "Point",
    "coordinates": [
     100.540598,
     13.650285
    ]
   },
   "properties": {
    "id": "zone_34",
    "unit_type": "cluster",
    "radius_m": 520.1,
    "province": "สมุทรปราการ",
    "road": "ทางเข้าถนนปู่เจ้าสมิงพรายสู่ถนนวงแหวนอุตสาหกรรม",
    "accident_count": 8,
    "deaths": 0,
    "serious_injury": 0,
    "minor_injury": 6,
    "fatal_crashes": 0,
    "injured_total": 6,
    "severity_index": 0.75,
    "level": "low",
    "economic_loss": 348000,
    "epdo_million": 0.348,
    "single_count": 6,
    "multi_count": 2,
    "single_pct": 75.0,
    "multi_pct": 25.0,
    "pattern": "single",
    "top_cause": "ขับรถเร็วเกินอัตรากำหนด",
    "road_feature": "ทางโค้งกว้าง+ไม่มีความลาดชัน",
    "crash_pattern": "ไม่ระบุ",
    "road_type": "ทางหลวงชนบท",
    "speed_limit": 80
   }
  },
  {
   "type": "Feature",
   "geometry": {
    "type": "Point",
    "coordinates": [
     100.518235,
     13.664705
    ]
   },
   "properties": {
    "id": "zone_35",
    "unit_type": "cluster",
    "radius_m": 281.9,
    "province": "กรุงเทพมหานคร",
    "road": "ทางเข้าถนนสุขสวัสดิ์สู่ถนนวงแหวนอุตสาหกรรม",
    "accident_count": 6,
    "deaths": 0,
    "serious_injury": 0,
    "minor_injury": 1,
    "fatal_crashes": 0,
    "injured_total": 1,
    "severity_index": 0.1667,
    "level": "low",
    "economic_loss": 58000,
    "epdo_million": 0.058,
    "single_count": 1,
    "multi_count": 5,
    "single_pct": 16.7,
    "multi_pct": 83.3,
    "pattern": "multiple",
    "top_cause": "ขับรถเร็วเกินอัตรากำหนด",
    "road_feature": "ทางสามแยก (Y)",
    "crash_pattern": "ไม่ระบุ",
    "road_type": "ทางหลวงชนบท",
    "speed_limit": 80
   }
  },
  {
   "type": "Feature",
   "geometry": {
    "type": "Point",
    "coordinates": [
     100.539677,
     13.674122
    ]
   },
   "properties": {
    "id": "zone_36",
    "unit_type": "cluster",
    "radius_m": 1389.0,
    "province": "กรุงเทพมหานคร",
    "road": "สะพานภูมิพลที่ 1 ไปสะพานภูมิพลที่ 2",
    "accident_count": 39,
    "deaths": 6,
    "serious_injury": 2,
    "minor_injury": 20,
    "fatal_crashes": 6,
    "injured_total": 22,
    "severity_index": 0.7179,
    "level": "low",
    "economic_loss": 45360000,
    "epdo_million": 45.36,
    "single_count": 12,
    "multi_count": 27,
    "single_pct": 30.8,
    "multi_pct": 69.2,
    "pattern": "multiple",
    "top_cause": "ขับรถเร็วเกินอัตรากำหนด",
    "road_feature": "ทางตรง+ไม่มีความลาดชัน",
    "crash_pattern": "ชนท้าย",
    "road_type": "ทางหลวงชนบท",
    "speed_limit": 80
   }
  },
  {
   "type": "Feature",
   "geometry": {
    "type": "Point",
    "coordinates": [
     100.54146,
     13.649658
    ]
   },
   "properties": {
    "id": "zone_37",
    "unit_type": "cluster",
    "radius_m": 93.5,
    "province": "สมุทรปราการ",
    "road": "สะพานภูมิพลที่ 1 ไปสะพานภูมิพลที่ 2",
    "accident_count": 3,
    "deaths": 0,
    "serious_injury": 0,
    "minor_injury": 1,
    "fatal_crashes": 0,
    "injured_total": 1,
    "severity_index": 0.3333,
    "level": "low",
    "economic_loss": 58000,
    "epdo_million": 0.058,
    "single_count": 0,
    "multi_count": 3,
    "single_pct": 0.0,
    "multi_pct": 100.0,
    "pattern": "multiple",
    "top_cause": "ขับรถเร็วเกินอัตรากำหนด",
    "road_feature": "ทางตรง+ไม่มีความลาดชัน",
    "crash_pattern": "ไม่ระบุ",
    "road_type": "ทางหลวงชนบท",
    "speed_limit": 80
   }
  },
  {
   "type": "Feature",
   "geometry": {
    "type": "Point",
    "coordinates": [
     100.540808,
     13.655128
    ]
   },
   "properties": {
    "id": "zone_38",
    "unit_type": "cluster",
    "radius_m": 162.5,
    "province": "สมุทรปราการ",
    "road": "สะพานภูมิพลที่ 1 ไปสะพานภูมิพลที่ 2",
    "accident_count": 6,
    "deaths": 0,
    "serious_injury": 0,
    "minor_injury": 4,
    "fatal_crashes": 0,
    "injured_total": 4,
    "severity_index": 0.6667,
    "level": "low",
    "economic_loss": 232000,
    "epdo_million": 0.232,
    "single_count": 0,
    "multi_count": 6,
    "single_pct": 0.0,
    "multi_pct": 100.0,
    "pattern": "multiple",
    "top_cause": "ขับรถเร็วเกินอัตรากำหนด",
    "road_feature": "ทางตรง+ไม่มีความลาดชัน",
    "crash_pattern": "ไม่ระบุ",
    "road_type": "ทางหลวงชนบท",
    "speed_limit": 80
   }
  },
  {
   "type": "Feature",
   "geometry": {
    "type": "Point",
    "coordinates": [
     100.538415,
     13.669022
    ]
   },
   "properties": {
    "id": "zone_39",
    "unit_type": "cluster",
    "radius_m": 423.4,
    "province": "กรุงเทพมหานคร",
    "road": "สะพานภูมิพลที่ 2 ไปสะพานภูมิพลที่ 1",
    "accident_count": 9,
    "deaths": 0,
    "serious_injury": 0,
    "minor_injury": 7,
    "fatal_crashes": 0,
    "injured_total": 7,
    "severity_index": 0.7778,
    "level": "low",
    "economic_loss": 406000,
    "epdo_million": 0.406,
    "single_count": 2,
    "multi_count": 7,
    "single_pct": 22.2,
    "multi_pct": 77.8,
    "pattern": "multiple",
    "top_cause": "ขับรถเร็วเกินอัตรากำหนด",
    "road_feature": "ทางตรง+ไม่มีความลาดชัน",
    "crash_pattern": "ชนคนเดินเท้า",
    "road_type": "ทางหลวงชนบท",
    "speed_limit": 80
   }
  },
  {
   "type": "Feature",
   "geometry": {
    "type": "Point",
    "coordinates": [
     100.539473,
     13.677702
    ]
   },
   "properties": {
    "id": "zone_40",
    "unit_type": "cluster",
    "radius_m": 340.5,
    "province": "กรุงเทพมหานคร",
    "road": "สะพานภูมิพลที่ 2 ไปสะพานภูมิพลที่ 1",
    "accident_count": 5,
    "deaths": 0,
    "serious_injury": 0,
    "minor_injury": 5,
    "fatal_crashes": 0,
    "injured_total": 5,
    "severity_index": 1.0,
    "level": "medium",
    "economic_loss": 290000,
    "epdo_million": 0.29,
    "single_count": 2,
    "multi_count": 3,
    "single_pct": 40.0,
    "multi_pct": 60.0,
    "pattern": "multiple",
    "top_cause": "ขับรถเร็วเกินอัตรากำหนด",
    "road_feature": "ทางตรง+ไม่มีความลาดชัน",
    "crash_pattern": "ไม่ระบุ",
    "road_type": "ทางหลวงชนบท",
    "speed_limit": 80
   }
  },
  {
   "type": "Feature",
   "geometry": {
    "type": "Point",
    "coordinates": [
     100.541179,
     13.651052
    ]
   },
   "properties": {
    "id": "zone_41",
    "unit_type": "cluster",
    "radius_m": 110.8,
    "province": "สมุทรปราการ",
    "road": "สะพานภูมิพลที่ 2 ไปสะพานภูมิพลที่ 1",
    "accident_count": 3,
    "deaths": 0,
    "serious_injury": 0,
    "minor_injury": 1,
    "fatal_crashes": 0,
    "injured_total": 1,
    "severity_index": 0.3333,
    "level": "low",
    "economic_loss": 58000,
    "epdo_million": 0.058,
    "single_count": 1,
    "multi_count": 2,
    "single_pct": 33.3,
    "multi_pct": 66.7,
    "pattern": "multiple",
    "top_cause": "ขับรถเร็วเกินอัตรากำหนด",
    "road_feature": "ทางตรง+ไม่มีความลาดชัน",
    "crash_pattern": "ไม่ระบุ",
    "road_type": "ทางหลวงชนบท",
    "speed_limit": 80
   }
  },
  {
   "type": "Feature",
   "geometry": {
    "type": "Point",
    "coordinates": [
     100.539881,
     13.658255
    ]
   },
   "properties": {
    "id": "zone_42",
    "unit_type": "cluster",
    "radius_m": 253.1,
    "province": "สมุทรปราการ",
    "road": "สะพานภูมิพลที่ 2 ไปสะพานภูมิพลที่ 1",
    "accident_count": 7,
    "deaths": 0,
    "serious_injury": 0,
    "minor_injury": 7,
    "fatal_crashes": 0,
    "injured_total": 7,
    "severity_index": 1.0,
    "level": "medium",
    "economic_loss": 406000,
    "epdo_million": 0.406,
    "single_count": 0,
    "multi_count": 7,
    "single_pct": 0.0,
    "multi_pct": 100.0,
    "pattern": "multiple",
    "top_cause": "ขับรถเร็วเกินอัตรากำหนด",
    "road_feature": "ทางตรง+ไม่มีความลาดชัน",
    "crash_pattern": "ไม่ระบุ",
    "road_type": "ทางหลวงชนบท",
    "speed_limit": 80
   }
  },
  {
   "type": "Feature",
   "geometry": {
    "type": "Point",
    "coordinates": [
     100.517923,
     13.66422
    ]
   },
   "properties": {
    "id": "zone_43",
    "unit_type": "cluster",
    "radius_m": 270.2,
    "province": "กรุงเทพมหานคร",
    "road": "ออกจากสะพานภูมิพลที่ 2 ไปถนนวงแหวนอุตสาหกรรม",
    "accident_count": 4,
    "deaths": 0,
    "serious_injury": 0,
    "minor_injury": 0,
    "fatal_crashes": 0,
    "injured_total": 0,
    "severity_index": 0.0,
    "level": "low",
    "economic_loss": 0,
    "epdo_million": 0.0,
    "single_count": 2,
    "multi_count": 2,
    "single_pct": 50.0,
    "multi_pct": 50.0,
    "pattern": "mixed",
    "top_cause": "ขับรถเร็วเกินอัตรากำหนด",
    "road_feature": "ทางตรง+ไม่มีความลาดชัน",
    "crash_pattern": "ไม่ระบุ",
    "road_type": "ทางหลวงชนบท",
    "speed_limit": 80
   }
  },
  {
   "type": "Feature",
   "geometry": {
    "type": "Point",
    "coordinates": [
     100.531447,
     13.664196
    ]
   },
   "properties": {
    "id": "zone_44",
    "unit_type": "cluster",
    "radius_m": 785.6,
    "province": "สมุทรปราการ",
    "road": "ออกจากสะพานภูมิพลที่ 2 ไปถนนวงแหวนอุตสาหกรรม",
    "accident_count": 18,
    "deaths": 1,
    "serious_injury": 0,
    "minor_injury": 12,
    "fatal_crashes": 1,
    "injured_total": 12,
    "severity_index": 0.7222,
    "level": "low",
    "economic_loss": 7396000,
    "epdo_million": 7.396,
    "single_count": 7,
    "multi_count": 11,
    "single_pct": 38.9,
    "multi_pct": 61.1,
    "pattern": "multiple",
    "top_cause": "ขับรถเร็วเกินอัตรากำหนด",
    "road_feature": "ทางตรง+ไม่มีความลาดชัน",
    "crash_pattern": "ชนคนเดินเท้า",
    "road_type": "ทางหลวงชนบท",
    "speed_limit": 80
   }
  },
  {
   "type": "Feature",
   "geometry": {
    "type": "Point",
    "coordinates": [
     100.605127,
     13.770458
    ]
   },
   "properties": {
    "id": "zone_45",
    "unit_type": "cluster",
    "radius_m": 55.6,
    "province": "กรุงเทพมหานคร",
    "road": "รามอินทรา-อาจณรงค์",
    "accident_count": 4,
    "deaths": 0,
    "serious_injury": 0,
    "minor_injury": 4,
    "fatal_crashes": 0,
    "injured_total": 4,
    "severity_index": 1.0,
    "level": "medium",
    "economic_loss": 232000,
    "epdo_million": 0.232,
    "single_count": 0,
    "multi_count": 4,
    "single_pct": 0.0,
    "multi_pct": 100.0,
    "pattern": "multiple",
    "top_cause": "ไม่ระบุ",
    "road_feature": "ทางแยกต่างระดับ/Ramps",
    "crash_pattern": "ชนท้าย",
    "road_type": "การทางพิเศษ",
    "speed_limit": 100
   }
  },
  {
   "type": "Feature",
   "geometry": {
    "type": "Point",
    "coordinates": [
     100.378819,
     13.644012
    ]
   },
   "properties": {
    "id": "zone_46",
    "unit_type": "cluster",
    "radius_m": 77.4,
    "province": "กรุงเทพมหานคร",
    "road": "บางบอน - โรงพยาบาลบางปะกอก8",
    "accident_count": 3,
    "deaths": 0,
    "serious_injury": 0,
    "minor_injury": 10,
    "fatal_crashes": 0,
    "injured_total": 10,
    "severity_index": 3.3333,
    "level": "high",
    "economic_loss": 580000,
    "epdo_million": 0.58,
    "single_count": 0,
    "multi_count": 3,
    "single_pct": 0.0,
    "multi_pct": 100.0,
    "pattern": "multiple",
    "top_cause": "ขับรถเร็วเกินอัตรากำหนด",
    "road_feature": "ทางตรง+ไม่มีความลาดชัน",
    "crash_pattern": "ชนท้าย",
    "road_type": "ทางหลวง",
    "speed_limit": 90
   }
  },
  {
   "type": "Feature",
   "geometry": {
    "type": "Point",
    "coordinates": [
     100.393268,
     13.655389
    ]
   },
   "properties": {
    "id": "zone_47",
    "unit_type": "cluster",
    "radius_m": 141.5,
    "province": "กรุงเทพมหานคร",
    "road": "บางบอน - โรงพยาบาลบางปะกอก8",
    "accident_count": 4,
    "deaths": 0,
    "serious_injury": 0,
    "minor_injury": 5,
    "fatal_crashes": 0,
    "injured_total": 5,
    "severity_index": 1.25,
    "level": "medium",
    "economic_loss": 290000,
    "epdo_million": 0.29,
    "single_count": 1,
    "multi_count": 3,
    "single_pct": 25.0,
    "multi_pct": 75.0,
    "pattern": "multiple",
    "top_cause": "ขับรถเร็วเกินอัตรากำหนด",
    "road_feature": "ทางตรง+ไม่มีความลาดชัน",
    "crash_pattern": "ชนท้าย",
    "road_type": "ทางหลวง",
    "speed_limit": 90
   }
  },
  {
   "type": "Feature",
   "geometry": {
    "type": "Point",
    "coordinates": [
     100.538546,
     13.767584
    ]
   },
   "properties": {
    "id": "zone_48",
    "unit_type": "cluster",
    "radius_m": 74.5,
    "province": "กรุงเทพมหานคร",
    "road": "พญาไท-ศรีนครินทร์",
    "accident_count": 7,
    "deaths": 0,
    "serious_injury": 0,
    "minor_injury": 4,
    "fatal_crashes": 0,
    "injured_total": 4,
    "severity_index": 0.5714,
    "level": "low",
    "economic_loss": 232000,
    "epdo_million": 0.232,
    "single_count": 0,
    "multi_count": 7,
    "single_pct": 0.0,
    "multi_pct": 100.0,
    "pattern": "multiple",
    "top_cause": "ไม่ระบุ",
    "road_feature": "ทางโค้งกว้าง",
    "crash_pattern": "ชนด้านข้าง",
    "road_type": "การทางพิเศษ",
    "speed_limit": 100
   }
  },
  {
   "type": "Feature",
   "geometry": {
    "type": "Point",
    "coordinates": [
     100.691796,
     13.656619
    ]
   },
   "properties": {
    "id": "zone_49",
    "unit_type": "cluster",
    "radius_m": 1222.3,
    "province": "สมุทรปราการ",
    "road": "แขวงรามอินทรา - บางพลี",
    "accident_count": 31,
    "deaths": 0,
    "serious_injury": 1,
    "minor_injury": 24,
    "fatal_crashes": 0,
    "injured_total": 25,
    "severity_index": 0.8065,
    "level": "low",
    "economic_loss": 3392000,
    "epdo_million": 3.392,
    "single_count": 8,
    "multi_count": 23,
    "single_pct": 25.8,
    "multi_pct": 74.2,
    "pattern": "multiple",
    "top_cause": "ขับรถเร็วเกินอัตรากำหนด",
    "road_feature": "ทางตรง+ไม่มีความลาดชัน",
    "crash_pattern": "ชนท้าย",
    "road_type": "ทางหลวง",
    "speed_limit": 90
   }
  },
  {
   "type": "Feature",
   "geometry": {
    "type": "Point",
    "coordinates": [
     100.51825,
     13.734054
    ]
   },
   "properties": {
    "id": "zone_50",
    "unit_type": "cluster",
    "radius_m": 293.3,
    "province": "กรุงเทพมหานคร",
    "road": "พญาไท-บางโคล่",
    "accident_count": 3,
    "deaths": 0,
    "serious_injury": 0,
    "minor_injury": 1,
    "fatal_crashes": 0,
    "injured_total": 1,
    "severity_index": 0.3333,
    "level": "low",
    "economic_loss": 58000,
    "epdo_million": 0.058,
    "single_count": 2,
    "multi_count": 1,
    "single_pct": 66.7,
    "multi_pct": 33.3,
    "pattern": "single",
    "top_cause": "ไม่ระบุ",
    "road_feature": "ทางตรง",
    "crash_pattern": "ชนสิ่งกีดขวาง (บนผิวจราจร)",
    "road_type": "การทางพิเศษ",
    "speed_limit": 100
   }
  },
  {
   "type": "Feature",
   "geometry": {
    "type": "Point",
    "coordinates": [
     100.599367,
     13.839522
    ]
   },
   "properties": {
    "id": "zone_51",
    "unit_type": "cluster",
    "radius_m": 91.2,
    "province": "กรุงเทพมหานคร",
    "road": "มหาวิทยาลัยเกษตรศาสตร์ - คันนายาว",
    "accident_count": 5,
    "deaths": 0,
    "serious_injury": 0,
    "minor_injury": 3,
    "fatal_crashes": 0,
    "injured_total": 3,
    "severity_index": 0.6,
    "level": "low",
    "economic_loss": 174000,
    "epdo_million": 0.174,
    "single_count": 5,
    "multi_count": 0,
    "single_pct": 100.0,
    "multi_pct": 0.0,
    "pattern": "single",
    "top_cause": "ขับรถเร็วเกินอัตรากำหนด",
    "road_feature": "ทางตรง+ไม่มีความลาดชัน",
    "crash_pattern": "พลิกคว่ำ/ตกถนนในทางตรง",
    "road_type": "ทางหลวง",
    "speed_limit": 90
   }
  },
  {
   "type": "Feature",
   "geometry": {
    "type": "Point",
    "coordinates": [
     100.700599,
     13.7197
    ]
   },
   "properties": {
    "id": "zone_52",
    "unit_type": "cluster",
    "radius_m": 1173.3,
    "province": "กรุงเทพมหานคร",
    "road": "แขวงรามอินทรา - บางพลี",
    "accident_count": 28,
    "deaths": 1,
    "serious_injury": 0,
    "minor_injury": 28,
    "fatal_crashes": 1,
    "injured_total": 28,
    "severity_index": 1.0357,
    "level": "medium",
    "economic_loss": 8324000,
    "epdo_million": 8.324,
    "single_count": 9,
    "multi_count": 19,
    "single_pct": 32.1,
    "multi_pct": 67.9,
    "pattern": "multiple",
    "top_cause": "ขับรถเร็วเกินอัตรากำหนด",
    "road_feature": "ทางตรง+ไม่มีความลาดชัน",
    "crash_pattern": "ชนท้าย",
    "road_type": "ทางหลวง",
    "speed_limit": 90
   }
  },
  {
   "type": "Feature",
   "geometry": {
    "type": "Point",
    "coordinates": [
     100.538096,
     13.791459
    ]
   },
   "properties": {
    "id": "zone_53",
    "unit_type": "cluster",
    "radius_m": 319.7,
    "province": "กรุงเทพมหานคร",
    "road": "แจ้งวัฒนะ-พญาไท",
    "accident_count": 8,
    "deaths": 0,
    "serious_injury": 0,
    "minor_injury": 1,
    "fatal_crashes": 0,
    "injured_total": 1,
    "severity_index": 0.125,
    "level": "low",
    "economic_loss": 58000,
    "epdo_million": 0.058,
    "single_count": 0,
    "multi_count": 8,
    "single_pct": 0.0,
    "multi_pct": 100.0,
    "pattern": "multiple",
    "top_cause": "ไม่ระบุ",
    "road_feature": "ทางร่วม",
    "crash_pattern": "ชนด้านข้าง",
    "road_type": "การทางพิเศษ",
    "speed_limit": 100
   }
  },
  {
   "type": "Feature",
   "geometry": {
    "type": "Point",
    "coordinates": [
     100.543467,
     13.803141
    ]
   },
   "properties": {
    "id": "zone_54",
    "unit_type": "cluster",
    "radius_m": 80.2,
    "province": "กรุงเทพมหานคร",
    "road": "แจ้งวัฒนะ-พญาไท",
    "accident_count": 5,
    "deaths": 0,
    "serious_injury": 0,
    "minor_injury": 0,
    "fatal_crashes": 0,
    "injured_total": 0,
    "severity_index": 0.0,
    "level": "low",
    "economic_loss": 0,
    "epdo_million": 0.0,
    "single_count": 5,
    "multi_count": 0,
    "single_pct": 100.0,
    "multi_pct": 0.0,
    "pattern": "single",
    "top_cause": "ไม่ระบุ",
    "road_feature": "ทางตรง",
    "crash_pattern": "ชนสิ่งกีดขวาง (บนผิวจราจร)",
    "road_type": "การทางพิเศษ",
    "speed_limit": 100
   }
  },
  {
   "type": "Feature",
   "geometry": {
    "type": "Point",
    "coordinates": [
     100.699495,
     13.683963
    ]
   },
   "properties": {
    "id": "zone_55",
    "unit_type": "cluster",
    "radius_m": 174.1,
    "province": "กรุงเทพมหานคร",
    "road": "แขวงรามอินทรา - บางพลี",
    "accident_count": 6,
    "deaths": 1,
    "serious_injury": 0,
    "minor_injury": 3,
    "fatal_crashes": 1,
    "injured_total": 3,
    "severity_index": 0.6667,
    "level": "low",
    "economic_loss": 6874000,
    "epdo_million": 6.874,
    "single_count": 2,
    "multi_count": 4,
    "single_pct": 33.3,
    "multi_pct": 66.7,
    "pattern": "multiple",
    "top_cause": "ขับรถเร็วเกินอัตรากำหนด",
    "road_feature": "ทางตรง+ไม่มีความลาดชัน",
    "crash_pattern": "ชนท้าย",
    "road_type": "ทางหลวง",
    "speed_limit": 90
   }
  },
  {
   "type": "Feature",
   "geometry": {
    "type": "Point",
    "coordinates": [
     100.527631,
     13.766711
    ]
   },
   "properties": {
    "id": "zone_56",
    "unit_type": "cluster",
    "radius_m": 494.5,
    "province": "กรุงเทพมหานคร",
    "road": "พญาไท-บางโคล่",
    "accident_count": 14,
    "deaths": 0,
    "serious_injury": 0,
    "minor_injury": 18,
    "fatal_crashes": 0,
    "injured_total": 18,
    "severity_index": 1.2857,
    "level": "medium",
    "economic_loss": 1044000,
    "epdo_million": 1.044,
    "single_count": 0,
    "multi_count": 14,
    "single_pct": 0.0,
    "multi_pct": 100.0,
    "pattern": "multiple",
    "top_cause": "ไม่ระบุ",
    "road_feature": "ทางตรง",
    "crash_pattern": "ชนท้าย",
    "road_type": "การทางพิเศษ",
    "speed_limit": 100
   }
  },
  {
   "type": "Feature",
   "geometry": {
    "type": "Point",
    "coordinates": [
     100.605118,
     13.746326
    ]
   },
   "properties": {
    "id": "zone_57",
    "unit_type": "cluster",
    "radius_m": 0.0,
    "province": "กรุงเทพมหานคร",
    "road": "รามอินทรา-อาจณรงค์",
    "accident_count": 4,
    "deaths": 0,
    "serious_injury": 0,
    "minor_injury": 0,
    "fatal_crashes": 0,
    "injured_total": 0,
    "severity_index": 0.0,
    "level": "low",
    "economic_loss": 0,
    "epdo_million": 0.0,
    "single_count": 0,
    "multi_count": 4,
    "single_pct": 0.0,
    "multi_pct": 100.0,
    "pattern": "multiple",
    "top_cause": "ไม่ระบุ",
    "road_feature": "ทางตรง",
    "crash_pattern": "ชนท้าย",
    "road_type": "การทางพิเศษ",
    "speed_limit": 100
   }
  },
  {
   "type": "Feature",
   "geometry": {
    "type": "Point",
    "coordinates": [
     100.820187,
     13.808653
    ]
   },
   "properties": {
    "id": "zone_58",
    "unit_type": "cluster",
    "radius_m": 113.4,
    "province": "กรุงเทพมหานคร",
    "road": "แยกเข้ามีนบุรี - คลองหลวงแพ่ง",
    "accident_count": 3,
    "deaths": 1,
    "serious_injury": 1,
    "minor_injury": 0,
    "fatal_crashes": 1,
    "injured_total": 1,
    "severity_index": 0.6667,
    "level": "low",
    "economic_loss": 8700000,
    "epdo_million": 8.7,
    "single_count": 2,
    "multi_count": 1,
    "single_pct": 66.7,
    "multi_pct": 33.3,
    "pattern": "single",
    "top_cause": "หลับใน",
    "road_feature": "ทางตรง+ไม่มีความลาดชัน",
    "crash_pattern": "ชนท้าย",
    "road_type": "ทางหลวง",
    "speed_limit": 90
   }
  },
  {
   "type": "Feature",
   "geometry": {
    "type": "Point",
    "coordinates": [
     100.484912,
     13.68389
    ]
   },
   "properties": {
    "id": "zone_59",
    "unit_type": "cluster",
    "radius_m": 335.0,
    "province": "กรุงเทพมหานคร",
    "road": "ดาวคะนอง - แสมดำ",
    "accident_count": 12,
    "deaths": 3,
    "serious_injury": 0,
    "minor_injury": 9,
    "fatal_crashes": 3,
    "injured_total": 9,
    "severity_index": 1.0,
    "level": "medium",
    "economic_loss": 20622000,
    "epdo_million": 20.622,
    "single_count": 3,
    "multi_count": 9,
    "single_pct": 25.0,
    "multi_pct": 75.0,
    "pattern": "multiple",
    "top_cause": "ขับรถเร็วเกินอัตรากำหนด",
    "road_feature": "ทางตรง+ไม่มีความลาดชัน",
    "crash_pattern": "ชนท้าย",
    "road_type": "ทางหลวง",
    "speed_limit": 90
   }
  },
  {
   "type": "Feature",
   "geometry": {
    "type": "Point",
    "coordinates": [
     100.550046,
     13.815761
    ]
   },
   "properties": {
    "id": "zone_60",
    "unit_type": "cluster",
    "radius_m": 617.3,
    "province": "กรุงเทพมหานคร",
    "road": "แจ้งวัฒนะ-พญาไท",
    "accident_count": 9,
    "deaths": 0,
    "serious_injury": 0,
    "minor_injury": 4,
    "fatal_crashes": 0,
    "injured_total": 4,
    "severity_index": 0.4444,
    "level": "low",
    "economic_loss": 232000,
    "epdo_million": 0.232,
    "single_count": 1,
    "multi_count": 8,
    "single_pct": 11.1,
    "multi_pct": 88.9,
    "pattern": "multiple",
    "top_cause": "ไม่ระบุ",
    "road_feature": "ทางโค้งกว้าง",
    "crash_pattern": "ชนท้าย",
    "road_type": "การทางพิเศษ",
    "speed_limit": 100
   }
  },
  {
   "type": "Feature",
   "geometry": {
    "type": "Point",
    "coordinates": [
     100.715848,
     13.812732
    ]
   },
   "properties": {
    "id": "zone_61",
    "unit_type": "cluster",
    "radius_m": 99.0,
    "province": "กรุงเทพมหานคร",
    "road": "คันนายาว - แยกเข้ามีนบุรี",
    "accident_count": 3,
    "deaths": 1,
    "serious_injury": 1,
    "minor_injury": 0,
    "fatal_crashes": 1,
    "injured_total": 1,
    "severity_index": 0.6667,
    "level": "low",
    "economic_loss": 8700000,
    "epdo_million": 8.7,
    "single_count": 2,
    "multi_count": 1,
    "single_pct": 66.7,
    "multi_pct": 33.3,
    "pattern": "single",
    "top_cause": "ขับรถเร็วเกินอัตรากำหนด",
    "road_feature": "ทางตรง+ไม่มีความลาดชัน",
    "crash_pattern": "พลิกคว่ำ/ตกถนนในทางตรง",
    "road_type": "ทางหลวง",
    "speed_limit": 90
   }
  },
  {
   "type": "Feature",
   "geometry": {
    "type": "Point",
    "coordinates": [
     100.520879,
     13.699156
    ]
   },
   "properties": {
    "id": "zone_62",
    "unit_type": "cluster",
    "radius_m": 296.6,
    "province": "กรุงเทพมหานคร",
    "road": "พญาไท-บางโคล่",
    "accident_count": 4,
    "deaths": 0,
    "serious_injury": 0,
    "minor_injury": 0,
    "fatal_crashes": 0,
    "injured_total": 0,
    "severity_index": 0.0,
    "level": "low",
    "economic_loss": 0,
    "epdo_million": 0.0,
    "single_count": 3,
    "multi_count": 1,
    "single_pct": 75.0,
    "multi_pct": 25.0,
    "pattern": "single",
    "top_cause": "ไม่ระบุ",
    "road_feature": "ทางตรง",
    "crash_pattern": "ชนด้านข้าง",
    "road_type": "การทางพิเศษ",
    "speed_limit": 100
   }
  },
  {
   "type": "Feature",
   "geometry": {
    "type": "Point",
    "coordinates": [
     100.544884,
     13.762119
    ]
   },
   "properties": {
    "id": "zone_63",
    "unit_type": "cluster",
    "radius_m": 246.3,
    "province": "กรุงเทพมหานคร",
    "road": "พญาไท-ศรีนครินทร์",
    "accident_count": 4,
    "deaths": 0,
    "serious_injury": 0,
    "minor_injury": 0,
    "fatal_crashes": 0,
    "injured_total": 0,
    "severity_index": 0.0,
    "level": "low",
    "economic_loss": 0,
    "epdo_million": 0.0,
    "single_count": 1,
    "multi_count": 3,
    "single_pct": 25.0,
    "multi_pct": 75.0,
    "pattern": "multiple",
    "top_cause": "ไม่ระบุ",
    "road_feature": "ทางตรง",
    "crash_pattern": "อื่นๆ",
    "road_type": "การทางพิเศษ",
    "speed_limit": 100
   }
  },
  {
   "type": "Feature",
   "geometry": {
    "type": "Point",
    "coordinates": [
     100.509351,
     13.807569
    ]
   },
   "properties": {
    "id": "zone_64",
    "unit_type": "cluster",
    "radius_m": 60.8,
    "province": "กรุงเทพมหานคร",
    "road": "หมอชิต-กาญจนาฯ",
    "accident_count": 4,
    "deaths": 0,
    "serious_injury": 0,
    "minor_injury": 1,
    "fatal_crashes": 0,
    "injured_total": 1,
    "severity_index": 0.25,
    "level": "low",
    "economic_loss": 58000,
    "epdo_million": 0.058,
    "single_count": 2,
    "multi_count": 2,
    "single_pct": 50.0,
    "multi_pct": 50.0,
    "pattern": "mixed",
    "top_cause": "ไม่ระบุ",
    "road_feature": "ทางตรง",
    "crash_pattern": "ชนสิ่งกีดขวาง (บนผิวจราจร)",
    "road_type": "การทางพิเศษ",
    "speed_limit": 100
   }
  },
  {
   "type": "Feature",
   "geometry": {
    "type": "Point",
    "coordinates": [
     100.551943,
     13.72949
    ]
   },
   "properties": {
    "id": "zone_65",
    "unit_type": "cluster",
    "radius_m": 267.4,
    "province": "กรุงเทพมหานคร",
    "road": "ดินแดง-ท่าเรือ",
    "accident_count": 3,
    "deaths": 0,
    "serious_injury": 0,
    "minor_injury": 1,
    "fatal_crashes": 0,
    "injured_total": 1,
    "severity_index": 0.3333,
    "level": "low",
    "economic_loss": 58000,
    "epdo_million": 0.058,
    "single_count": 1,
    "multi_count": 2,
    "single_pct": 33.3,
    "multi_pct": 66.7,
    "pattern": "multiple",
    "top_cause": "ไม่ระบุ",
    "road_feature": "ทางตรง",
    "crash_pattern": "ชนท้าย",
    "road_type": "การทางพิเศษ",
    "speed_limit": 100
   }
  },
  {
   "type": "Feature",
   "geometry": {
    "type": "Point",
    "coordinates": [
     100.642382,
     13.666252
    ]
   },
   "properties": {
    "id": "zone_66",
    "unit_type": "cluster",
    "radius_m": 394.8,
    "province": "กรุงเทพมหานคร",
    "road": "บางนา - ทางเข้าท่าอากาศยานสุวรรณภูมิ",
    "accident_count": 5,
    "deaths": 0,
    "serious_injury": 0,
    "minor_injury": 2,
    "fatal_crashes": 0,
    "injured_total": 2,
    "severity_index": 0.4,
    "level": "low",
    "economic_loss": 116000,
    "epdo_million": 0.116,
    "single_count": 2,
    "multi_count": 3,
    "single_pct": 40.0,
    "multi_pct": 60.0,
    "pattern": "multiple",
    "top_cause": "ขับรถเร็วเกินอัตรากำหนด",
    "road_feature": "ทางตรง+ไม่มีความลาดชัน",
    "crash_pattern": "ชนท้าย",
    "road_type": "ทางหลวง",
    "speed_limit": 90
   }
  },
  {
   "type": "Feature",
   "geometry": {
    "type": "Point",
    "coordinates": [
     100.625657,
     13.669504
    ]
   },
   "properties": {
    "id": "zone_67",
    "unit_type": "cluster",
    "radius_m": 169.7,
    "province": "กรุงเทพมหานคร",
    "road": "บางนา - ทางเข้าท่าอากาศยานสุวรรณภูมิ",
    "accident_count": 3,
    "deaths": 2,
    "serious_injury": 1,
    "minor_injury": 2,
    "fatal_crashes": 1,
    "injured_total": 3,
    "severity_index": 1.3333,
    "level": "medium",
    "economic_loss": 15516000,
    "epdo_million": 15.516,
    "single_count": 2,
    "multi_count": 1,
    "single_pct": 66.7,
    "multi_pct": 33.3,
    "pattern": "single",
    "top_cause": "ขับรถเร็วเกินอัตรากำหนด",
    "road_feature": "ทางตรง+ไม่มีความลาดชัน",
    "crash_pattern": "พลิกคว่ำ/ตกถนนในทางตรง",
    "road_type": "ทางหลวง",
    "speed_limit": 90
   }
  },
  {
   "type": "Feature",
   "geometry": {
    "type": "Point",
    "coordinates": [
     100.611062,
     13.93697
    ]
   },
   "properties": {
    "id": "zone_68",
    "unit_type": "cluster",
    "radius_m": 316.0,
    "province": "กรุงเทพมหานคร",
    "road": "งามวงศ์วาน - ดอนเมือง",
    "accident_count": 4,
    "deaths": 0,
    "serious_injury": 0,
    "minor_injury": 2,
    "fatal_crashes": 0,
    "injured_total": 2,
    "severity_index": 0.5,
    "level": "low",
    "economic_loss": 116000,
    "epdo_million": 0.116,
    "single_count": 2,
    "multi_count": 2,
    "single_pct": 50.0,
    "multi_pct": 50.0,
    "pattern": "mixed",
    "top_cause": "ขับรถเร็วเกินอัตรากำหนด",
    "road_feature": "ทางตรง+ไม่มีความลาดชัน",
    "crash_pattern": "ชนท้าย",
    "road_type": "ทางหลวง",
    "speed_limit": 90
   }
  },
  {
   "type": "Feature",
   "geometry": {
    "type": "Point",
    "coordinates": [
     100.725531,
     13.81843
    ]
   },
   "properties": {
    "id": "zone_69",
    "unit_type": "cluster",
    "radius_m": 216.7,
    "province": "กรุงเทพมหานคร",
    "road": "แยกเข้ามีนบุรี - คลองหลวงแพ่ง",
    "accident_count": 3,
    "deaths": 0,
    "serious_injury": 2,
    "minor_injury": 0,
    "fatal_crashes": 0,
    "injured_total": 2,
    "severity_index": 0.6667,
    "level": "low",
    "economic_loss": 4000000,
    "epdo_million": 4.0,
    "single_count": 3,
    "multi_count": 0,
    "single_pct": 100.0,
    "multi_pct": 0.0,
    "pattern": "single",
    "top_cause": "ขับรถเร็วเกินอัตรากำหนด",
    "road_feature": "ทางโค้งกว้าง+ไม่มีความลาดชัน",
    "crash_pattern": "พลิกคว่ำ/ตกถนนในทางตรง",
    "road_type": "ทางหลวง",
    "speed_limit": 90
   }
  },
  {
   "type": "Feature",
   "geometry": {
    "type": "Point",
    "coordinates": [
     100.489338,
     13.620593
    ]
   },
   "properties": {
    "id": "zone_70",
    "unit_type": "cluster",
    "radius_m": 297.3,
    "province": "กรุงเทพมหานคร",
    "road": "พระประแดง - บางแค",
    "accident_count": 3,
    "deaths": 0,
    "serious_injury": 0,
    "minor_injury": 4,
    "fatal_crashes": 0,
    "injured_total": 4,
    "severity_index": 1.3333,
    "level": "medium",
    "economic_loss": 232000,
    "epdo_million": 0.232,
    "single_count": 1,
    "multi_count": 2,
    "single_pct": 33.3,
    "multi_pct": 66.7,
    "pattern": "multiple",
    "top_cause": "ขับรถเร็วเกินอัตรากำหนด",
    "road_feature": "ทางตรง+ไม่มีความลาดชัน",
    "crash_pattern": "พลิกคว่ำ/ตกถนนในทางตรง",
    "road_type": "ทางหลวง",
    "speed_limit": 90
   }
  },
  {
   "type": "Feature",
   "geometry": {
    "type": "Point",
    "coordinates": [
     100.923101,
     13.809884
    ]
   },
   "properties": {
    "id": "zone_71",
    "unit_type": "cluster",
    "radius_m": 143.5,
    "province": "กรุงเทพมหานคร",
    "road": "แยกเข้ามีนบุรี - คลองหลวงแพ่ง",
    "accident_count": 3,
    "deaths": 0,
    "serious_injury": 0,
    "minor_injury": 0,
    "fatal_crashes": 0,
    "injured_total": 0,
    "severity_index": 0.0,
    "level": "low",
    "economic_loss": 0,
    "epdo_million": 0.0,
    "single_count": 3,
    "multi_count": 0,
    "single_pct": 100.0,
    "multi_pct": 0.0,
    "pattern": "single",
    "top_cause": "หลับใน",
    "road_feature": "ทางตรง+ไม่มีความลาดชัน",
    "crash_pattern": "พลิกคว่ำ/ตกถนนในทางตรง",
    "road_type": "ทางหลวง",
    "speed_limit": 90
   }
  },
  {
   "type": "Feature",
   "geometry": {
    "type": "Point",
    "coordinates": [
     100.604022,
     13.721163
    ]
   },
   "properties": {
    "id": "zone_72",
    "unit_type": "cluster",
    "radius_m": 291.9,
    "province": "กรุงเทพมหานคร",
    "road": "รามอินทรา-อาจณรงค์",
    "accident_count": 6,
    "deaths": 0,
    "serious_injury": 0,
    "minor_injury": 1,
    "fatal_crashes": 0,
    "injured_total": 1,
    "severity_index": 0.1667,
    "level": "low",
    "economic_loss": 58000,
    "epdo_million": 0.058,
    "single_count": 4,
    "multi_count": 2,
    "single_pct": 66.7,
    "multi_pct": 33.3,
    "pattern": "single",
    "top_cause": "ไม่ระบุ",
    "road_feature": "ทางโค้งกว้าง",
    "crash_pattern": "ชนสิ่งกีดขวาง (บนผิวจราจร)",
    "road_type": "การทางพิเศษ",
    "speed_limit": 100
   }
  },
  {
   "type": "Feature",
   "geometry": {
    "type": "Point",
    "coordinates": [
     100.394515,
     13.791208
    ]
   },
   "properties": {
    "id": "zone_73",
    "unit_type": "cluster",
    "radius_m": 315.5,
    "province": "กรุงเทพมหานคร",
    "road": "อรุณอมรินทร์ - พุทธมณฑลสาย4",
    "accident_count": 5,
    "deaths": 0,
    "serious_injury": 1,
    "minor_injury": 9,
    "fatal_crashes": 0,
    "injured_total": 10,
    "severity_index": 2.0,
    "level": "high",
    "economic_loss": 2522000,
    "epdo_million": 2.522,
    "single_count": 2,
    "multi_count": 3,
    "single_pct": 40.0,
    "multi_pct": 60.0,
    "pattern": "multiple",
    "top_cause": "ขับรถเร็วเกินอัตรากำหนด",
    "road_feature": "ทางตรง+ไม่มีความลาดชัน",
    "crash_pattern": "พลิกคว่ำ/ตกถนนในทางตรง",
    "road_type": "ทางหลวง",
    "speed_limit": 90
   }
  },
  {
   "type": "Feature",
   "geometry": {
    "type": "Point",
    "coordinates": [
     100.536813,
     13.821531
    ]
   },
   "properties": {
    "id": "zone_74",
    "unit_type": "cluster",
    "radius_m": 84.6,
    "province": "กรุงเทพมหานคร",
    "road": "หมอชิต-กาญจนาฯ",
    "accident_count": 5,
    "deaths": 0,
    "serious_injury": 0,
    "minor_injury": 0,
    "fatal_crashes": 0,
    "injured_total": 0,
    "severity_index": 0.0,
    "level": "low",
    "economic_loss": 0,
    "epdo_million": 0.0,
    "single_count": 5,
    "multi_count": 0,
    "single_pct": 100.0,
    "multi_pct": 0.0,
    "pattern": "single",
    "top_cause": "ไม่ระบุ",
    "road_feature": "ทางตรง",
    "crash_pattern": "พลิกคว่ำ/ตกถนนในทางตรง",
    "road_type": "การทางพิเศษ",
    "speed_limit": 100
   }
  },
  {
   "type": "Feature",
   "geometry": {
    "type": "Point",
    "coordinates": [
     100.52068,
     13.686156
    ]
   },
   "properties": {
    "id": "zone_75",
    "unit_type": "cluster",
    "radius_m": 340.8,
    "province": "กรุงเทพมหานคร",
    "road": "ดาวคะนอง-ท่าเรือ",
    "accident_count": 3,
    "deaths": 0,
    "serious_injury": 0,
    "minor_injury": 5,
    "fatal_crashes": 0,
    "injured_total": 5,
    "severity_index": 1.6667,
    "level": "medium",
    "economic_loss": 290000,
    "epdo_million": 0.29,
    "single_count": 0,
    "multi_count": 3,
    "single_pct": 0.0,
    "multi_pct": 100.0,
    "pattern": "multiple",
    "top_cause": "ไม่ระบุ",
    "road_feature": "ทางแยกต่างระดับ/Ramps",
    "crash_pattern": "ชนท้าย",
    "road_type": "การทางพิเศษ",
    "speed_limit": 100
   }
  },
  {
   "type": "Feature",
   "geometry": {
    "type": "Point",
    "coordinates": [
     100.520102,
     13.740794
    ]
   },
   "properties": {
    "id": "zone_76",
    "unit_type": "cluster",
    "radius_m": 170.4,
    "province": "กรุงเทพมหานคร",
    "road": "พญาไท-บางโคล่",
    "accident_count": 3,
    "deaths": 0,
    "serious_injury": 0,
    "minor_injury": 2,
    "fatal_crashes": 0,
    "injured_total": 2,
    "severity_index": 0.6667,
    "level": "low",
    "economic_loss": 116000,
    "epdo_million": 0.116,
    "single_count": 0,
    "multi_count": 3,
    "single_pct": 0.0,
    "multi_pct": 100.0,
    "pattern": "multiple",
    "top_cause": "ไม่ระบุ",
    "road_feature": "ทางตรง",
    "crash_pattern": "ชนท้าย",
    "road_type": "การทางพิเศษ",
    "speed_limit": 100
   }
  },
  {
   "type": "Feature",
   "geometry": {
    "type": "Point",
    "coordinates": [
     100.699139,
     13.672985
    ]
   },
   "properties": {
    "id": "zone_77",
    "unit_type": "cluster",
    "radius_m": 677.9,
    "province": "กรุงเทพมหานคร",
    "road": "แขวงรามอินทรา - บางพลี",
    "accident_count": 11,
    "deaths": 0,
    "serious_injury": 0,
    "minor_injury": 4,
    "fatal_crashes": 0,
    "injured_total": 4,
    "severity_index": 0.3636,
    "level": "low",
    "economic_loss": 232000,
    "epdo_million": 0.232,
    "single_count": 2,
    "multi_count": 9,
    "single_pct": 18.2,
    "multi_pct": 81.8,
    "pattern": "multiple",
    "top_cause": "ขับรถเร็วเกินอัตรากำหนด",
    "road_feature": "ทางตรง+ไม่มีความลาดชัน",
    "crash_pattern": "ชนท้าย",
    "road_type": "ทางหลวง",
    "speed_limit": 90
   }
  },
  {
   "type": "Feature",
   "geometry": {
    "type": "Point",
    "coordinates": [
     100.591856,
     13.9026
    ]
   },
   "properties": {
    "id": "zone_78",
    "unit_type": "cluster",
    "radius_m": 225.5,
    "province": "กรุงเทพมหานคร",
    "road": "งามวงศ์วาน - ดอนเมือง",
    "accident_count": 3,
    "deaths": 1,
    "serious_injury": 0,
    "minor_injury": 0,
    "fatal_crashes": 1,
    "injured_total": 0,
    "severity_index": 0.3333,
    "level": "low",
    "economic_loss": 6700000,
    "epdo_million": 6.7,
    "single_count": 3,
    "multi_count": 0,
    "single_pct": 100.0,
    "multi_pct": 0.0,
    "pattern": "single",
    "top_cause": "ไม่คุ้นเคยเส้นทาง/ขับรถไม่ชำนาญ",
    "road_feature": "ทางตรง+ไม่มีความลาดชัน",
    "crash_pattern": "พลิกคว่ำ/ตกถนนในทางตรง",
    "road_type": "ทางหลวง",
    "speed_limit": 90
   }
  },
  {
   "type": "Feature",
   "geometry": {
    "type": "Point",
    "coordinates": [
     100.548243,
     13.807502
    ]
   },
   "properties": {
    "id": "zone_79",
    "unit_type": "cluster",
    "radius_m": 235.5,
    "province": "กรุงเทพมหานคร",
    "road": "แจ้งวัฒนะ-พญาไท",
    "accident_count": 3,
    "deaths": 0,
    "serious_injury": 0,
    "minor_injury": 0,
    "fatal_crashes": 0,
    "injured_total": 0,
    "severity_index": 0.0,
    "level": "low",
    "economic_loss": 0,
    "epdo_million": 0.0,
    "single_count": 0,
    "multi_count": 3,
    "single_pct": 0.0,
    "multi_pct": 100.0,
    "pattern": "multiple",
    "top_cause": "ไม่ระบุ",
    "road_feature": "ทางตรง",
    "crash_pattern": "ชนท้าย",
    "road_type": "การทางพิเศษ",
    "speed_limit": 100
   }
  },
  {
   "type": "Feature",
   "geometry": {
    "type": "Point",
    "coordinates": [
     100.522732,
     13.752961
    ]
   },
   "properties": {
    "id": "zone_80",
    "unit_type": "cluster",
    "radius_m": 233.7,
    "province": "กรุงเทพมหานคร",
    "road": "พญาไท-บางโคล่",
    "accident_count": 3,
    "deaths": 0,
    "serious_injury": 0,
    "minor_injury": 0,
    "fatal_crashes": 0,
    "injured_total": 0,
    "severity_index": 0.0,
    "level": "low",
    "economic_loss": 0,
    "epdo_million": 0.0,
    "single_count": 3,
    "multi_count": 0,
    "single_pct": 100.0,
    "multi_pct": 0.0,
    "pattern": "single",
    "top_cause": "ไม่ระบุ",
    "road_feature": "ทางตรง",
    "crash_pattern": "ชนสิ่งกีดขวาง (บนผิวจราจร)",
    "road_type": "การทางพิเศษ",
    "speed_limit": 100
   }
  },
  {
   "type": "Feature",
   "geometry": {
    "type": "Point",
    "coordinates": [
     100.590248,
     13.702369
    ]
   },
   "properties": {
    "id": "zone_81",
    "unit_type": "cluster",
    "radius_m": 160.6,
    "province": "กรุงเทพมหานคร",
    "road": "บางนา-ท่าเรือ",
    "accident_count": 3,
    "deaths": 0,
    "serious_injury": 0,
    "minor_injury": 3,
    "fatal_crashes": 0,
    "injured_total": 3,
    "severity_index": 1.0,
    "level": "medium",
    "economic_loss": 174000,
    "epdo_million": 0.174,
    "single_count": 2,
    "multi_count": 1,
    "single_pct": 66.7,
    "multi_pct": 33.3,
    "pattern": "single",
    "top_cause": "ไม่ระบุ",
    "road_feature": "ทางตรง",
    "crash_pattern": "อื่นๆ",
    "road_type": "การทางพิเศษ",
    "speed_limit": 100
   }
  },
  {
   "type": "Feature",
   "geometry": {
    "type": "Point",
    "coordinates": [
     100.565726,
     13.752913
    ]
   },
   "properties": {
    "id": "zone_82",
    "unit_type": "cluster",
    "radius_m": 414.1,
    "province": "กรุงเทพมหานคร",
    "road": "พญาไท-ศรีนครินทร์",
    "accident_count": 4,
    "deaths": 0,
    "serious_injury": 0,
    "minor_injury": 3,
    "fatal_crashes": 0,
    "injured_total": 3,
    "severity_index": 0.75,
    "level": "low",
    "economic_loss": 174000,
    "epdo_million": 0.174,
    "single_count": 1,
    "multi_count": 3,
    "single_pct": 25.0,
    "multi_pct": 75.0,
    "pattern": "multiple",
    "top_cause": "ไม่ระบุ",
    "road_feature": "ทางตรง",
    "crash_pattern": "อื่นๆ",
    "road_type": "การทางพิเศษ",
    "speed_limit": 100
   }
  },
  {
   "type": "Feature",
   "geometry": {
    "type": "Point",
    "coordinates": [
     100.517701,
     13.724567
    ]
   },
   "properties": {
    "id": "zone_83",
    "unit_type": "cluster",
    "radius_m": 246.8,
    "province": "กรุงเทพมหานคร",
    "road": "พญาไท-บางโคล่",
    "accident_count": 5,
    "deaths": 0,
    "serious_injury": 0,
    "minor_injury": 0,
    "fatal_crashes": 0,
    "injured_total": 0,
    "severity_index": 0.0,
    "level": "low",
    "economic_loss": 0,
    "epdo_million": 0.0,
    "single_count": 1,
    "multi_count": 4,
    "single_pct": 20.0,
    "multi_pct": 80.0,
    "pattern": "multiple",
    "top_cause": "ไม่ระบุ",
    "road_feature": "ทางตรง",
    "crash_pattern": "ชนท้าย",
    "road_type": "การทางพิเศษ",
    "speed_limit": 100
   }
  },
  {
   "type": "Feature",
   "geometry": {
    "type": "Point",
    "coordinates": [
     100.503237,
     13.801946
    ]
   },
   "properties": {
    "id": "zone_84",
    "unit_type": "cluster",
    "radius_m": 151.5,
    "province": "กรุงเทพมหานคร",
    "road": "หมอชิต-กาญจนาฯ",
    "accident_count": 7,
    "deaths": 0,
    "serious_injury": 0,
    "minor_injury": 1,
    "fatal_crashes": 0,
    "injured_total": 1,
    "severity_index": 0.1429,
    "level": "low",
    "economic_loss": 58000,
    "epdo_million": 0.058,
    "single_count": 6,
    "multi_count": 1,
    "single_pct": 85.7,
    "multi_pct": 14.3,
    "pattern": "single",
    "top_cause": "ไม่ระบุ",
    "road_feature": "ทางตรง",
    "crash_pattern": "ชนสิ่งกีดขวาง (บนผิวจราจร)",
    "road_type": "การทางพิเศษ",
    "speed_limit": 100
   }
  },
  {
   "type": "Feature",
   "geometry": {
    "type": "Point",
    "coordinates": [
     100.570724,
     13.712847
    ]
   },
   "properties": {
    "id": "zone_85",
    "unit_type": "cluster",
    "radius_m": 0.0,
    "province": "กรุงเทพมหานคร",
    "road": "บางนา-ท่าเรือ",
    "accident_count": 4,
    "deaths": 0,
    "serious_injury": 0,
    "minor_injury": 0,
    "fatal_crashes": 0,
    "injured_total": 0,
    "severity_index": 0.0,
    "level": "low",
    "economic_loss": 0,
    "epdo_million": 0.0,
    "single_count": 0,
    "multi_count": 4,
    "single_pct": 0.0,
    "multi_pct": 100.0,
    "pattern": "multiple",
    "top_cause": "ไม่ระบุ",
    "road_feature": "ทางตรง",
    "crash_pattern": "ชนท้าย",
    "road_type": "การทางพิเศษ",
    "speed_limit": 100
   }
  },
  {
   "type": "Feature",
   "geometry": {
    "type": "Point",
    "coordinates": [
     100.631529,
     13.742199
    ]
   },
   "properties": {
    "id": "zone_86",
    "unit_type": "cluster",
    "radius_m": 0.0,
    "province": "กรุงเทพมหานคร",
    "road": "พญาไท-ศรีนครินทร์",
    "accident_count": 4,
    "deaths": 0,
    "serious_injury": 0,
    "minor_injury": 0,
    "fatal_crashes": 0,
    "injured_total": 0,
    "severity_index": 0.0,
    "level": "low",
    "economic_loss": 0,
    "epdo_million": 0.0,
    "single_count": 0,
    "multi_count": 4,
    "single_pct": 0.0,
    "multi_pct": 100.0,
    "pattern": "multiple",
    "top_cause": "ไม่ระบุ",
    "road_feature": "ทางตรง",
    "crash_pattern": "ชนท้าย",
    "road_type": "การทางพิเศษ",
    "speed_limit": 100
   }
  },
  {
   "type": "Feature",
   "geometry": {
    "type": "Point",
    "coordinates": [
     100.5404,
     13.831845
    ]
   },
   "properties": {
    "id": "zone_87",
    "unit_type": "cluster",
    "radius_m": 33.4,
    "province": "กรุงเทพมหานคร",
    "road": "แจ้งวัฒนะ-พญาไท",
    "accident_count": 6,
    "deaths": 1,
    "serious_injury": 0,
    "minor_injury": 0,
    "fatal_crashes": 1,
    "injured_total": 0,
    "severity_index": 0.1667,
    "level": "low",
    "economic_loss": 6700000,
    "epdo_million": 6.7,
    "single_count": 0,
    "multi_count": 6,
    "single_pct": 0.0,
    "multi_pct": 100.0,
    "pattern": "multiple",
    "top_cause": "ไม่ระบุ",
    "road_feature": "ทางตรง",
    "crash_pattern": "ชนด้านข้าง",
    "road_type": "การทางพิเศษ",
    "speed_limit": 100
   }
  },
  {
   "type": "Feature",
   "geometry": {
    "type": "Point",
    "coordinates": [
     100.544328,
     13.94489
    ]
   },
   "properties": {
    "id": "zone_88",
    "unit_type": "cluster",
    "radius_m": 248.0,
    "province": "นนทบุรี",
    "road": "แคราย - คลองบ้านใหม่",
    "accident_count": 5,
    "deaths": 0,
    "serious_injury": 0,
    "minor_injury": 1,
    "fatal_crashes": 0,
    "injured_total": 1,
    "severity_index": 0.2,
    "level": "low",
    "economic_loss": 58000,
    "epdo_million": 0.058,
    "single_count": 4,
    "multi_count": 1,
    "single_pct": 80.0,
    "multi_pct": 20.0,
    "pattern": "single",
    "top_cause": "ขับรถเร็วเกินอัตรากำหนด",
    "road_feature": "ทางตรง+ไม่มีความลาดชัน",
    "crash_pattern": "พลิกคว่ำ/ตกถนนในทางตรง",
    "road_type": "ทางหลวง",
    "speed_limit": 90
   }
  },
  {
   "type": "Feature",
   "geometry": {
    "type": "Point",
    "coordinates": [
     100.413795,
     13.92652
    ]
   },
   "properties": {
    "id": "zone_89",
    "unit_type": "cluster",
    "radius_m": 573.3,
    "province": "นนทบุรี",
    "road": "คลองบางไผ่ - คลองบางหลวง",
    "accident_count": 5,
    "deaths": 0,
    "serious_injury": 0,
    "minor_injury": 3,
    "fatal_crashes": 0,
    "injured_total": 3,
    "severity_index": 0.6,
    "level": "low",
    "economic_loss": 174000,
    "epdo_million": 0.174,
    "single_count": 4,
    "multi_count": 1,
    "single_pct": 80.0,
    "multi_pct": 20.0,
    "pattern": "single",
    "top_cause": "ขับรถเร็วเกินอัตรากำหนด",
    "road_feature": "ทางตรง+ไม่มีความลาดชัน",
    "crash_pattern": "พลิกคว่ำ/ตกถนนในทางตรง",
    "road_type": "ทางหลวง",
    "speed_limit": 90
   }
  },
  {
   "type": "Feature",
   "geometry": {
    "type": "Point",
    "coordinates": [
     100.533473,
     13.847944
    ]
   },
   "properties": {
    "id": "zone_90",
    "unit_type": "cluster",
    "radius_m": 472.3,
    "province": "นนทบุรี",
    "road": "แจ้งวัฒนะ-พญาไท",
    "accident_count": 6,
    "deaths": 0,
    "serious_injury": 0,
    "minor_injury": 2,
    "fatal_crashes": 0,
    "injured_total": 2,
    "severity_index": 0.3333,
    "level": "low",
    "economic_loss": 116000,
    "epdo_million": 0.116,
    "single_count": 1,
    "multi_count": 5,
    "single_pct": 16.7,
    "multi_pct": 83.3,
    "pattern": "multiple",
    "top_cause": "ไม่ระบุ",
    "road_feature": "ทางตรง",
    "crash_pattern": "ชนด้านข้าง",
    "road_type": "การทางพิเศษ",
    "speed_limit": 100
   }
  },
  {
   "type": "Feature",
   "geometry": {
    "type": "Point",
    "coordinates": [
     100.536505,
     13.878131
    ]
   },
   "properties": {
    "id": "zone_91",
    "unit_type": "cluster",
    "radius_m": 41.8,
    "province": "นนทบุรี",
    "road": "แจ้งวัฒนะ-พญาไท",
    "accident_count": 5,
    "deaths": 0,
    "serious_injury": 0,
    "minor_injury": 0,
    "fatal_crashes": 0,
    "injured_total": 0,
    "severity_index": 0.0,
    "level": "low",
    "economic_loss": 0,
    "epdo_million": 0.0,
    "single_count": 4,
    "multi_count": 1,
    "single_pct": 80.0,
    "multi_pct": 20.0,
    "pattern": "single",
    "top_cause": "ไม่ระบุ",
    "road_feature": "ทางโค้งกว้าง",
    "crash_pattern": "ชนสิ่งกีดขวาง (บนผิวจราจร)",
    "road_type": "การทางพิเศษ",
    "speed_limit": 100
   }
  },
  {
   "type": "Feature",
   "geometry": {
    "type": "Point",
    "coordinates": [
     100.514634,
     13.859955
    ]
   },
   "properties": {
    "id": "zone_92",
    "unit_type": "cluster",
    "radius_m": 167.8,
    "province": "นนทบุรี",
    "road": "แยกพงษ์เพชร - สะพานพระนั่งเกล้า",
    "accident_count": 6,
    "deaths": 0,
    "serious_injury": 0,
    "minor_injury": 0,
    "fatal_crashes": 0,
    "injured_total": 0,
    "severity_index": 0.0,
    "level": "low",
    "economic_loss": 0,
    "epdo_million": 0.0,
    "single_count": 6,
    "multi_count": 0,
    "single_pct": 100.0,
    "multi_pct": 0.0,
    "pattern": "single",
    "top_cause": "ขับรถเร็วเกินอัตรากำหนด",
    "road_feature": "ทางตรง+ไม่มีความลาดชัน",
    "crash_pattern": "พลิกคว่ำ/ตกถนนในทางตรง",
    "road_type": "ทางหลวง",
    "speed_limit": 90
   }
  },
  {
   "type": "Feature",
   "geometry": {
    "type": "Point",
    "coordinates": [
     100.408187,
     13.893765
    ]
   },
   "properties": {
    "id": "zone_93",
    "unit_type": "cluster",
    "radius_m": 104.1,
    "province": "นนทบุรี",
    "road": "คลองบางไผ่ - คลองบางหลวง",
    "accident_count": 3,
    "deaths": 0,
    "serious_injury": 0,
    "minor_injury": 1,
    "fatal_crashes": 0,
    "injured_total": 1,
    "severity_index": 0.3333,
    "level": "low",
    "economic_loss": 58000,
    "epdo_million": 0.058,
    "single_count": 2,
    "multi_count": 1,
    "single_pct": 66.7,
    "multi_pct": 33.3,
    "pattern": "single",
    "top_cause": "ขับรถเร็วเกินอัตรากำหนด",
    "road_feature": "ทางตรง+ไม่มีความลาดชัน",
    "crash_pattern": "พลิกคว่ำ/ตกถนนในทางตรง",
    "road_type": "ทางหลวง",
    "speed_limit": 90
   }
  },
  {
   "type": "Feature",
   "geometry": {
    "type": "Point",
    "coordinates": [
     100.552339,
     13.926002
    ]
   },
   "properties": {
    "id": "zone_94",
    "unit_type": "cluster",
    "radius_m": 85.2,
    "province": "นนทบุรี",
    "road": "บางปะอิน-แจ้งวัฒนะ",
    "accident_count": 5,
    "deaths": 0,
    "serious_injury": 0,
    "minor_injury": 4,
    "fatal_crashes": 0,
    "injured_total": 4,
    "severity_index": 0.8,
    "level": "low",
    "economic_loss": 232000,
    "epdo_million": 0.232,
    "single_count": 1,
    "multi_count": 4,
    "single_pct": 20.0,
    "multi_pct": 80.0,
    "pattern": "multiple",
    "top_cause": "ไม่ระบุ",
    "road_feature": "ทางตรง",
    "crash_pattern": "ชนด้านข้าง",
    "road_type": "การทางพิเศษ",
    "speed_limit": 100
   }
  },
  {
   "type": "Feature",
   "geometry": {
    "type": "Point",
    "coordinates": [
     100.544116,
     13.908903
    ]
   },
   "properties": {
    "id": "zone_95",
    "unit_type": "cluster",
    "radius_m": 271.0,
    "province": "นนทบุรี",
    "road": "บางปะอิน-แจ้งวัฒนะ",
    "accident_count": 3,
    "deaths": 0,
    "serious_injury": 0,
    "minor_injury": 0,
    "fatal_crashes": 0,
    "injured_total": 0,
    "severity_index": 0.0,
    "level": "low",
    "economic_loss": 0,
    "epdo_million": 0.0,
    "single_count": 2,
    "multi_count": 1,
    "single_pct": 66.7,
    "multi_pct": 33.3,
    "pattern": "single",
    "top_cause": "ไม่ระบุ",
    "road_feature": "ทางตรง",
    "crash_pattern": "ชนท้าย",
    "road_type": "การทางพิเศษ",
    "speed_limit": 100
   }
  },
  {
   "type": "Feature",
   "geometry": {
    "type": "Point",
    "coordinates": [
     100.248669,
     14.160692
    ]
   },
   "properties": {
    "id": "zone_96",
    "unit_type": "cluster",
    "radius_m": 0.0,
    "province": "นครปฐม",
    "road": "ลาดบัวหลวง - สองพี่น้อง",
    "accident_count": 3,
    "deaths": 0,
    "serious_injury": 0,
    "minor_injury": 0,
    "fatal_crashes": 0,
    "injured_total": 0,
    "severity_index": 0.0,
    "level": "low",
    "economic_loss": 0,
    "epdo_million": 0.0,
    "single_count": 2,
    "multi_count": 1,
    "single_pct": 66.7,
    "multi_pct": 33.3,
    "pattern": "single",
    "top_cause": "ขับรถเร็วเกินอัตรากำหนด",
    "road_feature": "ไม่ระบุ",
    "crash_pattern": "พลิกคว่ำ/ตกถนนในทางตรง",
    "road_type": "ทางหลวง",
    "speed_limit": 90
   }
  },
  {
   "type": "Feature",
   "geometry": {
    "type": "Point",
    "coordinates": [
     100.203297,
     13.770347
    ]
   },
   "properties": {
    "id": "zone_97",
    "unit_type": "cluster",
    "radius_m": 175.3,
    "province": "นครปฐม",
    "road": "พุทธมณฑลสาย4 - นครชัยศรี",
    "accident_count": 3,
    "deaths": 0,
    "serious_injury": 0,
    "minor_injury": 0,
    "fatal_crashes": 0,
    "injured_total": 0,
    "severity_index": 0.0,
    "level": "low",
    "economic_loss": 0,
    "epdo_million": 0.0,
    "single_count": 3,
    "multi_count": 0,
    "single_pct": 100.0,
    "multi_pct": 0.0,
    "pattern": "single",
    "top_cause": "สูญเสียการควบคุม",
    "road_feature": "ทางตรง+ไม่มีความลาดชัน",
    "crash_pattern": "พลิกคว่ำ/ตกถนนในทางตรง",
    "road_type": "ทางหลวง",
    "speed_limit": 90
   }
  },
  {
   "type": "Feature",
   "geometry": {
    "type": "Point",
    "coordinates": [
     100.903486,
     14.080527
    ]
   },
   "properties": {
    "id": "zone_98",
    "unit_type": "cluster",
    "radius_m": 259.9,
    "province": "ปทุมธานี",
    "road": "วัดนาบุญ - คลอง14",
    "accident_count": 3,
    "deaths": 0,
    "serious_injury": 0,
    "minor_injury": 5,
    "fatal_crashes": 0,
    "injured_total": 5,
    "severity_index": 1.6667,
    "level": "medium",
    "economic_loss": 290000,
    "epdo_million": 0.29,
    "single_count": 1,
    "multi_count": 2,
    "single_pct": 33.3,
    "multi_pct": 66.7,
    "pattern": "multiple",
    "top_cause": "ขับรถเร็วเกินอัตรากำหนด",
    "road_feature": "ทางตรง+ไม่มีความลาดชัน",
    "crash_pattern": "ชนท้าย",
    "road_type": "ทางหลวง",
    "speed_limit": 90
   }
  },
  {
   "type": "Feature",
   "geometry": {
    "type": "Point",
    "coordinates": [
     100.703773,
     14.012723
    ]
   },
   "properties": {
    "id": "zone_99",
    "unit_type": "cluster",
    "radius_m": 2980.2,
    "province": "ปทุมธานี",
    "road": "บางปะอิน - แขวงรามอินทรา",
    "accident_count": 78,
    "deaths": 0,
    "serious_injury": 0,
    "minor_injury": 45,
    "fatal_crashes": 0,
    "injured_total": 45,
    "severity_index": 0.5769,
    "level": "low",
    "economic_loss": 2610000,
    "epdo_million": 2.61,
    "single_count": 30,
    "multi_count": 48,
    "single_pct": 38.5,
    "multi_pct": 61.5,
    "pattern": "multiple",
    "top_cause": "ขับรถเร็วเกินอัตรากำหนด",
    "road_feature": "ทางตรง+ไม่มีความลาดชัน",
    "crash_pattern": "ชนท้าย",
    "road_type": "ทางหลวง",
    "speed_limit": 90
   }
  },
  {
   "type": "Feature",
   "geometry": {
    "type": "Point",
    "coordinates": [
     100.696731,
     14.065214
    ]
   },
   "properties": {
    "id": "zone_100",
    "unit_type": "cluster",
    "radius_m": 1850.0,
    "province": "ปทุมธานี",
    "road": "บางปะอิน - แขวงรามอินทรา",
    "accident_count": 43,
    "deaths": 0,
    "serious_injury": 4,
    "minor_injury": 17,
    "fatal_crashes": 0,
    "injured_total": 21,
    "severity_index": 0.4884,
    "level": "low",
    "economic_loss": 8986000,
    "epdo_million": 8.986,
    "single_count": 8,
    "multi_count": 35,
    "single_pct": 18.6,
    "multi_pct": 81.4,
    "pattern": "multiple",
    "top_cause": "ขับรถเร็วเกินอัตรากำหนด",
    "road_feature": "ทางตรง+ไม่มีความลาดชัน",
    "crash_pattern": "ชนท้าย",
    "road_type": "ทางหลวง",
    "speed_limit": 90
   }
  },
  {
   "type": "Feature",
   "geometry": {
    "type": "Point",
    "coordinates": [
     100.766724,
     13.941224
    ]
   },
   "properties": {
    "id": "zone_101",
    "unit_type": "cluster",
    "radius_m": 136.7,
    "province": "ปทุมธานี",
    "road": "ลำลูกกา - คลอง16",
    "accident_count": 4,
    "deaths": 1,
    "serious_injury": 0,
    "minor_injury": 3,
    "fatal_crashes": 1,
    "injured_total": 3,
    "severity_index": 1.0,
    "level": "medium",
    "economic_loss": 6874000,
    "epdo_million": 6.874,
    "single_count": 2,
    "multi_count": 2,
    "single_pct": 50.0,
    "multi_pct": 50.0,
    "pattern": "mixed",
    "top_cause": "ขับรถเร็วเกินอัตรากำหนด",
    "road_feature": "ทางตรง+ไม่มีความลาดชัน",
    "crash_pattern": "พลิกคว่ำ/ตกถนนในทางตรง",
    "road_type": "ทางหลวง",
    "speed_limit": 90
   }
  },
  {
   "type": "Feature",
   "geometry": {
    "type": "Point",
    "coordinates": [
     100.441613,
     13.985297
    ]
   },
   "properties": {
    "id": "zone_102",
    "unit_type": "cluster",
    "radius_m": 351.0,
    "province": "ปทุมธานี",
    "road": "คลองบางไผ่ - คลองบางหลวง",
    "accident_count": 3,
    "deaths": 0,
    "serious_injury": 0,
    "minor_injury": 0,
    "fatal_crashes": 0,
    "injured_total": 0,
    "severity_index": 0.0,
    "level": "low",
    "economic_loss": 0,
    "epdo_million": 0.0,
    "single_count": 3,
    "multi_count": 0,
    "single_pct": 100.0,
    "multi_pct": 0.0,
    "pattern": "single",
    "top_cause": "ขับรถเร็วเกินอัตรากำหนด",
    "road_feature": "ทางตรง+ไม่มีความลาดชัน",
    "crash_pattern": "พลิกคว่ำ/ตกถนนในทางตรง",
    "road_type": "ทางหลวง",
    "speed_limit": 90
   }
  },
  {
   "type": "Feature",
   "geometry": {
    "type": "Point",
    "coordinates": [
     100.754599,
     13.936963
    ]
   },
   "properties": {
    "id": "zone_103",
    "unit_type": "cluster",
    "radius_m": 425.8,
    "province": "ปทุมธานี",
    "road": "ลำลูกกา - คลอง16",
    "accident_count": 4,
    "deaths": 0,
    "serious_injury": 0,
    "minor_injury": 4,
    "fatal_crashes": 0,
    "injured_total": 4,
    "severity_index": 1.0,
    "level": "medium",
    "economic_loss": 232000,
    "epdo_million": 0.232,
    "single_count": 3,
    "multi_count": 1,
    "single_pct": 75.0,
    "multi_pct": 25.0,
    "pattern": "single",
    "top_cause": "ขับรถเร็วเกินอัตรากำหนด",
    "road_feature": "ทางตรง+ไม่มีความลาดชัน",
    "crash_pattern": "พลิกคว่ำ/ตกถนนในทางตรง",
    "road_type": "ทางหลวง",
    "speed_limit": 90
   }
  },
  {
   "type": "Feature",
   "geometry": {
    "type": "Point",
    "coordinates": [
     100.578422,
     14.087134
    ]
   },
   "properties": {
    "id": "zone_104",
    "unit_type": "cluster",
    "radius_m": 176.9,
    "province": "ปทุมธานี",
    "road": "บางปะอิน-แจ้งวัฒนะ",
    "accident_count": 4,
    "deaths": 0,
    "serious_injury": 0,
    "minor_injury": 3,
    "fatal_crashes": 0,
    "injured_total": 3,
    "severity_index": 0.75,
    "level": "low",
    "economic_loss": 174000,
    "epdo_million": 0.174,
    "single_count": 3,
    "multi_count": 1,
    "single_pct": 75.0,
    "multi_pct": 25.0,
    "pattern": "single",
    "top_cause": "ไม่ระบุ",
    "road_feature": "ทางตรง",
    "crash_pattern": "อื่นๆ",
    "road_type": "การทางพิเศษ",
    "speed_limit": 100
   }
  },
  {
   "type": "Feature",
   "geometry": {
    "type": "Point",
    "coordinates": [
     100.458983,
     14.047349
    ]
   },
   "properties": {
    "id": "zone_105",
    "unit_type": "cluster",
    "radius_m": 492.2,
    "province": "ปทุมธานี",
    "road": "คลองบางหลวง - ต่างระดับเชียงรากน้อย",
    "accident_count": 9,
    "deaths": 0,
    "serious_injury": 0,
    "minor_injury": 11,
    "fatal_crashes": 0,
    "injured_total": 11,
    "severity_index": 1.2222,
    "level": "medium",
    "economic_loss": 638000,
    "epdo_million": 0.638,
    "single_count": 7,
    "multi_count": 2,
    "single_pct": 77.8,
    "multi_pct": 22.2,
    "pattern": "single",
    "top_cause": "สูญเสียการควบคุม",
    "road_feature": "ทางตรง+ไม่มีความลาดชัน",
    "crash_pattern": "พลิกคว่ำ/ตกถนนในทางตรง",
    "road_type": "ทางหลวง",
    "speed_limit": 90
   }
  },
  {
   "type": "Feature",
   "geometry": {
    "type": "Point",
    "coordinates": [
     100.580234,
     14.055459
    ]
   },
   "properties": {
    "id": "zone_106",
    "unit_type": "cluster",
    "radius_m": 168.0,
    "province": "ปทุมธานี",
    "road": "บางปะอิน-แจ้งวัฒนะ",
    "accident_count": 3,
    "deaths": 0,
    "serious_injury": 0,
    "minor_injury": 2,
    "fatal_crashes": 0,
    "injured_total": 2,
    "severity_index": 0.6667,
    "level": "low",
    "economic_loss": 116000,
    "epdo_million": 0.116,
    "single_count": 3,
    "multi_count": 0,
    "single_pct": 100.0,
    "multi_pct": 0.0,
    "pattern": "single",
    "top_cause": "ไม่ระบุ",
    "road_feature": "ทางตรง",
    "crash_pattern": "อื่นๆ",
    "road_type": "การทางพิเศษ",
    "speed_limit": 100
   }
  },
  {
   "type": "Feature",
   "geometry": {
    "type": "Point",
    "coordinates": [
     100.658556,
     14.150381
    ]
   },
   "properties": {
    "id": "zone_107",
    "unit_type": "cluster",
    "radius_m": 646.9,
    "province": "ปทุมธานี",
    "road": "บางปะอิน - แขวงรามอินทรา",
    "accident_count": 9,
    "deaths": 0,
    "serious_injury": 0,
    "minor_injury": 10,
    "fatal_crashes": 0,
    "injured_total": 10,
    "severity_index": 1.1111,
    "level": "medium",
    "economic_loss": 580000,
    "epdo_million": 0.58,
    "single_count": 2,
    "multi_count": 7,
    "single_pct": 22.2,
    "multi_pct": 77.8,
    "pattern": "multiple",
    "top_cause": "ขับรถเร็วเกินอัตรากำหนด",
    "road_feature": "ทางตรง+ไม่มีความลาดชัน",
    "crash_pattern": "ชนท้าย",
    "road_type": "ทางหลวง",
    "speed_limit": 90
   }
  },
  {
   "type": "Feature",
   "geometry": {
    "type": "Point",
    "coordinates": [
     100.794067,
     14.042432
    ]
   },
   "properties": {
    "id": "zone_108",
    "unit_type": "cluster",
    "radius_m": 36.8,
    "province": "ปทุมธานี",
    "road": "วัดนาบุญ - คลอง14",
    "accident_count": 4,
    "deaths": 0,
    "serious_injury": 0,
    "minor_injury": 4,
    "fatal_crashes": 0,
    "injured_total": 4,
    "severity_index": 1.0,
    "level": "medium",
    "economic_loss": 232000,
    "epdo_million": 0.232,
    "single_count": 2,
    "multi_count": 2,
    "single_pct": 50.0,
    "multi_pct": 50.0,
    "pattern": "mixed",
    "top_cause": "ขับรถเร็วเกินอัตรากำหนด",
    "road_feature": "ทางตรง+ไม่มีความลาดชัน",
    "crash_pattern": "ชนท้าย",
    "road_type": "ทางหลวง",
    "speed_limit": 90
   }
  },
  {
   "type": "Feature",
   "geometry": {
    "type": "Point",
    "coordinates": [
     100.69162,
     14.091928
    ]
   },
   "properties": {
    "id": "zone_109",
    "unit_type": "cluster",
    "radius_m": 301.1,
    "province": "ปทุมธานี",
    "road": "บางปะอิน - แขวงรามอินทรา",
    "accident_count": 6,
    "deaths": 0,
    "serious_injury": 0,
    "minor_injury": 4,
    "fatal_crashes": 0,
    "injured_total": 4,
    "severity_index": 0.6667,
    "level": "low",
    "economic_loss": 232000,
    "epdo_million": 0.232,
    "single_count": 2,
    "multi_count": 4,
    "single_pct": 33.3,
    "multi_pct": 66.7,
    "pattern": "multiple",
    "top_cause": "ขับรถเร็วเกินอัตรากำหนด",
    "road_feature": "ทางตรง+ไม่มีความลาดชัน",
    "crash_pattern": "ชนท้าย",
    "road_type": "ทางหลวง",
    "speed_limit": 90
   }
  },
  {
   "type": "Feature",
   "geometry": {
    "type": "Point",
    "coordinates": [
     100.525405,
     14.029798
    ]
   },
   "properties": {
    "id": "zone_110",
    "unit_type": "cluster",
    "radius_m": 54.4,
    "province": "ปทุมธานี",
    "road": "ปทุมธานี - ท้ายเกาะ",
    "accident_count": 3,
    "deaths": 0,
    "serious_injury": 0,
    "minor_injury": 0,
    "fatal_crashes": 0,
    "injured_total": 0,
    "severity_index": 0.0,
    "level": "low",
    "economic_loss": 0,
    "epdo_million": 0.0,
    "single_count": 3,
    "multi_count": 0,
    "single_pct": 100.0,
    "multi_pct": 0.0,
    "pattern": "single",
    "top_cause": "หลับใน",
    "road_feature": "ทางตรง+ไม่มีความลาดชัน",
    "crash_pattern": "พลิกคว่ำ/ตกถนนในทางตรง",
    "road_type": "ทางหลวง",
    "speed_limit": 90
   }
  },
  {
   "type": "Feature",
   "geometry": {
    "type": "Point",
    "coordinates": [
     100.698249,
     14.046074
    ]
   },
   "properties": {
    "id": "zone_111",
    "unit_type": "cluster",
    "radius_m": 383.2,
    "province": "ปทุมธานี",
    "road": "บางปะอิน - แขวงรามอินทรา",
    "accident_count": 8,
    "deaths": 0,
    "serious_injury": 0,
    "minor_injury": 3,
    "fatal_crashes": 0,
    "injured_total": 3,
    "severity_index": 0.375,
    "level": "low",
    "economic_loss": 174000,
    "epdo_million": 0.174,
    "single_count": 3,
    "multi_count": 5,
    "single_pct": 37.5,
    "multi_pct": 62.5,
    "pattern": "multiple",
    "top_cause": "ขับรถเร็วเกินอัตรากำหนด",
    "road_feature": "ทางตรง+ไม่มีความลาดชัน",
    "crash_pattern": "ชนท้าย",
    "road_type": "ทางหลวง",
    "speed_limit": 90
   }
  },
  {
   "type": "Feature",
   "geometry": {
    "type": "Point",
    "coordinates": [
     100.663082,
     14.142486
    ]
   },
   "properties": {
    "id": "zone_112",
    "unit_type": "cluster",
    "radius_m": 172.0,
    "province": "ปทุมธานี",
    "road": "บางปะอิน - แขวงรามอินทรา",
    "accident_count": 6,
    "deaths": 0,
    "serious_injury": 2,
    "minor_injury": 3,
    "fatal_crashes": 0,
    "injured_total": 5,
    "severity_index": 0.8333,
    "level": "low",
    "economic_loss": 4174000,
    "epdo_million": 4.174,
    "single_count": 1,
    "multi_count": 5,
    "single_pct": 16.7,
    "multi_pct": 83.3,
    "pattern": "multiple",
    "top_cause": "ขับรถเร็วเกินอัตรากำหนด",
    "road_feature": "ทางตรง+ไม่มีความลาดชัน",
    "crash_pattern": "ชนท้าย",
    "road_type": "ทางหลวง",
    "speed_limit": 90
   }
  },
  {
   "type": "Feature",
   "geometry": {
    "type": "Point",
    "coordinates": [
     100.873533,
     14.070027
    ]
   },
   "properties": {
    "id": "zone_113",
    "unit_type": "cluster",
    "radius_m": 97.2,
    "province": "ปทุมธานี",
    "road": "วัดนาบุญ - คลอง14",
    "accident_count": 3,
    "deaths": 2,
    "serious_injury": 0,
    "minor_injury": 1,
    "fatal_crashes": 2,
    "injured_total": 1,
    "severity_index": 1.0,
    "level": "medium",
    "economic_loss": 13458000,
    "epdo_million": 13.458,
    "single_count": 3,
    "multi_count": 0,
    "single_pct": 100.0,
    "multi_pct": 0.0,
    "pattern": "single",
    "top_cause": "ขับรถเร็วเกินอัตรากำหนด",
    "road_feature": "ทางตรง+ไม่มีความลาดชัน",
    "crash_pattern": "พลิกคว่ำ/ตกถนนในทางตรง",
    "road_type": "ทางหลวง",
    "speed_limit": 90
   }
  },
  {
   "type": "Feature",
   "geometry": {
    "type": "Point",
    "coordinates": [
     100.685332,
     14.103219
    ]
   },
   "properties": {
    "id": "zone_114",
    "unit_type": "cluster",
    "radius_m": 609.0,
    "province": "ปทุมธานี",
    "road": "บางปะอิน - แขวงรามอินทรา",
    "accident_count": 9,
    "deaths": 0,
    "serious_injury": 0,
    "minor_injury": 5,
    "fatal_crashes": 0,
    "injured_total": 5,
    "severity_index": 0.5556,
    "level": "low",
    "economic_loss": 290000,
    "epdo_million": 0.29,
    "single_count": 5,
    "multi_count": 4,
    "single_pct": 55.6,
    "multi_pct": 44.4,
    "pattern": "mixed",
    "top_cause": "ขับรถเร็วเกินอัตรากำหนด",
    "road_feature": "ทางตรง+ไม่มีความลาดชัน",
    "crash_pattern": "พลิกคว่ำ/ตกถนนในทางตรง",
    "road_type": "ทางหลวง",
    "speed_limit": 90
   }
  },
  {
   "type": "Feature",
   "geometry": {
    "type": "Point",
    "coordinates": [
     100.679834,
     14.112843
    ]
   },
   "properties": {
    "id": "zone_115",
    "unit_type": "cluster",
    "radius_m": 284.3,
    "province": "ปทุมธานี",
    "road": "บางปะอิน - แขวงรามอินทรา",
    "accident_count": 3,
    "deaths": 0,
    "serious_injury": 1,
    "minor_injury": 2,
    "fatal_crashes": 0,
    "injured_total": 3,
    "severity_index": 1.0,
    "level": "medium",
    "economic_loss": 2116000,
    "epdo_million": 2.116,
    "single_count": 0,
    "multi_count": 3,
    "single_pct": 0.0,
    "multi_pct": 100.0,
    "pattern": "multiple",
    "top_cause": "ขับรถเร็วเกินอัตรากำหนด",
    "road_feature": "ทางตรง+ไม่มีความลาดชัน",
    "crash_pattern": "ชนท้าย",
    "road_type": "ทางหลวง",
    "speed_limit": 90
   }
  },
  {
   "type": "Feature",
   "geometry": {
    "type": "Point",
    "coordinates": [
     100.483758,
     13.954878
    ]
   },
   "properties": {
    "id": "zone_116",
    "unit_type": "cluster",
    "radius_m": 279.2,
    "province": "ปทุมธานี",
    "road": "บางบัวทอง - บางคูวัด",
    "accident_count": 3,
    "deaths": 0,
    "serious_injury": 0,
    "minor_injury": 0,
    "fatal_crashes": 0,
    "injured_total": 0,
    "severity_index": 0.0,
    "level": "low",
    "economic_loss": 0,
    "epdo_million": 0.0,
    "single_count": 2,
    "multi_count": 1,
    "single_pct": 66.7,
    "multi_pct": 33.3,
    "pattern": "single",
    "top_cause": "ขับรถเร็วเกินอัตรากำหนด",
    "road_feature": "ทางตรง+ไม่มีความลาดชัน",
    "crash_pattern": "ชนสิ่งกีดขวาง (บนผิวจราจร)",
    "road_type": "ทางหลวง",
    "speed_limit": 90
   }
  },
  {
   "type": "Feature",
   "geometry": {
    "type": "Point",
    "coordinates": [
     100.616091,
     14.036454
    ]
   },
   "properties": {
    "id": "zone_117",
    "unit_type": "cluster",
    "radius_m": 85.6,
    "province": "ปทุมธานี",
    "road": "สนามกีฬาธูปะเตมีย์ - ต่างระดับคลองหลวง",
    "accident_count": 3,
    "deaths": 1,
    "serious_injury": 2,
    "minor_injury": 1,
    "fatal_crashes": 1,
    "injured_total": 3,
    "severity_index": 1.3333,
    "level": "medium",
    "economic_loss": 10758000,
    "epdo_million": 10.758,
    "single_count": 2,
    "multi_count": 1,
    "single_pct": 66.7,
    "multi_pct": 33.3,
    "pattern": "single",
    "top_cause": "ขับรถเร็วเกินอัตรากำหนด",
    "road_feature": "ทางตรง+ไม่มีความลาดชัน",
    "crash_pattern": "พลิกคว่ำ/ตกถนนในทางตรง",
    "road_type": "ทางหลวง",
    "speed_limit": 90
   }
  },
  {
   "type": "Feature",
   "geometry": {
    "type": "Point",
    "coordinates": [
     100.759914,
     14.0307
    ]
   },
   "properties": {
    "id": "zone_118",
    "unit_type": "cluster",
    "radius_m": 214.9,
    "province": "ปทุมธานี",
    "road": "วัดนาบุญ - คลอง14",
    "accident_count": 5,
    "deaths": 0,
    "serious_injury": 0,
    "minor_injury": 4,
    "fatal_crashes": 0,
    "injured_total": 4,
    "severity_index": 0.8,
    "level": "low",
    "economic_loss": 232000,
    "epdo_million": 0.232,
    "single_count": 0,
    "multi_count": 5,
    "single_pct": 0.0,
    "multi_pct": 100.0,
    "pattern": "multiple",
    "top_cause": "ขับรถเร็วเกินอัตรากำหนด",
    "road_feature": "ทางตรง+ไม่มีความลาดชัน",
    "crash_pattern": "ชนท้าย",
    "road_type": "ทางหลวง",
    "speed_limit": 90
   }
  },
  {
   "type": "Feature",
   "geometry": {
    "type": "Point",
    "coordinates": [
     100.747919,
     13.979357
    ]
   },
   "properties": {
    "id": "zone_119",
    "unit_type": "cluster",
    "radius_m": 64.3,
    "province": "ปทุมธานี",
    "road": "แยกทางหลวงหมายเลข 305 (กม.ที่ 15+700) - บ้านลำลูกกา",
    "accident_count": 3,
    "deaths": 2,
    "serious_injury": 0,
    "minor_injury": 2,
    "fatal_crashes": 2,
    "injured_total": 2,
    "severity_index": 1.3333,
    "level": "medium",
    "economic_loss": 13516000,
    "epdo_million": 13.516,
    "single_count": 0,
    "multi_count": 3,
    "single_pct": 0.0,
    "multi_pct": 100.0,
    "pattern": "multiple",
    "top_cause": "ขับรถเร็วเกินอัตรากำหนด",
    "road_feature": "ทางตรง+ไม่มีความลาดชัน",
    "crash_pattern": "ไม่ระบุ",
    "road_type": "ทางหลวงชนบท",
    "speed_limit": 80
   }
  },
  {
   "type": "Feature",
   "geometry": {
    "type": "Point",
    "coordinates": [
     100.675286,
     14.120949
    ]
   },
   "properties": {
    "id": "zone_120",
    "unit_type": "cluster",
    "radius_m": 336.7,
    "province": "ปทุมธานี",
    "road": "บางปะอิน - แขวงรามอินทรา",
    "accident_count": 4,
    "deaths": 0,
    "serious_injury": 2,
    "minor_injury": 2,
    "fatal_crashes": 0,
    "injured_total": 4,
    "severity_index": 1.0,
    "level": "medium",
    "economic_loss": 4116000,
    "epdo_million": 4.116,
    "single_count": 1,
    "multi_count": 3,
    "single_pct": 25.0,
    "multi_pct": 75.0,
    "pattern": "multiple",
    "top_cause": "ขับรถเร็วเกินอัตรากำหนด",
    "road_feature": "ทางตรง+ไม่มีความลาดชัน",
    "crash_pattern": "ชนท้าย",
    "road_type": "ทางหลวง",
    "speed_limit": 90
   }
  },
  {
   "type": "Feature",
   "geometry": {
    "type": "Point",
    "coordinates": [
     100.666562,
     14.136617
    ]
   },
   "properties": {
    "id": "zone_121",
    "unit_type": "cluster",
    "radius_m": 72.1,
    "province": "ปทุมธานี",
    "road": "บางปะอิน - แขวงรามอินทรา",
    "accident_count": 4,
    "deaths": 0,
    "serious_injury": 0,
    "minor_injury": 3,
    "fatal_crashes": 0,
    "injured_total": 3,
    "severity_index": 0.75,
    "level": "low",
    "economic_loss": 174000,
    "epdo_million": 0.174,
    "single_count": 2,
    "multi_count": 2,
    "single_pct": 50.0,
    "multi_pct": 50.0,
    "pattern": "mixed",
    "top_cause": "ขับรถเร็วเกินอัตรากำหนด",
    "road_feature": "ทางตรง+ไม่มีความลาดชัน",
    "crash_pattern": "ชนท้าย",
    "road_type": "ทางหลวง",
    "speed_limit": 90
   }
  },
  {
   "type": "Feature",
   "geometry": {
    "type": "Point",
    "coordinates": [
     100.617657,
     14.07252
    ]
   },
   "properties": {
    "id": "zone_122",
    "unit_type": "cluster",
    "radius_m": 184.0,
    "province": "ปทุมธานี",
    "road": "ต่างระดับคลองหลวง - ประตูน้ำพระอินทร์",
    "accident_count": 3,
    "deaths": 0,
    "serious_injury": 0,
    "minor_injury": 0,
    "fatal_crashes": 0,
    "injured_total": 0,
    "severity_index": 0.0,
    "level": "low",
    "economic_loss": 0,
    "epdo_million": 0.0,
    "single_count": 3,
    "multi_count": 0,
    "single_pct": 100.0,
    "multi_pct": 0.0,
    "pattern": "single",
    "top_cause": "ขับรถเร็วเกินอัตรากำหนด",
    "road_feature": "ทางตรง+ไม่มีความลาดชัน",
    "crash_pattern": "พลิกคว่ำ/ตกถนนในทางตรง",
    "road_type": "ทางหลวง",
    "speed_limit": 90
   }
  },
  {
   "type": "Feature",
   "geometry": {
    "type": "Point",
    "coordinates": [
     100.63014,
     13.95149
    ]
   },
   "properties": {
    "id": "zone_123",
    "unit_type": "cluster",
    "radius_m": 245.8,
    "province": "ปทุมธานี",
    "road": "สนามกีฬาธูปเตมีย์ - ลำลูกกา",
    "accident_count": 3,
    "deaths": 0,
    "serious_injury": 0,
    "minor_injury": 1,
    "fatal_crashes": 0,
    "injured_total": 1,
    "severity_index": 0.3333,
    "level": "low",
    "economic_loss": 58000,
    "epdo_million": 0.058,
    "single_count": 3,
    "multi_count": 0,
    "single_pct": 100.0,
    "multi_pct": 0.0,
    "pattern": "single",
    "top_cause": "ขับรถเร็วเกินอัตรากำหนด",
    "road_feature": "ทางโค้งกว้าง+ไม่มีความลาดชัน",
    "crash_pattern": "พลิกคว่ำ/ตกถนนในทางโค้ง",
    "road_type": "ทางหลวง",
    "speed_limit": 90
   }
  },
  {
   "type": "Feature",
   "geometry": {
    "type": "Point",
    "coordinates": [
     100.533918,
     14.114263
    ]
   },
   "properties": {
    "id": "zone_124",
    "unit_type": "cluster",
    "radius_m": 461.9,
    "province": "ปทุมธานี",
    "road": "คลองบางหลวง - ต่างระดับเชียงรากน้อย",
    "accident_count": 4,
    "deaths": 0,
    "serious_injury": 0,
    "minor_injury": 1,
    "fatal_crashes": 0,
    "injured_total": 1,
    "severity_index": 0.25,
    "level": "low",
    "economic_loss": 58000,
    "epdo_million": 0.058,
    "single_count": 2,
    "multi_count": 2,
    "single_pct": 50.0,
    "multi_pct": 50.0,
    "pattern": "mixed",
    "top_cause": "ขับรถเร็วเกินอัตรากำหนด",
    "road_feature": "ทางตรง+ไม่มีความลาดชัน",
    "crash_pattern": "ชนท้าย",
    "road_type": "ทางหลวง",
    "speed_limit": 90
   }
  },
  {
   "type": "Feature",
   "geometry": {
    "type": "Point",
    "coordinates": [
     100.849483,
     13.585402
    ]
   },
   "properties": {
    "id": "zone_125",
    "unit_type": "cluster",
    "radius_m": 336.7,
    "province": "สมุทรปราการ",
    "road": "ทางเข้าท่าอากาศยานสุวรรณภูมิ - บางวัว",
    "accident_count": 4,
    "deaths": 0,
    "serious_injury": 0,
    "minor_injury": 5,
    "fatal_crashes": 0,
    "injured_total": 5,
    "severity_index": 1.25,
    "level": "medium",
    "economic_loss": 290000,
    "epdo_million": 0.29,
    "single_count": 0,
    "multi_count": 4,
    "single_pct": 0.0,
    "multi_pct": 100.0,
    "pattern": "multiple",
    "top_cause": "ขับรถเร็วเกินอัตรากำหนด",
    "road_feature": "ทางตรง+ไม่มีความลาดชัน",
    "crash_pattern": "ชนท้าย",
    "road_type": "ทางหลวง",
    "speed_limit": 90
   }
  },
  {
   "type": "Feature",
   "geometry": {
    "type": "Point",
    "coordinates": [
     100.850046,
     13.585141
    ]
   },
   "properties": {
    "id": "zone_126",
    "unit_type": "cluster",
    "radius_m": 318.6,
    "province": "สมุทรปราการ",
    "road": "บางนา-ชลบุรี",
    "accident_count": 7,
    "deaths": 1,
    "serious_injury": 0,
    "minor_injury": 0,
    "fatal_crashes": 1,
    "injured_total": 0,
    "severity_index": 0.1429,
    "level": "low",
    "economic_loss": 6700000,
    "epdo_million": 6.7,
    "single_count": 4,
    "multi_count": 3,
    "single_pct": 57.1,
    "multi_pct": 42.9,
    "pattern": "mixed",
    "top_cause": "ไม่ระบุ",
    "road_feature": "ทางตรง",
    "crash_pattern": "พลิกคว่ำ/ตกถนนในทางตรง",
    "road_type": "การทางพิเศษ",
    "speed_limit": 100
   }
  },
  {
   "type": "Feature",
   "geometry": {
    "type": "Point",
    "coordinates": [
     100.632138,
     13.636553
    ]
   },
   "properties": {
    "id": "zone_127",
    "unit_type": "cluster",
    "radius_m": 168.8,
    "province": "สมุทรปราการ",
    "road": "อุดมสุข - สมุทรปราการ",
    "accident_count": 3,
    "deaths": 0,
    "serious_injury": 0,
    "minor_injury": 4,
    "fatal_crashes": 0,
    "injured_total": 4,
    "severity_index": 1.3333,
    "level": "medium",
    "economic_loss": 232000,
    "epdo_million": 0.232,
    "single_count": 2,
    "multi_count": 1,
    "single_pct": 66.7,
    "multi_pct": 33.3,
    "pattern": "single",
    "top_cause": "ขับรถเร็วเกินอัตรากำหนด",
    "road_feature": "ทางตรง+ไม่มีความลาดชัน",
    "crash_pattern": "พลิกคว่ำ/ตกถนนในทางตรง",
    "road_type": "ทางหลวง",
    "speed_limit": 90
   }
  },
  {
   "type": "Feature",
   "geometry": {
    "type": "Point",
    "coordinates": [
     100.547262,
     13.613713
    ]
   },
   "properties": {
    "id": "zone_128",
    "unit_type": "cluster",
    "radius_m": 422.3,
    "province": "สมุทรปราการ",
    "road": "ราษฎร์บูรณะ - พระสมุทรเจดีย์",
    "accident_count": 5,
    "deaths": 1,
    "serious_injury": 0,
    "minor_injury": 6,
    "fatal_crashes": 1,
    "injured_total": 6,
    "severity_index": 1.4,
    "level": "medium",
    "economic_loss": 7048000,
    "epdo_million": 7.048,
    "single_count": 1,
    "multi_count": 4,
    "single_pct": 20.0,
    "multi_pct": 80.0,
    "pattern": "multiple",
    "top_cause": "ขับรถเร็วเกินอัตรากำหนด",
    "road_feature": "ทางตรง+ไม่มีความลาดชัน",
    "crash_pattern": "ชนท้าย",
    "road_type": "ทางหลวง",
    "speed_limit": 90
   }
  },
  {
   "type": "Feature",
   "geometry": {
    "type": "Point",
    "coordinates": [
     100.829194,
     13.691751
    ]
   },
   "properties": {
    "id": "zone_129",
    "unit_type": "cluster",
    "radius_m": 1483.6,
    "province": "สมุทรปราการ",
    "road": "แขวงคลองสองต้นนุ่น - พิมพา",
    "accident_count": 31,
    "deaths": 9,
    "serious_injury": 4,
    "minor_injury": 6,
    "fatal_crashes": 2,
    "injured_total": 10,
    "severity_index": 0.3871,
    "level": "low",
    "economic_loss": 68648000,
    "epdo_million": 68.648,
    "single_count": 10,
    "multi_count": 21,
    "single_pct": 32.3,
    "multi_pct": 67.7,
    "pattern": "multiple",
    "top_cause": "ขับรถเร็วเกินอัตรากำหนด",
    "road_feature": "ทางตรง+ไม่มีความลาดชัน",
    "crash_pattern": "ชนท้าย",
    "road_type": "ทางหลวง",
    "speed_limit": 90
   }
  },
  {
   "type": "Feature",
   "geometry": {
    "type": "Point",
    "coordinates": [
     100.695713,
     13.642277
    ]
   },
   "properties": {
    "id": "zone_130",
    "unit_type": "cluster",
    "radius_m": 176.5,
    "province": "สมุทรปราการ",
    "road": "บางนา-ชลบุรี",
    "accident_count": 5,
    "deaths": 0,
    "serious_injury": 0,
    "minor_injury": 4,
    "fatal_crashes": 0,
    "injured_total": 4,
    "severity_index": 0.8,
    "level": "low",
    "economic_loss": 232000,
    "epdo_million": 0.232,
    "single_count": 1,
    "multi_count": 4,
    "single_pct": 20.0,
    "multi_pct": 80.0,
    "pattern": "multiple",
    "top_cause": "ไม่ระบุ",
    "road_feature": "ทางตรง",
    "crash_pattern": "ชนท้าย",
    "road_type": "การทางพิเศษ",
    "speed_limit": 100
   }
  },
  {
   "type": "Feature",
   "geometry": {
    "type": "Point",
    "coordinates": [
     100.850125,
     13.665902
    ]
   },
   "properties": {
    "id": "zone_131",
    "unit_type": "cluster",
    "radius_m": 2654.9,
    "province": "สมุทรปราการ",
    "road": "แขวงคลองสองต้นนุ่น - พิมพา",
    "accident_count": 154,
    "deaths": 0,
    "serious_injury": 0,
    "minor_injury": 33,
    "fatal_crashes": 0,
    "injured_total": 33,
    "severity_index": 0.2143,
    "level": "low",
    "economic_loss": 1914000,
    "epdo_million": 1.914,
    "single_count": 20,
    "multi_count": 134,
    "single_pct": 13.0,
    "multi_pct": 87.0,
    "pattern": "multiple",
    "top_cause": "ขับรถเร็วเกินอัตรากำหนด",
    "road_feature": "ทางตรง+ไม่มีความลาดชัน",
    "crash_pattern": "ชนท้าย",
    "road_type": "ทางหลวง",
    "speed_limit": 90
   }
  },
  {
   "type": "Feature",
   "geometry": {
    "type": "Point",
    "coordinates": [
     100.69733,
     13.512251
    ]
   },
   "properties": {
    "id": "zone_132",
    "unit_type": "cluster",
    "radius_m": 725.5,
    "province": "สมุทรปราการ",
    "road": "บางตำหรุ - คลองด่าน",
    "accident_count": 10,
    "deaths": 5,
    "serious_injury": 1,
    "minor_injury": 3,
    "fatal_crashes": 4,
    "injured_total": 4,
    "severity_index": 0.8,
    "level": "low",
    "economic_loss": 35674000,
    "epdo_million": 35.674,
    "single_count": 6,
    "multi_count": 4,
    "single_pct": 60.0,
    "multi_pct": 40.0,
    "pattern": "single",
    "top_cause": "ขับรถเร็วเกินอัตรากำหนด",
    "road_feature": "ทางตรง+ไม่มีความลาดชัน",
    "crash_pattern": "พลิกคว่ำ/ตกถนนในทางตรง",
    "road_type": "ทางหลวง",
    "speed_limit": 90
   }
  },
  {
   "type": "Feature",
   "geometry": {
    "type": "Point",
    "coordinates": [
     100.883974,
     13.57796
    ]
   },
   "properties": {
    "id": "zone_133",
    "unit_type": "cluster",
    "radius_m": 170.0,
    "province": "สมุทรปราการ",
    "road": "ทางเข้าท่าอากาศยานสุวรรณภูมิ - บางวัว",
    "accident_count": 9,
    "deaths": 2,
    "serious_injury": 1,
    "minor_injury": 7,
    "fatal_crashes": 2,
    "injured_total": 8,
    "severity_index": 1.1111,
    "level": "medium",
    "economic_loss": 15806000,
    "epdo_million": 15.806,
    "single_count": 1,
    "multi_count": 8,
    "single_pct": 11.1,
    "multi_pct": 88.9,
    "pattern": "multiple",
    "top_cause": "ขับรถเร็วเกินอัตรากำหนด",
    "road_feature": "ทางตรง+ไม่มีความลาดชัน",
    "crash_pattern": "ชนท้าย",
    "road_type": "ทางหลวง",
    "speed_limit": 90
   }
  },
  {
   "type": "Feature",
   "geometry": {
    "type": "Point",
    "coordinates": [
     100.637531,
     13.527228
    ]
   },
   "properties": {
    "id": "zone_134",
    "unit_type": "cluster",
    "radius_m": 348.9,
    "province": "สมุทรปราการ",
    "road": "ท้ายบ้าน - บางตำหรุ",
    "accident_count": 4,
    "deaths": 2,
    "serious_injury": 0,
    "minor_injury": 2,
    "fatal_crashes": 2,
    "injured_total": 2,
    "severity_index": 1.0,
    "level": "medium",
    "economic_loss": 13516000,
    "epdo_million": 13.516,
    "single_count": 3,
    "multi_count": 1,
    "single_pct": 75.0,
    "multi_pct": 25.0,
    "pattern": "single",
    "top_cause": "ขับรถเร็วเกินอัตรากำหนด",
    "road_feature": "ทางตรง+ไม่มีความลาดชัน",
    "crash_pattern": "พลิกคว่ำ/ตกถนนในทางตรง",
    "road_type": "ทางหลวง",
    "speed_limit": 90
   }
  },
  {
   "type": "Feature",
   "geometry": {
    "type": "Point",
    "coordinates": [
     100.668109,
     13.518589
    ]
   },
   "properties": {
    "id": "zone_135",
    "unit_type": "cluster",
    "radius_m": 610.4,
    "province": "สมุทรปราการ",
    "road": "ท้ายบ้าน - บางตำหรุ",
    "accident_count": 6,
    "deaths": 2,
    "serious_injury": 0,
    "minor_injury": 3,
    "fatal_crashes": 2,
    "injured_total": 3,
    "severity_index": 0.8333,
    "level": "low",
    "economic_loss": 13574000,
    "epdo_million": 13.574,
    "single_count": 3,
    "multi_count": 3,
    "single_pct": 50.0,
    "multi_pct": 50.0,
    "pattern": "mixed",
    "top_cause": "ขับรถเร็วเกินอัตรากำหนด",
    "road_feature": "ทางตรง+ไม่มีความลาดชัน",
    "crash_pattern": "พลิกคว่ำ/ตกถนนในทางตรง",
    "road_type": "ทางหลวง",
    "speed_limit": 90
   }
  },
  {
   "type": "Feature",
   "geometry": {
    "type": "Point",
    "coordinates": [
     100.765333,
     13.608985
    ]
   },
   "properties": {
    "id": "zone_136",
    "unit_type": "cluster",
    "radius_m": 640.3,
    "province": "สมุทรปราการ",
    "road": "ทางเข้าท่าอากาศยานสุวรรณภูมิ - บางวัว",
    "accident_count": 9,
    "deaths": 4,
    "serious_injury": 1,
    "minor_injury": 12,
    "fatal_crashes": 4,
    "injured_total": 13,
    "severity_index": 1.8889,
    "level": "medium",
    "economic_loss": 29496000,
    "epdo_million": 29.496,
    "single_count": 1,
    "multi_count": 8,
    "single_pct": 11.1,
    "multi_pct": 88.9,
    "pattern": "multiple",
    "top_cause": "ขับรถเร็วเกินอัตรากำหนด",
    "road_feature": "ทางตรง+ไม่มีความลาดชัน",
    "crash_pattern": "ชนท้าย",
    "road_type": "ทางหลวง",
    "speed_limit": 90
   }
  },
  {
   "type": "Feature",
   "geometry": {
    "type": "Point",
    "coordinates": [
     100.762841,
     13.609937
    ]
   },
   "properties": {
    "id": "zone_137",
    "unit_type": "cluster",
    "radius_m": 222.5,
    "province": "สมุทรปราการ",
    "road": "บางนา-ชลบุรี",
    "accident_count": 4,
    "deaths": 0,
    "serious_injury": 0,
    "minor_injury": 2,
    "fatal_crashes": 0,
    "injured_total": 2,
    "severity_index": 0.5,
    "level": "low",
    "economic_loss": 116000,
    "epdo_million": 0.116,
    "single_count": 2,
    "multi_count": 2,
    "single_pct": 50.0,
    "multi_pct": 50.0,
    "pattern": "mixed",
    "top_cause": "ไม่ระบุ",
    "road_feature": "ทางตรง",
    "crash_pattern": "ชนด้านข้าง",
    "road_type": "การทางพิเศษ",
    "speed_limit": 100
   }
  },
  {
   "type": "Feature",
   "geometry": {
    "type": "Point",
    "coordinates": [
     100.891627,
     13.639258
    ]
   },
   "properties": {
    "id": "zone_138",
    "unit_type": "cluster",
    "radius_m": 179.8,
    "province": "สมุทรปราการ",
    "road": "แขวงคลองสองต้นนุ่น - พิมพา",
    "accident_count": 5,
    "deaths": 0,
    "serious_injury": 0,
    "minor_injury": 2,
    "fatal_crashes": 0,
    "injured_total": 2,
    "severity_index": 0.4,
    "level": "low",
    "economic_loss": 116000,
    "epdo_million": 0.116,
    "single_count": 1,
    "multi_count": 4,
    "single_pct": 20.0,
    "multi_pct": 80.0,
    "pattern": "multiple",
    "top_cause": "ขับรถเร็วเกินอัตรากำหนด",
    "road_feature": "ทางตรง+ไม่มีความลาดชัน",
    "crash_pattern": "ชนท้าย",
    "road_type": "ทางหลวง",
    "speed_limit": 90
   }
  },
  {
   "type": "Feature",
   "geometry": {
    "type": "Point",
    "coordinates": [
     100.542505,
     13.634201
    ]
   },
   "properties": {
    "id": "zone_139",
    "unit_type": "cluster",
    "radius_m": 2343.7,
    "province": "สมุทรปราการ",
    "road": "บางพลี-สุขสวัสดิ์",
    "accident_count": 34,
    "deaths": 0,
    "serious_injury": 0,
    "minor_injury": 32,
    "fatal_crashes": 0,
    "injured_total": 32,
    "severity_index": 0.9412,
    "level": "low",
    "economic_loss": 1856000,
    "epdo_million": 1.856,
    "single_count": 5,
    "multi_count": 29,
    "single_pct": 14.7,
    "multi_pct": 85.3,
    "pattern": "multiple",
    "top_cause": "ไม่ระบุ",
    "road_feature": "ทางตรง",
    "crash_pattern": "ชนท้าย",
    "road_type": "การทางพิเศษ",
    "speed_limit": 100
   }
  },
  {
   "type": "Feature",
   "geometry": {
    "type": "Point",
    "coordinates": [
     100.898791,
     13.634663
    ]
   },
   "properties": {
    "id": "zone_140",
    "unit_type": "cluster",
    "radius_m": 339.5,
    "province": "สมุทรปราการ",
    "road": "แขวงคลองสองต้นนุ่น - พิมพา",
    "accident_count": 9,
    "deaths": 0,
    "serious_injury": 1,
    "minor_injury": 1,
    "fatal_crashes": 0,
    "injured_total": 2,
    "severity_index": 0.2222,
    "level": "low",
    "economic_loss": 2058000,
    "epdo_million": 2.058,
    "single_count": 3,
    "multi_count": 6,
    "single_pct": 33.3,
    "multi_pct": 66.7,
    "pattern": "multiple",
    "top_cause": "ขับรถเร็วเกินอัตรากำหนด",
    "road_feature": "ทางตรง+ไม่มีความลาดชัน",
    "crash_pattern": "ชนท้าย",
    "road_type": "ทางหลวง",
    "speed_limit": 90
   }
  },
  {
   "type": "Feature",
   "geometry": {
    "type": "Point",
    "coordinates": [
     100.654743,
     13.605613
    ]
   },
   "properties": {
    "id": "zone_141",
    "unit_type": "cluster",
    "radius_m": 495.5,
    "province": "สมุทรปราการ",
    "road": "บางพลี-สุขสวัสดิ์",
    "accident_count": 5,
    "deaths": 0,
    "serious_injury": 0,
    "minor_injury": 6,
    "fatal_crashes": 0,
    "injured_total": 6,
    "severity_index": 1.2,
    "level": "medium",
    "economic_loss": 348000,
    "epdo_million": 0.348,
    "single_count": 0,
    "multi_count": 5,
    "single_pct": 0.0,
    "multi_pct": 100.0,
    "pattern": "multiple",
    "top_cause": "ไม่ระบุ",
    "road_feature": "ทางตรง",
    "crash_pattern": "ชนท้าย",
    "road_type": "การทางพิเศษ",
    "speed_limit": 100
   }
  },
  {
   "type": "Feature",
   "geometry": {
    "type": "Point",
    "coordinates": [
     100.876821,
     13.579533
    ]
   },
   "properties": {
    "id": "zone_142",
    "unit_type": "cluster",
    "radius_m": 221.8,
    "province": "สมุทรปราการ",
    "road": "ทางเข้าท่าอากาศยานสุวรรณภูมิ - บางวัว",
    "accident_count": 4,
    "deaths": 0,
    "serious_injury": 2,
    "minor_injury": 1,
    "fatal_crashes": 0,
    "injured_total": 3,
    "severity_index": 0.75,
    "level": "low",
    "economic_loss": 4058000,
    "epdo_million": 4.058,
    "single_count": 2,
    "multi_count": 2,
    "single_pct": 50.0,
    "multi_pct": 50.0,
    "pattern": "mixed",
    "top_cause": "ขับรถเร็วเกินอัตรากำหนด",
    "road_feature": "ทางตรง+ไม่มีความลาดชัน",
    "crash_pattern": "ชนสิ่งกีดขวาง (บนผิวจราจร)",
    "road_type": "ทางหลวง",
    "speed_limit": 90
   }
  },
  {
   "type": "Feature",
   "geometry": {
    "type": "Point",
    "coordinates": [
     100.836101,
     13.588175
    ]
   },
   "properties": {
    "id": "zone_143",
    "unit_type": "cluster",
    "radius_m": 653.3,
    "province": "สมุทรปราการ",
    "road": "ทางเข้าท่าอากาศยานสุวรรณภูมิ - บางวัว",
    "accident_count": 14,
    "deaths": 0,
    "serious_injury": 1,
    "minor_injury": 14,
    "fatal_crashes": 0,
    "injured_total": 15,
    "severity_index": 1.0714,
    "level": "medium",
    "economic_loss": 2812000,
    "epdo_million": 2.812,
    "single_count": 3,
    "multi_count": 11,
    "single_pct": 21.4,
    "multi_pct": 78.6,
    "pattern": "multiple",
    "top_cause": "ขับรถเร็วเกินอัตรากำหนด",
    "road_feature": "ทางตรง+ไม่มีความลาดชัน",
    "crash_pattern": "ชนท้าย",
    "road_type": "ทางหลวง",
    "speed_limit": 90
   }
  },
  {
   "type": "Feature",
   "geometry": {
    "type": "Point",
    "coordinates": [
     100.705257,
     13.637128
    ]
   },
   "properties": {
    "id": "zone_144",
    "unit_type": "cluster",
    "radius_m": 200.6,
    "province": "สมุทรปราการ",
    "road": "บางนา-ชลบุรี",
    "accident_count": 3,
    "deaths": 0,
    "serious_injury": 0,
    "minor_injury": 4,
    "fatal_crashes": 0,
    "injured_total": 4,
    "severity_index": 1.3333,
    "level": "medium",
    "economic_loss": 232000,
    "epdo_million": 0.232,
    "single_count": 0,
    "multi_count": 3,
    "single_pct": 0.0,
    "multi_pct": 100.0,
    "pattern": "multiple",
    "top_cause": "ไม่ระบุ",
    "road_feature": "ทางตรง",
    "crash_pattern": "ชนท้าย",
    "road_type": "การทางพิเศษ",
    "speed_limit": 100
   }
  },
  {
   "type": "Feature",
   "geometry": {
    "type": "Point",
    "coordinates": [
     100.74605,
     13.617123
    ]
   },
   "properties": {
    "id": "zone_145",
    "unit_type": "cluster",
    "radius_m": 656.3,
    "province": "สมุทรปราการ",
    "road": "ทางเข้าท่าอากาศยานสุวรรณภูมิ - บางวัว",
    "accident_count": 8,
    "deaths": 2,
    "serious_injury": 0,
    "minor_injury": 2,
    "fatal_crashes": 2,
    "injured_total": 2,
    "severity_index": 0.5,
    "level": "low",
    "economic_loss": 13516000,
    "epdo_million": 13.516,
    "single_count": 4,
    "multi_count": 4,
    "single_pct": 50.0,
    "multi_pct": 50.0,
    "pattern": "mixed",
    "top_cause": "ขับรถเร็วเกินอัตรากำหนด",
    "road_feature": "ทางตรง+ไม่มีความลาดชัน",
    "crash_pattern": "ชนท้าย",
    "road_type": "ทางหลวง",
    "speed_limit": 90
   }
  },
  {
   "type": "Feature",
   "geometry": {
    "type": "Point",
    "coordinates": [
     100.606047,
     13.621801
    ]
   },
   "properties": {
    "id": "zone_146",
    "unit_type": "cluster",
    "radius_m": 532.5,
    "province": "สมุทรปราการ",
    "road": "บางพลี-สุขสวัสดิ์",
    "accident_count": 9,
    "deaths": 0,
    "serious_injury": 0,
    "minor_injury": 7,
    "fatal_crashes": 0,
    "injured_total": 7,
    "severity_index": 0.7778,
    "level": "low",
    "economic_loss": 406000,
    "epdo_million": 0.406,
    "single_count": 0,
    "multi_count": 9,
    "single_pct": 0.0,
    "multi_pct": 100.0,
    "pattern": "multiple",
    "top_cause": "ไม่ระบุ",
    "road_feature": "ทางตรง",
    "crash_pattern": "ชนท้าย",
    "road_type": "การทางพิเศษ",
    "speed_limit": 100
   }
  },
  {
   "type": "Feature",
   "geometry": {
    "type": "Point",
    "coordinates": [
     100.566035,
     13.648598
    ]
   },
   "properties": {
    "id": "zone_147",
    "unit_type": "cluster",
    "radius_m": 273.6,
    "province": "สมุทรปราการ",
    "road": "สำโรง - สะพานภูมิพล",
    "accident_count": 3,
    "deaths": 1,
    "serious_injury": 3,
    "minor_injury": 2,
    "fatal_crashes": 1,
    "injured_total": 5,
    "severity_index": 2.0,
    "level": "high",
    "economic_loss": 12816000,
    "epdo_million": 12.816,
    "single_count": 0,
    "multi_count": 3,
    "single_pct": 0.0,
    "multi_pct": 100.0,
    "pattern": "multiple",
    "top_cause": "ขับรถเร็วเกินอัตรากำหนด",
    "road_feature": "ทางตรง+ไม่มีความลาดชัน",
    "crash_pattern": "ชนท้าย",
    "road_type": "ทางหลวง",
    "speed_limit": 90
   }
  },
  {
   "type": "Feature",
   "geometry": {
    "type": "Point",
    "coordinates": [
     100.907958,
     13.628786
    ]
   },
   "properties": {
    "id": "zone_148",
    "unit_type": "cluster",
    "radius_m": 379.3,
    "province": "สมุทรปราการ",
    "road": "แขวงคลองสองต้นนุ่น - พิมพา",
    "accident_count": 10,
    "deaths": 0,
    "serious_injury": 0,
    "minor_injury": 4,
    "fatal_crashes": 0,
    "injured_total": 4,
    "severity_index": 0.4,
    "level": "low",
    "economic_loss": 232000,
    "epdo_million": 0.232,
    "single_count": 3,
    "multi_count": 7,
    "single_pct": 30.0,
    "multi_pct": 70.0,
    "pattern": "multiple",
    "top_cause": "ขับรถเร็วเกินอัตรากำหนด",
    "road_feature": "ทางตรง+ไม่มีความลาดชัน",
    "crash_pattern": "ชนท้าย",
    "road_type": "ทางหลวง",
    "speed_limit": 90
   }
  },
  {
   "type": "Feature",
   "geometry": {
    "type": "Point",
    "coordinates": [
     100.93385,
     13.612267
    ]
   },
   "properties": {
    "id": "zone_149",
    "unit_type": "cluster",
    "radius_m": 307.0,
    "province": "สมุทรปราการ",
    "road": "แขวงคลองสองต้นนุ่น - พิมพา",
    "accident_count": 5,
    "deaths": 0,
    "serious_injury": 0,
    "minor_injury": 0,
    "fatal_crashes": 0,
    "injured_total": 0,
    "severity_index": 0.0,
    "level": "low",
    "economic_loss": 0,
    "epdo_million": 0.0,
    "single_count": 2,
    "multi_count": 3,
    "single_pct": 40.0,
    "multi_pct": 60.0,
    "pattern": "multiple",
    "top_cause": "ขับรถเร็วเกินอัตรากำหนด",
    "road_feature": "ทางตรง+ไม่มีความลาดชัน",
    "crash_pattern": "ชนท้าย",
    "road_type": "ทางหลวง",
    "speed_limit": 90
   }
  },
  {
   "type": "Feature",
   "geometry": {
    "type": "Point",
    "coordinates": [
     100.925063,
     13.617839
    ]
   },
   "properties": {
    "id": "zone_150",
    "unit_type": "cluster",
    "radius_m": 417.6,
    "province": "สมุทรปราการ",
    "road": "แขวงคลองสองต้นนุ่น - พิมพา",
    "accident_count": 9,
    "deaths": 0,
    "serious_injury": 0,
    "minor_injury": 12,
    "fatal_crashes": 0,
    "injured_total": 12,
    "severity_index": 1.3333,
    "level": "medium",
    "economic_loss": 696000,
    "epdo_million": 0.696,
    "single_count": 2,
    "multi_count": 7,
    "single_pct": 22.2,
    "multi_pct": 77.8,
    "pattern": "multiple",
    "top_cause": "ขับรถเร็วเกินอัตรากำหนด",
    "road_feature": "ทางตรง+ไม่มีความลาดชัน",
    "crash_pattern": "ชนท้าย",
    "road_type": "ทางหลวง",
    "speed_limit": 90
   }
  },
  {
   "type": "Feature",
   "geometry": {
    "type": "Point",
    "coordinates": [
     100.917704,
     13.622605
    ]
   },
   "properties": {
    "id": "zone_151",
    "unit_type": "cluster",
    "radius_m": 252.1,
    "province": "สมุทรปราการ",
    "road": "แขวงคลองสองต้นนุ่น - พิมพา",
    "accident_count": 5,
    "deaths": 0,
    "serious_injury": 0,
    "minor_injury": 1,
    "fatal_crashes": 0,
    "injured_total": 1,
    "severity_index": 0.2,
    "level": "low",
    "economic_loss": 58000,
    "epdo_million": 0.058,
    "single_count": 2,
    "multi_count": 3,
    "single_pct": 40.0,
    "multi_pct": 60.0,
    "pattern": "multiple",
    "top_cause": "ขับรถเร็วเกินอัตรากำหนด",
    "road_feature": "ทางตรง+ไม่มีความลาดชัน",
    "crash_pattern": "ชนท้าย",
    "road_type": "ทางหลวง",
    "speed_limit": 90
   }
  },
  {
   "type": "Feature",
   "geometry": {
    "type": "Point",
    "coordinates": [
     100.880093,
     13.646641
    ]
   },
   "properties": {
    "id": "zone_152",
    "unit_type": "cluster",
    "radius_m": 781.1,
    "province": "สมุทรปราการ",
    "road": "แขวงคลองสองต้นนุ่น - พิมพา",
    "accident_count": 13,
    "deaths": 0,
    "serious_injury": 1,
    "minor_injury": 10,
    "fatal_crashes": 0,
    "injured_total": 11,
    "severity_index": 0.8462,
    "level": "low",
    "economic_loss": 2580000,
    "epdo_million": 2.58,
    "single_count": 2,
    "multi_count": 11,
    "single_pct": 15.4,
    "multi_pct": 84.6,
    "pattern": "multiple",
    "top_cause": "ขับรถเร็วเกินอัตรากำหนด",
    "road_feature": "ทางตรง+ไม่มีความลาดชัน",
    "crash_pattern": "ชนท้าย",
    "road_type": "ทางหลวง",
    "speed_limit": 90
   }
  },
  {
   "type": "Feature",
   "geometry": {
    "type": "Point",
    "coordinates": [
     100.866374,
     13.581773
    ]
   },
   "properties": {
    "id": "zone_153",
    "unit_type": "cluster",
    "radius_m": 208.7,
    "province": "สมุทรปราการ",
    "road": "ทางเข้าท่าอากาศยานสุวรรณภูมิ - บางวัว",
    "accident_count": 5,
    "deaths": 0,
    "serious_injury": 0,
    "minor_injury": 8,
    "fatal_crashes": 0,
    "injured_total": 8,
    "severity_index": 1.6,
    "level": "medium",
    "economic_loss": 464000,
    "epdo_million": 0.464,
    "single_count": 0,
    "multi_count": 5,
    "single_pct": 0.0,
    "multi_pct": 100.0,
    "pattern": "multiple",
    "top_cause": "ขับรถเร็วเกินอัตรากำหนด",
    "road_feature": "ทางตรง+ไม่มีความลาดชัน",
    "crash_pattern": "ชนท้าย",
    "road_type": "ทางหลวง",
    "speed_limit": 90
   }
  },
  {
   "type": "Feature",
   "geometry": {
    "type": "Point",
    "coordinates": [
     100.613387,
     13.617944
    ]
   },
   "properties": {
    "id": "zone_154",
    "unit_type": "cluster",
    "radius_m": 165.0,
    "province": "สมุทรปราการ",
    "road": "บางพลี-สุขสวัสดิ์",
    "accident_count": 3,
    "deaths": 0,
    "serious_injury": 0,
    "minor_injury": 0,
    "fatal_crashes": 0,
    "injured_total": 0,
    "severity_index": 0.0,
    "level": "low",
    "economic_loss": 0,
    "epdo_million": 0.0,
    "single_count": 2,
    "multi_count": 1,
    "single_pct": 66.7,
    "multi_pct": 33.3,
    "pattern": "single",
    "top_cause": "ไม่ระบุ",
    "road_feature": "ทางตรง",
    "crash_pattern": "ชนท้าย",
    "road_type": "การทางพิเศษ",
    "speed_limit": 100
   }
  },
  {
   "type": "Feature",
   "geometry": {
    "type": "Point",
    "coordinates": [
     100.581872,
     13.631467
    ]
   },
   "properties": {
    "id": "zone_155",
    "unit_type": "cluster",
    "radius_m": 606.1,
    "province": "สมุทรปราการ",
    "road": "บางพลี-สุขสวัสดิ์",
    "accident_count": 12,
    "deaths": 0,
    "serious_injury": 0,
    "minor_injury": 6,
    "fatal_crashes": 0,
    "injured_total": 6,
    "severity_index": 0.5,
    "level": "low",
    "economic_loss": 348000,
    "epdo_million": 0.348,
    "single_count": 4,
    "multi_count": 8,
    "single_pct": 33.3,
    "multi_pct": 66.7,
    "pattern": "multiple",
    "top_cause": "ไม่ระบุ",
    "road_feature": "ทางตรง",
    "crash_pattern": "ชนท้าย",
    "road_type": "การทางพิเศษ",
    "speed_limit": 100
   }
  },
  {
   "type": "Feature",
   "geometry": {
    "type": "Point",
    "coordinates": [
     100.786454,
     13.601417
    ]
   },
   "properties": {
    "id": "zone_156",
    "unit_type": "cluster",
    "radius_m": 35.6,
    "province": "สมุทรปราการ",
    "road": "ทางเข้าท่าอากาศยานสุวรรณภูมิ - บางวัว",
    "accident_count": 3,
    "deaths": 0,
    "serious_injury": 0,
    "minor_injury": 2,
    "fatal_crashes": 0,
    "injured_total": 2,
    "severity_index": 0.6667,
    "level": "low",
    "economic_loss": 116000,
    "epdo_million": 0.116,
    "single_count": 2,
    "multi_count": 1,
    "single_pct": 66.7,
    "multi_pct": 33.3,
    "pattern": "single",
    "top_cause": "ขับรถเร็วเกินอัตรากำหนด",
    "road_feature": "ทางตรง+ไม่มีความลาดชัน",
    "crash_pattern": "พลิกคว่ำ/ตกถนนในทางตรง",
    "road_type": "ทางหลวง",
    "speed_limit": 90
   }
  },
  {
   "type": "Feature",
   "geometry": {
    "type": "Point",
    "coordinates": [
     100.726207,
     13.626054
    ]
   },
   "properties": {
    "id": "zone_157",
    "unit_type": "cluster",
    "radius_m": 254.0,
    "province": "สมุทรปราการ",
    "road": "บางนา - ทางเข้าท่าอากาศยานสุวรรณภูมิ",
    "accident_count": 3,
    "deaths": 0,
    "serious_injury": 0,
    "minor_injury": 2,
    "fatal_crashes": 0,
    "injured_total": 2,
    "severity_index": 0.6667,
    "level": "low",
    "economic_loss": 116000,
    "epdo_million": 0.116,
    "single_count": 2,
    "multi_count": 1,
    "single_pct": 66.7,
    "multi_pct": 33.3,
    "pattern": "single",
    "top_cause": "ขับรถเร็วเกินอัตรากำหนด",
    "road_feature": "ทางตรง+ไม่มีความลาดชัน",
    "crash_pattern": "พลิกคว่ำ/ตกถนนในทางตรง",
    "road_type": "ทางหลวง",
    "speed_limit": 90
   }
  },
  {
   "type": "Feature",
   "geometry": {
    "type": "Point",
    "coordinates": [
     100.727755,
     13.625271
    ]
   },
   "properties": {
    "id": "zone_158",
    "unit_type": "cluster",
    "radius_m": 267.5,
    "province": "สมุทรปราการ",
    "road": "บางนา-ชลบุรี",
    "accident_count": 3,
    "deaths": 0,
    "serious_injury": 0,
    "minor_injury": 1,
    "fatal_crashes": 0,
    "injured_total": 1,
    "severity_index": 0.3333,
    "level": "low",
    "economic_loss": 58000,
    "epdo_million": 0.058,
    "single_count": 0,
    "multi_count": 3,
    "single_pct": 0.0,
    "multi_pct": 100.0,
    "pattern": "multiple",
    "top_cause": "ไม่ระบุ",
    "road_feature": "ทางตรง",
    "crash_pattern": "ชนท้าย",
    "road_type": "การทางพิเศษ",
    "speed_limit": 100
   }
  },
  {
   "type": "Feature",
   "geometry": {
    "type": "Point",
    "coordinates": [
     100.804379,
     13.595105
    ]
   },
   "properties": {
    "id": "zone_159",
    "unit_type": "cluster",
    "radius_m": 200.1,
    "province": "สมุทรปราการ",
    "road": "ทางเข้าท่าอากาศยานสุวรรณภูมิ - บางวัว",
    "accident_count": 3,
    "deaths": 0,
    "serious_injury": 0,
    "minor_injury": 5,
    "fatal_crashes": 0,
    "injured_total": 5,
    "severity_index": 1.6667,
    "level": "medium",
    "economic_loss": 290000,
    "epdo_million": 0.29,
    "single_count": 1,
    "multi_count": 2,
    "single_pct": 33.3,
    "multi_pct": 66.7,
    "pattern": "multiple",
    "top_cause": "หลับใน",
    "road_feature": "ทางตรง+ไม่มีความลาดชัน",
    "crash_pattern": "ชนท้าย",
    "road_type": "ทางหลวง",
    "speed_limit": 90
   }
  },
  {
   "type": "Feature",
   "geometry": {
    "type": "Point",
    "coordinates": [
     100.673331,
     13.654658
    ]
   },
   "properties": {
    "id": "zone_160",
    "unit_type": "cluster",
    "radius_m": 542.4,
    "province": "สมุทรปราการ",
    "road": "บางนา - ทางเข้าท่าอากาศยานสุวรรณภูมิ",
    "accident_count": 5,
    "deaths": 0,
    "serious_injury": 0,
    "minor_injury": 1,
    "fatal_crashes": 0,
    "injured_total": 1,
    "severity_index": 0.2,
    "level": "low",
    "economic_loss": 58000,
    "epdo_million": 0.058,
    "single_count": 3,
    "multi_count": 2,
    "single_pct": 60.0,
    "multi_pct": 40.0,
    "pattern": "single",
    "top_cause": "ขับรถเร็วเกินอัตรากำหนด",
    "road_feature": "ทางตรง+ไม่มีความลาดชัน",
    "crash_pattern": "ชนสิ่งกีดขวาง (บนผิวจราจร)",
    "road_type": "ทางหลวง",
    "speed_limit": 90
   }
  },
  {
   "type": "Feature",
   "geometry": {
    "type": "Point",
    "coordinates": [
     100.680227,
     13.641351
    ]
   },
   "properties": {
    "id": "zone_161",
    "unit_type": "cluster",
    "radius_m": 266.5,
    "province": "สมุทรปราการ",
    "road": "บางพลี-สุขสวัสดิ์",
    "accident_count": 6,
    "deaths": 0,
    "serious_injury": 0,
    "minor_injury": 3,
    "fatal_crashes": 0,
    "injured_total": 3,
    "severity_index": 0.5,
    "level": "low",
    "economic_loss": 174000,
    "epdo_million": 0.174,
    "single_count": 1,
    "multi_count": 5,
    "single_pct": 16.7,
    "multi_pct": 83.3,
    "pattern": "multiple",
    "top_cause": "ไม่ระบุ",
    "road_feature": "ทางตรง",
    "crash_pattern": "ชนท้าย",
    "road_type": "การทางพิเศษ",
    "speed_limit": 100
   }
  },
  {
   "type": "Feature",
   "geometry": {
    "type": "Point",
    "coordinates": [
     100.624454,
     13.608812
    ]
   },
   "properties": {
    "id": "zone_162",
    "unit_type": "cluster",
    "radius_m": 105.7,
    "province": "สมุทรปราการ",
    "road": "บางพลี-สุขสวัสดิ์",
    "accident_count": 3,
    "deaths": 0,
    "serious_injury": 0,
    "minor_injury": 2,
    "fatal_crashes": 0,
    "injured_total": 2,
    "severity_index": 0.6667,
    "level": "low",
    "economic_loss": 116000,
    "epdo_million": 0.116,
    "single_count": 0,
    "multi_count": 3,
    "single_pct": 0.0,
    "multi_pct": 100.0,
    "pattern": "multiple",
    "top_cause": "ไม่ระบุ",
    "road_feature": "ทางตรง",
    "crash_pattern": "ชนท้าย",
    "road_type": "การทางพิเศษ",
    "speed_limit": 100
   }
  },
  {
   "type": "Feature",
   "geometry": {
    "type": "Point",
    "coordinates": [
     100.776708,
     13.503732
    ]
   },
   "properties": {
    "id": "zone_163",
    "unit_type": "cluster",
    "radius_m": 280.5,
    "province": "สมุทรปราการ",
    "road": "บางตำหรุ - คลองด่าน",
    "accident_count": 3,
    "deaths": 0,
    "serious_injury": 0,
    "minor_injury": 1,
    "fatal_crashes": 0,
    "injured_total": 1,
    "severity_index": 0.3333,
    "level": "low",
    "economic_loss": 58000,
    "epdo_million": 0.058,
    "single_count": 2,
    "multi_count": 1,
    "single_pct": 66.7,
    "multi_pct": 33.3,
    "pattern": "single",
    "top_cause": "ขับรถเร็วเกินอัตรากำหนด",
    "road_feature": "ทางตรง+ไม่มีความลาดชัน",
    "crash_pattern": "พลิกคว่ำ/ตกถนนในทางตรง",
    "road_type": "ทางหลวง",
    "speed_limit": 90
   }
  },
  {
   "type": "Feature",
   "geometry": {
    "type": "Point",
    "coordinates": [
     100.908142,
     13.572867
    ]
   },
   "properties": {
    "id": "zone_164",
    "unit_type": "cluster",
    "radius_m": 262.0,
    "province": "สมุทรปราการ",
    "road": "ทางเข้าท่าอากาศยานสุวรรณภูมิ - บางวัว",
    "accident_count": 3,
    "deaths": 1,
    "serious_injury": 0,
    "minor_injury": 3,
    "fatal_crashes": 1,
    "injured_total": 3,
    "severity_index": 1.3333,
    "level": "medium",
    "economic_loss": 6874000,
    "epdo_million": 6.874,
    "single_count": 0,
    "multi_count": 3,
    "single_pct": 0.0,
    "multi_pct": 100.0,
    "pattern": "multiple",
    "top_cause": "ขับรถเร็วเกินอัตรากำหนด",
    "road_feature": "ทางตรง+ไม่มีความลาดชัน",
    "crash_pattern": "ชนท้าย",
    "road_type": "ทางหลวง",
    "speed_limit": 90
   }
  },
  {
   "type": "Feature",
   "geometry": {
    "type": "Point",
    "coordinates": [
     100.555612,
     13.604491
    ]
   },
   "properties": {
    "id": "zone_165",
    "unit_type": "cluster",
    "radius_m": 608.5,
    "province": "สมุทรปราการ",
    "road": "ราษฎร์บูรณะ - พระสมุทรเจดีย์",
    "accident_count": 13,
    "deaths": 1,
    "serious_injury": 1,
    "minor_injury": 18,
    "fatal_crashes": 1,
    "injured_total": 19,
    "severity_index": 1.5385,
    "level": "medium",
    "economic_loss": 9744000,
    "epdo_million": 9.744,
    "single_count": 0,
    "multi_count": 13,
    "single_pct": 0.0,
    "multi_pct": 100.0,
    "pattern": "multiple",
    "top_cause": "ขับรถเร็วเกินอัตรากำหนด",
    "road_feature": "ทางตรง+ไม่มีความลาดชัน",
    "crash_pattern": "ชนท้าย",
    "road_type": "ทางหลวง",
    "speed_limit": 90
   }
  },
  {
   "type": "Feature",
   "geometry": {
    "type": "Point",
    "coordinates": [
     100.657848,
     13.521007
    ]
   },
   "properties": {
    "id": "zone_166",
    "unit_type": "cluster",
    "radius_m": 88.0,
    "province": "สมุทรปราการ",
    "road": "ท้ายบ้าน - บางตำหรุ",
    "accident_count": 4,
    "deaths": 1,
    "serious_injury": 0,
    "minor_injury": 0,
    "fatal_crashes": 1,
    "injured_total": 0,
    "severity_index": 0.25,
    "level": "low",
    "economic_loss": 6700000,
    "epdo_million": 6.7,
    "single_count": 2,
    "multi_count": 2,
    "single_pct": 50.0,
    "multi_pct": 50.0,
    "pattern": "mixed",
    "top_cause": "ขับรถเร็วเกินอัตรากำหนด",
    "road_feature": "ทางตรง+ไม่มีความลาดชัน",
    "crash_pattern": "พลิกคว่ำ/ตกถนนในทางตรง",
    "road_type": "ทางหลวง",
    "speed_limit": 90
   }
  },
  {
   "type": "Feature",
   "geometry": {
    "type": "Point",
    "coordinates": [
     100.568581,
     13.634472
    ]
   },
   "properties": {
    "id": "zone_167",
    "unit_type": "cluster",
    "radius_m": 79.2,
    "province": "สมุทรปราการ",
    "road": "บางพลี-สุขสวัสดิ์",
    "accident_count": 5,
    "deaths": 0,
    "serious_injury": 0,
    "minor_injury": 9,
    "fatal_crashes": 0,
    "injured_total": 9,
    "severity_index": 1.8,
    "level": "medium",
    "economic_loss": 522000,
    "epdo_million": 0.522,
    "single_count": 0,
    "multi_count": 5,
    "single_pct": 0.0,
    "multi_pct": 100.0,
    "pattern": "multiple",
    "top_cause": "ไม่ระบุ",
    "road_feature": "ทางตรง",
    "crash_pattern": "ชนท้าย",
    "road_type": "การทางพิเศษ",
    "speed_limit": 100
   }
  },
  {
   "type": "Feature",
   "geometry": {
    "type": "Point",
    "coordinates": [
     100.639337,
     13.601228
    ]
   },
   "properties": {
    "id": "zone_168",
    "unit_type": "cluster",
    "radius_m": 271.6,
    "province": "สมุทรปราการ",
    "road": "บางพลี-สุขสวัสดิ์",
    "accident_count": 3,
    "deaths": 0,
    "serious_injury": 0,
    "minor_injury": 1,
    "fatal_crashes": 0,
    "injured_total": 1,
    "severity_index": 0.3333,
    "level": "low",
    "economic_loss": 58000,
    "epdo_million": 0.058,
    "single_count": 1,
    "multi_count": 2,
    "single_pct": 33.3,
    "multi_pct": 66.7,
    "pattern": "multiple",
    "top_cause": "ไม่ระบุ",
    "road_feature": "ทางตรง",
    "crash_pattern": "ชนด้านข้าง",
    "road_type": "การทางพิเศษ",
    "speed_limit": 100
   }
  },
  {
   "type": "Feature",
   "geometry": {
    "type": "Point",
    "coordinates": [
     100.615544,
     13.633816
    ]
   },
   "properties": {
    "id": "zone_169",
    "unit_type": "cluster",
    "radius_m": 528.9,
    "province": "สมุทรปราการ",
    "road": "สำโรง - บางเมือง",
    "accident_count": 4,
    "deaths": 2,
    "serious_injury": 0,
    "minor_injury": 1,
    "fatal_crashes": 2,
    "injured_total": 1,
    "severity_index": 0.75,
    "level": "low",
    "economic_loss": 13458000,
    "epdo_million": 13.458,
    "single_count": 4,
    "multi_count": 0,
    "single_pct": 100.0,
    "multi_pct": 0.0,
    "pattern": "single",
    "top_cause": "ขับรถเร็วเกินอัตรากำหนด",
    "road_feature": "ทางตรง+ไม่มีความลาดชัน",
    "crash_pattern": "พลิกคว่ำ/ตกถนนในทางตรง",
    "road_type": "ทางหลวง",
    "speed_limit": 90
   }
  },
  {
   "type": "Feature",
   "geometry": {
    "type": "Point",
    "coordinates": [
     100.650237,
     13.522653
    ]
   },
   "properties": {
    "id": "zone_170",
    "unit_type": "cluster",
    "radius_m": 240.0,
    "province": "สมุทรปราการ",
    "road": "ท้ายบ้าน - บางตำหรุ",
    "accident_count": 3,
    "deaths": 0,
    "serious_injury": 0,
    "minor_injury": 2,
    "fatal_crashes": 0,
    "injured_total": 2,
    "severity_index": 0.6667,
    "level": "low",
    "economic_loss": 116000,
    "epdo_million": 0.116,
    "single_count": 2,
    "multi_count": 1,
    "single_pct": 66.7,
    "multi_pct": 33.3,
    "pattern": "single",
    "top_cause": "ขับรถเร็วเกินอัตรากำหนด",
    "road_feature": "ทางตรง+ไม่มีความลาดชัน",
    "crash_pattern": "พลิกคว่ำ/ตกถนนในทางตรง",
    "road_type": "ทางหลวง",
    "speed_limit": 90
   }
  },
  {
   "type": "Feature",
   "geometry": {
    "type": "Point",
    "coordinates": [
     100.139591,
     13.51034
    ]
   },
   "properties": {
    "id": "zone_171",
    "unit_type": "cluster",
    "radius_m": 112.8,
    "province": "สมุทรสาคร",
    "road": "สะพานข้ามแม่น้ำท่าจีนฝั่งตะวันตก - นาโคก",
    "accident_count": 3,
    "deaths": 1,
    "serious_injury": 1,
    "minor_injury": 0,
    "fatal_crashes": 1,
    "injured_total": 1,
    "severity_index": 0.6667,
    "level": "low",
    "economic_loss": 8700000,
    "epdo_million": 8.7,
    "single_count": 1,
    "multi_count": 2,
    "single_pct": 33.3,
    "multi_pct": 66.7,
    "pattern": "multiple",
    "top_cause": "คน/รถ/สัตว์ตัดหน้ากระชั้นชิด",
    "road_feature": "ทางตรง+ไม่มีความลาดชัน",
    "crash_pattern": "ชนท้าย",
    "road_type": "ทางหลวง",
    "speed_limit": 90
   }
  },
  {
   "type": "Feature",
   "geometry": {
    "type": "Point",
    "coordinates": [
     100.316633,
     13.668472
    ]
   },
   "properties": {
    "id": "zone_172",
    "unit_type": "cluster",
    "radius_m": 96.6,
    "province": "สมุทรสาคร",
    "road": "แยกสาครเกษม - คลองมะเดื่อ",
    "accident_count": 3,
    "deaths": 5,
    "serious_injury": 0,
    "minor_injury": 5,
    "fatal_crashes": 2,
    "injured_total": 5,
    "severity_index": 2.3333,
    "level": "high",
    "economic_loss": 33790000,
    "epdo_million": 33.79,
    "single_count": 1,
    "multi_count": 2,
    "single_pct": 33.3,
    "multi_pct": 66.7,
    "pattern": "multiple",
    "top_cause": "ขับรถเร็วเกินอัตรากำหนด",
    "road_feature": "ทางตรง+ไม่มีความลาดชัน",
    "crash_pattern": "ชนท้าย",
    "road_type": "ทางหลวง",
    "speed_limit": 90
   }
  },
  {
   "type": "Feature",
   "geometry": {
    "type": "Point",
    "coordinates": [
     100.324457,
     13.686987
    ]
   },
   "properties": {
    "id": "zone_173",
    "unit_type": "cluster",
    "radius_m": 127.7,
    "province": "สมุทรสาคร",
    "road": "แยกสาครเกษม - คลองมะเดื่อ",
    "accident_count": 4,
    "deaths": 1,
    "serious_injury": 0,
    "minor_injury": 4,
    "fatal_crashes": 1,
    "injured_total": 4,
    "severity_index": 1.25,
    "level": "medium",
    "economic_loss": 6932000,
    "epdo_million": 6.932,
    "single_count": 2,
    "multi_count": 2,
    "single_pct": 50.0,
    "multi_pct": 50.0,
    "pattern": "mixed",
    "top_cause": "ขับรถเร็วเกินอัตรากำหนด",
    "road_feature": "ทางตรง+ไม่มีความลาดชัน",
    "crash_pattern": "พลิกคว่ำ/ตกถนนในทางตรง",
    "road_type": "ทางหลวง",
    "speed_limit": 90
   }
  },
  {
   "type": "Feature",
   "geometry": {
    "type": "Point",
    "coordinates": [
     100.292819,
     13.57245
    ]
   },
   "properties": {
    "id": "zone_174",
    "unit_type": "cluster",
    "radius_m": 756.6,
    "province": "สมุทรสาคร",
    "road": "แสมดำ - สะพานข้ามแม่น้ำท่าจีนฝั่งตะวันตก",
    "accident_count": 20,
    "deaths": 0,
    "serious_injury": 3,
    "minor_injury": 6,
    "fatal_crashes": 0,
    "injured_total": 9,
    "severity_index": 0.45,
    "level": "low",
    "economic_loss": 6348000,
    "epdo_million": 6.348,
    "single_count": 5,
    "multi_count": 15,
    "single_pct": 25.0,
    "multi_pct": 75.0,
    "pattern": "multiple",
    "top_cause": "คน/รถ/สัตว์ตัดหน้ากระชั้นชิด",
    "road_feature": "ทางตรง+ไม่มีความลาดชัน",
    "crash_pattern": "ชนท้าย",
    "road_type": "ทางหลวง",
    "speed_limit": 90
   }
  },
  {
   "type": "Feature",
   "geometry": {
    "type": "Point",
    "coordinates": [
     100.274344,
     13.560403
    ]
   },
   "properties": {
    "id": "zone_175",
    "unit_type": "cluster",
    "radius_m": 845.2,
    "province": "สมุทรสาคร",
    "road": "แสมดำ - สะพานข้ามแม่น้ำท่าจีนฝั่งตะวันตก",
    "accident_count": 22,
    "deaths": 2,
    "serious_injury": 1,
    "minor_injury": 8,
    "fatal_crashes": 2,
    "injured_total": 9,
    "severity_index": 0.5,
    "level": "low",
    "economic_loss": 15864000,
    "epdo_million": 15.864,
    "single_count": 7,
    "multi_count": 15,
    "single_pct": 31.8,
    "multi_pct": 68.2,
    "pattern": "multiple",
    "top_cause": "ขับรถเร็วเกินอัตรากำหนด",
    "road_feature": "ทางตรง+ไม่มีความลาดชัน",
    "crash_pattern": "ชนท้าย",
    "road_type": "ทางหลวง",
    "speed_limit": 90
   }
  },
  {
   "type": "Feature",
   "geometry": {
    "type": "Point",
    "coordinates": [
     100.214333,
     13.534463
    ]
   },
   "properties": {
    "id": "zone_176",
    "unit_type": "cluster",
    "radius_m": 3341.6,
    "province": "สมุทรสาคร",
    "road": "สะพานข้ามแม่น้ำท่าจีนฝั่งตะวันตก - นาโคก",
    "accident_count": 42,
    "deaths": 2,
    "serious_injury": 0,
    "minor_injury": 19,
    "fatal_crashes": 2,
    "injured_total": 19,
    "severity_index": 0.5,
    "level": "low",
    "economic_loss": 14502000,
    "epdo_million": 14.502,
    "single_count": 11,
    "multi_count": 31,
    "single_pct": 26.2,
    "multi_pct": 73.8,
    "pattern": "multiple",
    "top_cause": "ขับรถเร็วเกินอัตรากำหนด",
    "road_feature": "ทางตรง+ไม่มีความลาดชัน",
    "crash_pattern": "ชนท้าย",
    "road_type": "ทางหลวง",
    "speed_limit": 90
   }
  },
  {
   "type": "Feature",
   "geometry": {
    "type": "Point",
    "coordinates": [
     100.180504,
     13.523131
    ]
   },
   "properties": {
    "id": "zone_177",
    "unit_type": "cluster",
    "radius_m": 752.0,
    "province": "สมุทรสาคร",
    "road": "สะพานข้ามแม่น้ำท่าจีนฝั่งตะวันตก - นาโคก",
    "accident_count": 17,
    "deaths": 0,
    "serious_injury": 0,
    "minor_injury": 10,
    "fatal_crashes": 0,
    "injured_total": 10,
    "severity_index": 0.5882,
    "level": "low",
    "economic_loss": 580000,
    "epdo_million": 0.58,
    "single_count": 3,
    "multi_count": 14,
    "single_pct": 17.6,
    "multi_pct": 82.4,
    "pattern": "multiple",
    "top_cause": "ขับรถเร็วเกินอัตรากำหนด",
    "road_feature": "ทางตรง+ไม่มีความลาดชัน",
    "crash_pattern": "ชนท้าย",
    "road_type": "ทางหลวง",
    "speed_limit": 90
   }
  },
  {
   "type": "Feature",
   "geometry": {
    "type": "Point",
    "coordinates": [
     100.283449,
     13.598762
    ]
   },
   "properties": {
    "id": "zone_178",
    "unit_type": "cluster",
    "radius_m": 134.1,
    "province": "สมุทรสาคร",
    "road": "อ้อมน้อย - สมุทรสาคร",
    "accident_count": 4,
    "deaths": 0,
    "serious_injury": 0,
    "minor_injury": 2,
    "fatal_crashes": 0,
    "injured_total": 2,
    "severity_index": 0.5,
    "level": "low",
    "economic_loss": 116000,
    "epdo_million": 0.116,
    "single_count": 3,
    "multi_count": 1,
    "single_pct": 75.0,
    "multi_pct": 25.0,
    "pattern": "single",
    "top_cause": "ขับรถเร็วเกินอัตรากำหนด",
    "road_feature": "ทางตรง+ไม่มีความลาดชัน",
    "crash_pattern": "พลิกคว่ำ/ตกถนนในทางตรง",
    "road_type": "ทางหลวง",
    "speed_limit": 90
   }
  },
  {
   "type": "Feature",
   "geometry": {
    "type": "Point",
    "coordinates": [
     100.119739,
     13.482699
    ]
   },
   "properties": {
    "id": "zone_179",
    "unit_type": "cluster",
    "radius_m": 178.3,
    "province": "สมุทรสาคร",
    "road": "สะพานข้ามแม่น้ำท่าจีนฝั่งตะวันตก - นาโคก",
    "accident_count": 3,
    "deaths": 0,
    "serious_injury": 0,
    "minor_injury": 2,
    "fatal_crashes": 0,
    "injured_total": 2,
    "severity_index": 0.6667,
    "level": "low",
    "economic_loss": 116000,
    "epdo_million": 0.116,
    "single_count": 1,
    "multi_count": 2,
    "single_pct": 33.3,
    "multi_pct": 66.7,
    "pattern": "multiple",
    "top_cause": "ขับรถเร็วเกินอัตรากำหนด",
    "road_feature": "ทางตรง+ไม่มีความลาดชัน",
    "crash_pattern": "ชนท้าย",
    "road_type": "ทางหลวง",
    "speed_limit": 90
   }
  },
  {
   "type": "Feature",
   "geometry": {
    "type": "Point",
    "coordinates": [
     100.347761,
     13.616285
    ]
   },
   "properties": {
    "id": "zone_180",
    "unit_type": "cluster",
    "radius_m": 1149.3,
    "province": "สมุทรสาคร",
    "road": "สมุทรสาคร - บางบอน",
    "accident_count": 15,
    "deaths": 1,
    "serious_injury": 1,
    "minor_injury": 9,
    "fatal_crashes": 1,
    "injured_total": 10,
    "severity_index": 0.7333,
    "level": "low",
    "economic_loss": 9222000,
    "epdo_million": 9.222,
    "single_count": 10,
    "multi_count": 5,
    "single_pct": 66.7,
    "multi_pct": 33.3,
    "pattern": "single",
    "top_cause": "ขับรถเร็วเกินอัตรากำหนด",
    "road_feature": "ทางตรง+ไม่มีความลาดชัน",
    "crash_pattern": "พลิกคว่ำ/ตกถนนในทางตรง",
    "road_type": "ทางหลวง",
    "speed_limit": 90
   }
  },
  {
   "type": "Feature",
   "geometry": {
    "type": "Point",
    "coordinates": [
     100.320124,
     13.586036
    ]
   },
   "properties": {
    "id": "zone_181",
    "unit_type": "cluster",
    "radius_m": 1116.9,
    "province": "สมุทรสาคร",
    "road": "แสมดำ - สะพานข้ามแม่น้ำท่าจีนฝั่งตะวันตก",
    "accident_count": 16,
    "deaths": 1,
    "serious_injury": 0,
    "minor_injury": 3,
    "fatal_crashes": 1,
    "injured_total": 3,
    "severity_index": 0.25,
    "level": "low",
    "economic_loss": 6874000,
    "epdo_million": 6.874,
    "single_count": 5,
    "multi_count": 11,
    "single_pct": 31.2,
    "multi_pct": 68.8,
    "pattern": "multiple",
    "top_cause": "ขับรถเร็วเกินอัตรากำหนด",
    "road_feature": "ทางตรง+ไม่มีความลาดชัน",
    "crash_pattern": "ชนท้าย",
    "road_type": "ทางหลวง",
    "speed_limit": 90
   }
  },
  {
   "type": "Feature",
   "geometry": {
    "type": "Point",
    "coordinates": [
     100.333539,
     13.591179
    ]
   },
   "properties": {
    "id": "zone_182",
    "unit_type": "cluster",
    "radius_m": 510.3,
    "province": "สมุทรสาคร",
    "road": "แสมดำ - สะพานข้ามแม่น้ำท่าจีนฝั่งตะวันตก",
    "accident_count": 9,
    "deaths": 1,
    "serious_injury": 2,
    "minor_injury": 5,
    "fatal_crashes": 1,
    "injured_total": 7,
    "severity_index": 0.8889,
    "level": "low",
    "economic_loss": 10990000,
    "epdo_million": 10.99,
    "single_count": 5,
    "multi_count": 4,
    "single_pct": 55.6,
    "multi_pct": 44.4,
    "pattern": "mixed",
    "top_cause": "ขับรถเร็วเกินอัตรากำหนด",
    "road_feature": "ทางตรง+ไม่มีความลาดชัน",
    "crash_pattern": "ชนท้าย",
    "road_type": "ทางหลวง",
    "speed_limit": 90
   }
  },
  {
   "type": "Feature",
   "geometry": {
    "type": "Point",
    "coordinates": [
     100.262108,
     13.549045
    ]
   },
   "properties": {
    "id": "zone_183",
    "unit_type": "cluster",
    "radius_m": 274.1,
    "province": "สมุทรสาคร",
    "road": "แสมดำ - สะพานข้ามแม่น้ำท่าจีนฝั่งตะวันตก",
    "accident_count": 5,
    "deaths": 0,
    "serious_injury": 1,
    "minor_injury": 3,
    "fatal_crashes": 0,
    "injured_total": 4,
    "severity_index": 0.8,
    "level": "low",
    "economic_loss": 2174000,
    "epdo_million": 2.174,
    "single_count": 2,
    "multi_count": 3,
    "single_pct": 40.0,
    "multi_pct": 60.0,
    "pattern": "multiple",
    "top_cause": "หลับใน",
    "road_feature": "ทางตรง+ไม่มีความลาดชัน",
    "crash_pattern": "ชนท้าย",
    "road_type": "ทางหลวง",
    "speed_limit": 90
   }
  },
  {
   "type": "Feature",
   "geometry": {
    "type": "Point",
    "coordinates": [
     100.363007,
     13.630899
    ]
   },
   "properties": {
    "id": "zone_184",
    "unit_type": "cluster",
    "radius_m": 180.4,
    "province": "สมุทรสาคร",
    "road": "สมุทรสาคร - บางบอน",
    "accident_count": 4,
    "deaths": 0,
    "serious_injury": 0,
    "minor_injury": 3,
    "fatal_crashes": 0,
    "injured_total": 3,
    "severity_index": 0.75,
    "level": "low",
    "economic_loss": 174000,
    "epdo_million": 0.174,
    "single_count": 4,
    "multi_count": 0,
    "single_pct": 100.0,
    "multi_pct": 0.0,
    "pattern": "single",
    "top_cause": "ขับรถเร็วเกินอัตรากำหนด",
    "road_feature": "ทางตรง+ไม่มีความลาดชัน",
    "crash_pattern": "พลิกคว่ำ/ตกถนนในทางตรง",
    "road_type": "ทางหลวง",
    "speed_limit": 90
   }
  },
  {
   "type": "Feature",
   "geometry": {
    "type": "Point",
    "coordinates": [
     100.328656,
     13.694969
    ]
   },
   "properties": {
    "id": "zone_185",
    "unit_type": "cluster",
    "radius_m": 359.7,
    "province": "สมุทรสาคร",
    "road": "แยกสาครเกษม - คลองมะเดื่อ",
    "accident_count": 4,
    "deaths": 0,
    "serious_injury": 0,
    "minor_injury": 1,
    "fatal_crashes": 0,
    "injured_total": 1,
    "severity_index": 0.25,
    "level": "low",
    "economic_loss": 58000,
    "epdo_million": 0.058,
    "single_count": 4,
    "multi_count": 0,
    "single_pct": 100.0,
    "multi_pct": 0.0,
    "pattern": "single",
    "top_cause": "ขับรถเร็วเกินอัตรากำหนด",
    "road_feature": "ทางตรง+ไม่มีความลาดชัน",
    "crash_pattern": "พลิกคว่ำ/ตกถนนในทางตรง",
    "road_type": "ทางหลวง",
    "speed_limit": 90
   }
  },
  {
   "type": "Feature",
   "geometry": {
    "type": "Point",
    "coordinates": [
     100.283127,
     13.567477
    ]
   },
   "properties": {
    "id": "zone_186",
    "unit_type": "cluster",
    "radius_m": 101.7,
    "province": "สมุทรสาคร",
    "road": "แสมดำ - สะพานข้ามแม่น้ำท่าจีนฝั่งตะวันตก",
    "accident_count": 4,
    "deaths": 0,
    "serious_injury": 0,
    "minor_injury": 7,
    "fatal_crashes": 0,
    "injured_total": 7,
    "severity_index": 1.75,
    "level": "medium",
    "economic_loss": 406000,
    "epdo_million": 0.406,
    "single_count": 1,
    "multi_count": 3,
    "single_pct": 25.0,
    "multi_pct": 75.0,
    "pattern": "multiple",
    "top_cause": "บรรทุกเกินอัตรา",
    "road_feature": "ทางตรง+ไม่มีความลาดชัน",
    "crash_pattern": "ชนท้าย",
    "road_type": "ทางหลวง",
    "speed_limit": 90
   }
  },
  {
   "type": "Feature",
   "geometry": {
    "type": "Point",
    "coordinates": [
     100.337769,
     13.602446
    ]
   },
   "properties": {
    "id": "zone_187",
    "unit_type": "cluster",
    "radius_m": 310.9,
    "province": "สมุทรสาคร",
    "road": "สมุทรสาคร - บางบอน",
    "accident_count": 3,
    "deaths": 0,
    "serious_injury": 0,
    "minor_injury": 2,
    "fatal_crashes": 0,
    "injured_total": 2,
    "severity_index": 0.6667,
    "level": "low",
    "economic_loss": 116000,
    "epdo_million": 0.116,
    "single_count": 2,
    "multi_count": 1,
    "single_pct": 66.7,
    "multi_pct": 33.3,
    "pattern": "single",
    "top_cause": "ขับรถเร็วเกินอัตรากำหนด",
    "road_feature": "ทางตรง+ไม่มีความลาดชัน",
    "crash_pattern": "พลิกคว่ำ/ตกถนนในทางตรง",
    "road_type": "ทางหลวง",
    "speed_limit": 90
   }
  },
  {
   "type": "Feature",
   "geometry": {
    "type": "Point",
    "coordinates": [
     100.332138,
     13.595492
    ]
   },
   "properties": {
    "id": "zone_188",
    "unit_type": "cluster",
    "radius_m": 285.0,
    "province": "สมุทรสาคร",
    "road": "สมุทรสาคร - บางบอน",
    "accident_count": 3,
    "deaths": 0,
    "serious_injury": 0,
    "minor_injury": 2,
    "fatal_crashes": 0,
    "injured_total": 2,
    "severity_index": 0.6667,
    "level": "low",
    "economic_loss": 116000,
    "epdo_million": 0.116,
    "single_count": 3,
    "multi_count": 0,
    "single_pct": 100.0,
    "multi_pct": 0.0,
    "pattern": "single",
    "top_cause": "ขับรถเร็วเกินอัตรากำหนด",
    "road_feature": "ทางตรง+ไม่มีความลาดชัน",
    "crash_pattern": "พลิกคว่ำ/ตกถนนในทางตรง",
    "road_type": "ทางหลวง",
    "speed_limit": 90
   }
  },
  {
   "type": "Feature",
   "geometry": {
    "type": "Point",
    "coordinates": [
     100.321069,
     13.680388
    ]
   },
   "properties": {
    "id": "zone_189",
    "unit_type": "cluster",
    "radius_m": 267.0,
    "province": "สมุทรสาคร",
    "road": "แยกสาครเกษม - คลองมะเดื่อ",
    "accident_count": 3,
    "deaths": 0,
    "serious_injury": 0,
    "minor_injury": 0,
    "fatal_crashes": 0,
    "injured_total": 0,
    "severity_index": 0.0,
    "level": "low",
    "economic_loss": 0,
    "epdo_million": 0.0,
    "single_count": 3,
    "multi_count": 0,
    "single_pct": 100.0,
    "multi_pct": 0.0,
    "pattern": "single",
    "top_cause": "ขับรถเร็วเกินอัตรากำหนด",
    "road_feature": "ทางตรง+ไม่มีความลาดชัน",
    "crash_pattern": "พลิกคว่ำ/ตกถนนในทางตรง",
    "road_type": "ทางหลวง",
    "speed_limit": 90
   }
  },
  {
   "type": "Feature",
   "geometry": {
    "type": "Point",
    "coordinates": [
     100.115462,
     13.474035
    ]
   },
   "properties": {
    "id": "zone_190",
    "unit_type": "cluster",
    "radius_m": 306.2,
    "province": "สมุทรสาคร",
    "road": "สะพานข้ามแม่น้ำท่าจีนฝั่งตะวันตก - นาโคก",
    "accident_count": 3,
    "deaths": 0,
    "serious_injury": 0,
    "minor_injury": 10,
    "fatal_crashes": 0,
    "injured_total": 10,
    "severity_index": 3.3333,
    "level": "high",
    "economic_loss": 580000,
    "epdo_million": 0.58,
    "single_count": 2,
    "multi_count": 1,
    "single_pct": 66.7,
    "multi_pct": 33.3,
    "pattern": "single",
    "top_cause": "ขับรถเร็วเกินอัตรากำหนด",
    "road_feature": "ทางตรง+ไม่มีความลาดชัน",
    "crash_pattern": "พลิกคว่ำ/ตกถนนในทางตรง",
    "road_type": "ทางหลวง",
    "speed_limit": 90
   }
  },
  {
   "type": "Feature",
   "geometry": {
    "type": "Point",
    "coordinates": [
     100.174938,
     13.538555
    ]
   },
   "properties": {
    "id": "zone_191",
    "unit_type": "cluster",
    "radius_m": 384.8,
    "province": "สมุทรสาคร",
    "road": "บ้านบ่อ - พระประโทน",
    "accident_count": 3,
    "deaths": 0,
    "serious_injury": 0,
    "minor_injury": 2,
    "fatal_crashes": 0,
    "injured_total": 2,
    "severity_index": 0.6667,
    "level": "low",
    "economic_loss": 116000,
    "epdo_million": 0.116,
    "single_count": 2,
    "multi_count": 1,
    "single_pct": 66.7,
    "multi_pct": 33.3,
    "pattern": "single",
    "top_cause": "ขับรถเร็วเกินอัตรากำหนด",
    "road_feature": "ทางตรง+ไม่มีความลาดชัน",
    "crash_pattern": "พลิกคว่ำ/ตกถนนในทางตรง",
    "road_type": "ทางหลวง",
    "speed_limit": 90
   }
  }
 ]
}